timestamp,hand_detected,cursor_held,finger_mode,index_extended,middle_extended,raw_x,raw_y,virtual_x,virtual_y,inside_window,inside_interaction,state,target_block
9034.966,False,False,ONE_FINGER,False,False,,,,,False,False,TRACKING,
9036.040,True,False,ONE_FINGER,False,False,,,,,False,False,TRACKING,
9036.239,True,False,ONE_FINGER,False,False,,,,,False,False,TRACKING,
9036.434,True,False,ONE_FINGER,False,False,,,,,False,False,TRACKING,
9036.626,True,False,ONE_FINGER,True,False,0.54134,0.36059,541,508,True,True,BLOCK_HOVER,wood_5
9036.835,True,False,ONE_FINGER,True,False,0.51278,0.47542,512,670,True,True,BLOCK_ARMED,wood_5
9037.026,True,False,ONE_FINGER,True,False,0.54701,0.30243,547,426,True,True,BLOCK_HOVER,wood_5
9037.233,True,False,ONE_FINGER,True,False,0.64486,0.22002,644,310,True,True,BLOCK_HOVER,wood_5
9037.426,True,False,ONE_FINGER,True,False,0.58507,0.26080,585,368,True,True,BLOCK_ARMED,wood_5
9037.635,True,False,ONE_FINGER,True,False,0.51097,0.43258,510,610,True,True,BLOCK_HOVER,wood_5
9037.825,True,False,ONE_FINGER,True,False,0.52444,0.20348,524,287,True,True,BLOCK_HOVER,wood_5
9038.035,True,False,ONE_FINGER,True,False,0.58278,0.17175,582,242,True,True,SWIPING,wood_5
9038.226,True,False,ONE_FINGER,True,False,0.55704,0.21703,557,306,True,True,SWIPING,wood_5
9038.436,True,False,ONE_FINGER,False,False,,,,,False,False,SWIPING,wood_5
9038.626,True,False,ONE_FINGER,False,False,,,,,False,False,SWIPING,wood_5
9038.834,True,False,ONE_FINGER,False,False,,,,,False,False,FAILED,wood_5
9039.026,True,False,ONE_FINGER,False,False,,,,,False,False,FAILED,wood_5
9039.233,True,False,ONE_FINGER,False,False,,,,,False,False,TRACKING,
9039.424,True,False,ONE_FINGER,False,False,,,,,False,False,TRACKING,
9039.636,True,False,ONE_FINGER,False,False,,,,,False,False,TRACKING,
9039.828,True,False,ONE_FINGER,True,False,0.49310,0.50785,493,716,False,True,BLOCK_HOVER,wood_5
9040.034,True,False,ONE_FINGER,True,False,0.49885,0.40144,498,566,True,True,BLOCK_HOVER,wood_5
9040.226,True,False,ONE_FINGER,True,False,0.49701,0.40803,497,575,True,True,BLOCK_ARMED,wood_5
9040.434,True,False,ONE_FINGER,True,False,0.49190,0.42959,491,606,True,True,BLOCK_ARMED,wood_5
9040.624,True,False,ONE_FINGER,True,False,0.50061,0.20249,500,285,True,True,SWIPING,wood_5
9040.835,True,False,ONE_FINGER,True,False,0.52962,0.20195,529,285,True,True,SWIPING,wood_5
9041.026,True,False,ONE_FINGER,True,False,0.52558,0.21326,525,300,True,True,BLOCK_REMOVED,wood_5
9041.234,True,False,ONE_FINGER,True,False,0.52118,0.23678,521,334,True,True,BLOCK_HOVER,wood_4
9041.427,True,False,ONE_FINGER,True,False,0.51899,0.27227,518,384,True,True,BLOCK_ARMED,wood_4
9041.636,True,False,ONE_FINGER,False,False,,,,,False,False,BLOCK_ARMED,wood_4
9041.825,True,False,ONE_FINGER,True,False,0.49438,0.30556,494,431,True,True,BLOCK_ARMED,wood_4
9042.034,True,False,ONE_FINGER,True,False,0.55052,0.21657,550,305,True,True,BLOCK_ARMED,wood_4
9042.225,True,False,ONE_FINGER,True,False,0.52954,0.25103,529,354,True,True,BLOCK_ARMED,wood_4
9042.433,True,False,ONE_FINGER,True,False,0.50581,0.30419,505,429,True,True,BLOCK_ARMED,wood_4
9042.626,True,False,ONE_FINGER,True,False,0.49139,0.37567,491,530,True,True,BLOCK_HOVER,wood_4
9042.834,True,False,ONE_FINGER,True,False,0.46999,0.47805,469,674,True,True,BLOCK_HOVER,wood_4
9043.027,True,False,ONE_FINGER,True,False,0.46527,0.51544,465,727,False,True,TRACKING,
9043.233,True,False,ONE_FINGER,True,False,0.47617,0.38192,476,539,True,True,BLOCK_HOVER,wood_4
9043.427,True,False,ONE_FINGER,True,False,0.55726,0.25777,557,363,True,True,BLOCK_ARMED,wood_4
9043.633,True,False,ONE_FINGER,True,False,0.54851,0.24689,548,348,True,True,SWIPING,wood_4
9043.826,True,False,ONE_FINGER,True,False,0.52963,0.26472,529,373,True,True,SWIPING,wood_4
9044.034,True,False,ONE_FINGER,True,False,0.48012,0.39575,480,558,True,True,SWIPING,wood_4
9044.225,True,False,ONE_FINGER,True,False,0.46508,0.42121,465,594,True,True,SWIPING,wood_4
9044.432,True,False,ONE_FINGER,True,False,0.46741,0.44754,467,631,True,True,SWIPING,wood_4
9044.626,True,False,ONE_FINGER,False,False,,,,,False,False,SWIPING,wood_4
9044.835,True,False,ONE_FINGER,False,False,,,,,False,False,FAILED,wood_4
9045.026,True,False,ONE_FINGER,False,False,,,,,False,False,FAILED,wood_4
9045.234,True,False,ONE_FINGER,False,False,,,,,False,False,TRACKING,
9045.426,True,False,ONE_FINGER,False,False,,,,,False,False,TRACKING,
9045.634,True,False,ONE_FINGER,True,False,0.44815,0.46236,448,652,True,True,BLOCK_HOVER,wood_4
9045.826,True,False,ONE_FINGER,True,False,0.45146,0.45873,451,647,True,True,BLOCK_ARMED,wood_4
9046.032,True,False,ONE_FINGER,True,False,0.44984,0.44078,449,622,True,True,BLOCK_ARMED,wood_4
9046.224,True,False,ONE_FINGER,True,False,0.45437,0.22587,454,318,True,True,SWIPING,wood_4
9046.433,True,False,ONE_FINGER,True,False,0.50252,0.19047,502,268,True,True,SWIPING,wood_4
9046.629,True,False,ONE_FINGER,True,False,0.50995,0.23912,509,337,True,True,BLOCK_HOVER,wood_3
9046.835,True,False,ONE_FINGER,True,False,0.50616,0.25451,506,359,True,True,BLOCK_HOVER,wood_3
9047.026,True,False,ONE_FINGER,True,False,0.50882,0.27190,508,383,True,True,BLOCK_ARMED,wood_3
9047.233,True,False,ONE_FINGER,False,False,,,,,False,False,BLOCK_ARMED,wood_3
9047.426,True,False,ONE_FINGER,True,False,0.45616,0.43840,456,618,True,True,TRACKING,
9047.633,True,False,ONE_FINGER,True,False,0.45174,0.45701,451,644,True,True,BLOCK_HOVER,wood_3
9047.825,True,False,ONE_FINGER,True,False,0.45028,0.43909,450,619,True,True,BLOCK_ARMED,wood_3
9048.033,True,False,ONE_FINGER,True,False,0.45982,0.26783,459,377,True,True,SWIPING,wood_3
9048.226,True,False,ONE_FINGER,True,False,0.52306,0.20482,523,289,True,True,SWIPING,wood_3
9048.435,True,False,ONE_FINGER,True,False,0.54529,0.24643,545,347,True,True,SWIPING,wood_3
9048.624,True,False,ONE_FINGER,True,False,0.52229,0.25006,522,352,True,True,SWIPING,wood_3
9048.834,True,False,ONE_FINGER,True,False,0.51788,0.25840,517,364,True,True,SWIPING,wood_3
9049.026,True,False,ONE_FINGER,True,False,0.51413,0.26336,514,371,True,True,SWIPING,wood_3
9049.234,True,False,ONE_FINGER,True,False,0.51611,0.21535,516,303,True,True,BLOCK_REMOVED,wood_3
9049.425,True,False,ONE_FINGER,True,False,0.51578,0.19884,515,280,True,True,BLOCK_HOVER,wood_2
9049.634,True,False,ONE_FINGER,True,False,0.52456,0.11233,524,158,True,True,BLOCK_ARMED,wood_2
9049.826,True,False,ONE_FINGER,True,False,0.54855,0.00000,548,0,True,True,SWIPING,wood_2
9050.034,True,False,ONE_FINGER,True,False,0.54683,0.09031,546,127,True,True,SWIPING,wood_2
9050.226,True,False,ONE_FINGER,False,False,,,,,False,False,SWIPING,wood_2
9050.435,True,False,ONE_FINGER,False,False,,,,,False,False,FAILED,wood_2
9050.626,True,False,ONE_FINGER,False,False,,,,,False,False,FAILED,wood_2
9050.833,True,False,ONE_FINGER,False,False,,,,,False,False,TRACKING,
9051.026,True,False,ONE_FINGER,False,False,,,,,False,False,TRACKING,
9051.238,True,False,ONE_FINGER,False,False,,,,,False,False,TRACKING,
9051.426,True,False,ONE_FINGER,False,False,,,,,False,False,TRACKING,
9051.634,True,False,ONE_FINGER,True,False,0.55127,0.29223,551,412,True,True,BLOCK_HOVER,wood_2
9051.826,True,False,ONE_FINGER,True,False,0.55419,0.25745,554,363,True,True,BLOCK_ARMED,wood_2
9052.033,True,False,ONE_FINGER,True,False,0.57539,0.15639,575,220,True,True,SWIPING,wood_2
9052.225,True,False,ONE_FINGER,True,False,0.50503,0.46004,505,649,True,True,SWIPING,wood_2
9052.434,True,False,ONE_FINGER,True,False,0.49698,0.48282,496,681,True,True,SWIPING,wood_2
9052.625,True,False,ONE_FINGER,True,False,0.49926,0.36866,499,520,True,True,SWIPING,wood_2
9052.834,True,False,ONE_FINGER,True,False,0.55152,0.01251,551,17,True,True,SWIPING,wood_2
9053.025,True,False,ONE_FINGER,True,False,0.59693,0.00000,596,0,True,True,SWIPING,wood_2
9053.235,True,False,ONE_FINGER,True,False,0.59487,0.00000,594,0,True,True,SWIPING,wood_2
9053.424,True,False,ONE_FINGER,True,False,0.61237,0.00000,612,0,True,True,BLOCK_REMOVED,wood_2
9053.525,True,False,ONE_FINGER,True,False,0.63907,0.00000,639,0,True,True,BLOCK_HOVER,wood_1
9053.633,True,False,ONE_FINGER,False,False,,,,,False,False,BLOCK_HOVER,wood_1
9053.825,True,False,ONE_FINGER,False,False,,,,,False,False,BLOCK_HOVER,wood_1
9054.033,True,False,ONE_FINGER,False,False,,,,,False,False,TRACKING,
9054.224,True,False,ONE_FINGER,False,False,,,,,False,False,TRACKING,
9054.433,True,False,ONE_FINGER,False,False,,,,,False,False,TRACKING,
9054.625,True,False,ONE_FINGER,True,False,0.47899,0.36111,478,509,True,True,BLOCK_HOVER,wood_1
9054.835,True,False,ONE_FINGER,True,False,0.49293,0.31928,492,450,True,True,BLOCK_HOVER,wood_1
9055.025,True,False,ONE_FINGER,False,False,,,,,False,False,BLOCK_ARMED,wood_1
9055.233,True,False,ONE_FINGER,True,False,0.47518,0.43390,475,612,True,True,BLOCK_HOVER,wood_1
9055.426,True,False,ONE_FINGER,True,False,0.47956,0.38238,479,539,True,True,BLOCK_HOVER,wood_1
9055.634,True,False,ONE_FINGER,True,False,0.49152,0.31731,491,447,True,True,SWIPING,wood_1
9055.825,True,False,ONE_FINGER,True,False,0.52027,0.12531,520,176,True,True,SWIPING,wood_1
9056.032,True,False,ONE_FINGER,True,False,0.52564,0.13913,525,196,True,True,SWIPING,wood_1
9056.225,True,False,ONE_FINGER,True,False,0.52738,0.21726,527,306,True,True,SWIPING,wood_1
9056.433,True,False,ONE_FINGER,True,False,0.53545,0.17672,535,249,True,True,SWIPING,wood_1
9056.625,True,False,ONE_FINGER,True,False,0.55870,0.08406,558,118,True,True,SWIPING,wood_1
9056.835,True,False,ONE_FINGER,True,False,0.60272,0.03122,602,44,True,True,BLOCK_REMOVED,wood_1
9057.025,True,False,ONE_FINGER,True,False,0.60791,0.04763,607,67,True,True,BLOCK_REMOVED,wood_1
9057.233,True,False,ONE_FINGER,True,False,0.60691,0.11376,606,160,True,True,BLOCK_REMOVED,wood_1
9057.424,True,False,ONE_FINGER,False,False,,,,,False,False,BLOCK_REMOVED,wood_1
9057.632,True,False,ONE_FINGER,False,False,,,,,False,False,BLOCK_REMOVED,wood_1
9057.824,True,False,ONE_FINGER,False,False,,,,,False,False,BLOCK_REMOVED,wood_1
9058.034,True,False,ONE_FINGER,False,False,,,,,False,False,BLOCK_REMOVED,wood_1
9058.224,True,False,ONE_FINGER,False,False,,,,,False,False,BLOCK_REMOVED,wood_1
9058.433,True,False,ONE_FINGER,False,False,,,,,False,False,BLOCK_REMOVED,wood_1
9058.624,False,False,ONE_FINGER,False,False,,,,,False,False,BLOCK_REMOVED,wood_1
9058.834,False,False,ONE_FINGER,False,False,,,,,False,False,BLOCK_REMOVED,wood_1
9058.937,False,False,ONE_FINGER,False,False,,,,,False,False,BLOCK_REMOVED,wood_1
9059.127,False,False,ONE_FINGER,False,False,,,,,False,False,BLOCK_REMOVED,wood_1
9059.238,False,False,ONE_FINGER,False,False,,,,,False,False,BLOCK_REMOVED,wood_1
9059.346,False,False,ONE_FINGER,False,False,,,,,False,False,BLOCK_REMOVED,wood_1
9059.526,False,False,ONE_FINGER,False,False,,,,,False,False,BLOCK_REMOVED,wood_1
9059.639,False,False,ONE_FINGER,False,False,,,,,False,False,BLOCK_REMOVED,wood_1
9059.826,False,False,ONE_FINGER,False,False,,,,,False,False,BLOCK_REMOVED,wood_1
9059.927,False,False,ONE_FINGER,False,False,,,,,False,False,BLOCK_REMOVED,wood_1
9060.039,False,False,ONE_FINGER,False,False,,,,,False,False,BLOCK_REMOVED,wood_1
9060.232,False,False,ONE_FINGER,False,False,,,,,False,False,TRACKING,
9060.434,False,False,ONE_FINGER,False,False,,,,,False,False,TRACKING,
9060.537,False,False,ONE_FINGER,False,False,,,,,False,False,TRACKING,
9060.697,False,False,ONE_FINGER,False,False,,,,,False,False,TRACKING,
9060.840,False,False,ONE_FINGER,False,False,,,,,False,False,TRACKING,
9061.034,False,False,ONE_FINGER,False,False,,,,,False,False,TRACKING,
9061.241,False,False,ONE_FINGER,False,False,,,,,False,False,TRACKING,
9061.426,False,False,ONE_FINGER,False,False,,,,,False,False,TRACKING,
9061.530,False,False,ONE_FINGER,False,False,,,,,False,False,TRACKING,
9061.635,True,False,ONE_FINGER,True,False,0.46375,0.46804,463,660,True,True,BLOCK_HOVER,wood_5
9061.737,True,False,ONE_FINGER,True,False,0.56378,0.34840,563,491,True,True,BLOCK_HOVER,wood_5
9061.922,True,False,ONE_FINGER,True,False,0.66112,0.24211,661,341,True,True,BLOCK_ARMED,wood_5
9062.034,True,False,ONE_FINGER,True,False,0.65400,0.25042,654,353,True,True,SWIPING,wood_5
9062.225,True,False,ONE_FINGER,True,False,0.63444,0.26726,634,377,True,True,SWIPING,wood_5
9062.436,True,False,ONE_FINGER,True,False,0.61928,0.31108,619,439,True,True,SWIPING,wood_5
9062.626,True,False,ONE_FINGER,True,False,0.61246,0.27493,612,388,True,True,SWIPING,wood_5
9062.834,True,False,ONE_FINGER,True,False,0.62741,0.14695,627,207,True,True,SWIPING,wood_5
9063.027,True,False,ONE_FINGER,True,False,0.64778,0.00000,647,0,True,True,BLOCK_REMOVED,wood_5
9063.235,True,False,ONE_FINGER,True,False,0.69432,0.00000,694,0,True,True,BLOCK_HOVER,wood_4
9063.426,True,False,ONE_FINGER,True,False,0.69358,0.00000,693,0,True,True,BLOCK_ARMED,wood_4
9063.635,True,False,ONE_FINGER,True,False,0.67858,0.00000,678,0,True,True,BLOCK_ARMED,wood_4
9063.826,True,False,ONE_FINGER,False,False,,,,,False,False,BLOCK_ARMED,wood_4
9064.034,True,False,ONE_FINGER,True,False,0.59674,0.22226,596,313,True,True,TRACKING,
9064.226,True,False,ONE_FINGER,True,False,0.58352,0.15567,583,219,True,True,BLOCK_HOVER,wood_4
9064.436,True,False,ONE_FINGER,True,False,0.57695,0.10685,576,150,True,True,BLOCK_ARMED,wood_4
9064.628,True,False,ONE_FINGER,True,False,0.62621,0.05868,626,82,True,True,SWIPING,wood_4
9064.834,True,False,ONE_FINGER,True,False,0.62287,0.06897,622,97,True,True,SWIPING,wood_4
9065.026,True,False,ONE_FINGER,False,False,,,,,False,False,SWIPING,wood_4
9065.235,True,False,ONE_FINGER,False,False,,,,,False,False,SWIPING,wood_4
9065.428,True,False,ONE_FINGER,False,False,,,,,False,False,FAILED,wood_4
9065.634,True,False,ONE_FINGER,True,False,0.58133,0.22052,581,311,True,True,FAILED,wood_4
9065.825,True,False,ONE_FINGER,True,False,0.57308,0.21488,573,303,True,True,BLOCK_HOVER,wood_4
9066.034,True,False,ONE_FINGER,True,False,0.57203,0.21635,572,305,True,True,BLOCK_ARMED,wood_4
9066.225,True,False,ONE_FINGER,True,False,0.58014,0.30381,580,428,True,True,BLOCK_HOVER,wood_4
9066.434,True,False,ONE_FINGER,True,False,0.57388,0.30007,573,423,True,True,BLOCK_HOVER,wood_4
9066.626,True,False,ONE_FINGER,True,False,0.57699,0.30900,576,436,True,True,BLOCK_ARMED,wood_4
9066.834,True,False,ONE_FINGER,True,False,0.57412,0.30820,574,434,True,True,BLOCK_ARMED,wood_4
9067.026,True,False,ONE_FINGER,True,False,0.57358,0.30733,573,433,True,True,BLOCK_ARMED,wood_4
9067.234,True,False,ONE_FINGER,True,False,0.59587,0.14078,595,198,True,True,SWIPING,wood_4
9067.425,True,False,ONE_FINGER,True,False,0.62620,0.14166,626,199,True,True,SWIPING,wood_4
9067.636,True,False,ONE_FINGER,True,False,0.62922,0.15619,629,220,True,True,SWIPING,wood_4
9067.826,True,False,ONE_FINGER,True,False,0.61462,0.26457,614,373,True,True,SWIPING,wood_4
9068.035,True,False,ONE_FINGER,False,False,,,,,False,False,SWIPING,wood_4
9068.225,True,False,ONE_FINGER,False,False,,,,,False,False,FAILED,wood_4
9068.433,True,False,ONE_FINGER,True,False,0.60159,0.31420,601,443,True,True,FAILED,wood_4
9068.626,True,False,ONE_FINGER,True,False,0.57868,0.25393,578,358,True,True,BLOCK_HOVER,wood_4
9068.835,True,False,ONE_FINGER,True,False,0.57494,0.24154,574,340,True,True,BLOCK_HOVER,wood_4
9069.026,True,False,ONE_FINGER,True,False,0.56837,0.26308,568,371,True,True,BLOCK_ARMED,wood_4
9069.234,True,False,ONE_FINGER,True,False,0.56469,0.29594,564,417,True,True,TRACKING,
9069.427,True,False,ONE_FINGER,True,False,0.56705,0.30659,567,432,True,True,BLOCK_HOVER,wood_4
9069.633,True,False,ONE_FINGER,True,False,0.57300,0.32848,573,463,True,True,BLOCK_ARMED,wood_4
9069.826,True,False,ONE_FINGER,True,False,0.57009,0.33019,570,465,True,True,BLOCK_ARMED,wood_4
9070.035,True,False,ONE_FINGER,True,False,0.55340,0.25387,553,358,True,True,BLOCK_ARMED,wood_4
9070.226,True,False,ONE_FINGER,True,False,0.54979,0.04460,549,62,True,True,SWIPING,wood_4
9070.433,True,False,ONE_FINGER,True,False,0.57731,0.11128,577,157,True,True,SWIPING,wood_4
9070.625,True,False,ONE_FINGER,True,False,0.58336,0.12935,583,182,True,True,SWIPING,wood_4
9070.835,True,False,ONE_FINGER,True,False,0.58477,0.14612,584,206,True,True,SWIPING,wood_4
9071.025,True,False,ONE_FINGER,True,False,0.58798,0.14069,587,198,True,True,SWIPING,wood_4
9071.234,True,False,ONE_FINGER,True,False,0.58376,0.14279,583,201,True,True,SWIPING,wood_4
9071.426,True,False,ONE_FINGER,True,False,0.58332,0.14280,583,201,True,True,SWIPING,wood_4
9071.634,True,False,ONE_FINGER,True,False,0.57593,0.11795,575,166,True,True,SWIPING,wood_4
9071.827,True,False,ONE_FINGER,True,False,0.56101,0.05738,561,80,True,True,SWIPING,wood_4
9072.038,True,False,ONE_FINGER,True,False,0.55340,0.00000,553,0,True,True,BLOCK_HOVER,wood_3
9072.225,True,False,ONE_FINGER,True,False,0.56278,0.00000,562,0,True,True,BLOCK_HOVER,wood_3
9072.434,True,False,ONE_FINGER,True,False,0.55410,0.05163,554,72,True,True,BLOCK_ARMED,wood_3
9072.626,True,False,ONE_FINGER,False,False,,,,,False,False,TRACKING,
9072.835,True,False,ONE_FINGER,False,False,,,,,False,False,TRACKING,
9073.028,True,False,ONE_FINGER,True,True,0.56209,0.32802,562,462,True,True,BLOCK_HOVER,wood_3
9073.234,True,False,ONE_FINGER,True,True,0.57128,0.34537,571,487,True,True,BLOCK_HOVER,wood_3
9073.424,True,False,ONE_FINGER,True,True,0.57473,0.36556,574,515,True,True,BLOCK_ARMED,wood_3
9073.635,True,False,ONE_FINGER,True,True,0.57276,0.37823,572,533,True,True,TRACKING,
9073.827,True,False,ONE_FINGER,True,True,0.57336,0.40291,573,568,True,True,BLOCK_HOVER,wood_3
9074.035,True,False,ONE_FINGER,True,True,0.57254,0.40069,572,565,True,True,BLOCK_ARMED,wood_3
9074.226,True,False,ONE_FINGER,True,True,0.57133,0.40430,571,570,True,True,BLOCK_ARMED,wood_3
9074.435,True,False,ONE_FINGER,True,True,0.57848,0.44296,578,625,True,True,BLOCK_ARMED,wood_3
9074.626,True,False,ONE_FINGER,False,False,,,,,False,False,BLOCK_ARMED,wood_3
9074.835,True,False,ONE_FINGER,True,False,0.49532,0.47537,495,670,True,True,BLOCK_HOVER,wood_3
9075.025,True,False,ONE_FINGER,True,False,0.50902,0.44175,509,623,True,True,BLOCK_HOVER,wood_3
9075.234,True,False,ONE_FINGER,True,False,0.55234,0.37407,552,527,True,True,SWIPING,wood_3
9075.427,True,False,ONE_FINGER,True,False,0.54535,0.35818,545,505,True,True,SWIPING,wood_3
9075.635,True,False,ONE_FINGER,True,False,0.54029,0.37467,540,528,True,True,SWIPING,wood_3
9075.828,True,False,ONE_FINGER,True,False,0.54177,0.29637,541,418,True,True,SWIPING,wood_3
9076.035,True,False,ONE_FINGER,True,False,0.55729,0.11972,557,168,True,True,BLOCK_REMOVED,wood_3
9076.226,True,False,ONE_FINGER,True,False,0.57823,0.13822,578,195,True,True,BLOCK_HOVER,wood_2
9076.436,True,False,ONE_FINGER,True,False,0.58048,0.22012,580,310,True,True,BLOCK_ARMED,wood_2
9076.627,True,False,ONE_FINGER,False,False,,,,,False,False,TRACKING,
9076.836,True,False,ONE_FINGER,False,False,,,,,False,False,TRACKING,
9077.027,True,False,ONE_FINGER,False,False,,,,,False,False,TRACKING,
9077.234,True,False,ONE_FINGER,True,False,0.51314,0.36731,513,518,True,True,BLOCK_HOVER,wood_2
9077.426,True,False,ONE_FINGER,True,False,0.50983,0.36898,509,520,True,True,BLOCK_ARMED,wood_2
9077.634,True,False,ONE_FINGER,True,False,0.50833,0.36273,508,511,True,True,BLOCK_ARMED,wood_2
9077.826,True,False,ONE_FINGER,True,False,0.50624,0.36712,506,518,True,True,BLOCK_ARMED,wood_2
9078.033,True,False,ONE_FINGER,True,False,0.52523,0.23672,525,334,True,True,SWIPING,wood_2
9078.227,True,False,ONE_FINGER,True,False,0.56024,0.15676,560,221,True,True,SWIPING,wood_2
9078.435,True,False,ONE_FINGER,True,False,0.57284,0.18793,572,265,True,True,SWIPING,wood_2
9078.627,True,False,ONE_FINGER,True,False,0.57357,0.20239,573,285,True,True,SWIPING,wood_2
9078.834,True,False,ONE_FINGER,True,False,0.57111,0.19130,571,269,True,True,SWIPING,wood_2
9079.025,True,False,ONE_FINGER,True,False,0.56505,0.19592,565,276,True,True,SWIPING,wood_2
9079.235,True,False,ONE_FINGER,True,False,0.54478,0.23595,544,332,True,True,SWIPING,wood_2
9079.426,True,False,ONE_FINGER,True,False,0.55446,0.27986,554,394,True,True,SWIPING,wood_2
9079.634,True,False,ONE_FINGER,False,False,,,,,False,False,SWIPING,wood_2
9079.826,True,False,ONE_FINGER,False,False,,,,,False,False,FAILED,wood_2
9080.034,True,False,ONE_FINGER,False,False,,,,,False,False,FAILED,wood_2
9080.227,True,False,ONE_FINGER,False,False,,,,,False,False,TRACKING,
9080.434,True,False,ONE_FINGER,False,False,,,,,False,False,TRACKING,
9080.627,True,False,ONE_FINGER,False,False,,,,,False,False,TRACKING,
9080.834,True,False,ONE_FINGER,False,False,,,,,False,False,TRACKING,
9081.025,True,False,ONE_FINGER,False,False,,,,,False,False,TRACKING,
9081.235,True,False,ONE_FINGER,False,False,,,,,False,False,TRACKING,
9081.426,True,False,ONE_FINGER,False,False,,,,,False,False,TRACKING,
9081.633,True,False,ONE_FINGER,False,False,,,,,False,False,TRACKING,
9081.825,True,False,ONE_FINGER,False,False,,,,,False,False,TRACKING,
9082.034,True,False,ONE_FINGER,True,False,0.44208,0.46342,442,654,True,True,BLOCK_HOVER,wood_2
9082.226,True,False,ONE_FINGER,True,False,0.44406,0.37618,444,530,True,True,BLOCK_HOVER,wood_2
9082.434,True,False,ONE_FINGER,True,False,0.44727,0.37390,447,527,True,True,BLOCK_ARMED,wood_2
9082.628,True,False,ONE_FINGER,True,False,0.44586,0.38911,445,549,True,True,BLOCK_ARMED,wood_2
9082.835,True,False,ONE_FINGER,True,False,0.44584,0.40237,445,567,True,True,BLOCK_ARMED,wood_2
9083.027,True,False,ONE_FINGER,True,False,0.44599,0.41849,445,590,True,True,BLOCK_ARMED,wood_2
9083.236,True,False,ONE_FINGER,True,False,0.44862,0.41114,448,580,True,True,BLOCK_ARMED,wood_2
9083.426,True,False,ONE_FINGER,True,False,0.45146,0.40094,451,565,True,True,BLOCK_ARMED,wood_2
9083.634,True,False,ONE_FINGER,True,False,0.44999,0.40815,449,576,True,True,BLOCK_ARMED,wood_2
9083.826,True,False,ONE_FINGER,True,False,0.45344,0.41256,453,582,True,True,BLOCK_ARMED,wood_2
9084.034,True,False,ONE_FINGER,True,False,0.50913,0.18925,509,267,True,True,SWIPING,wood_2
9084.227,True,False,ONE_FINGER,True,False,0.56672,0.16887,566,238,True,True,SWIPING,wood_2
9084.436,True,False,ONE_FINGER,True,True,0.56972,0.19331,569,272,True,True,SWIPING,wood_2
9084.626,True,False,ONE_FINGER,True,True,0.56823,0.21118,568,298,True,True,SWIPING,wood_2
9084.834,True,False,ONE_FINGER,True,False,0.56823,0.19837,568,279,True,True,FAILED,wood_2
9085.026,True,False,ONE_FINGER,True,False,0.54965,0.22758,549,321,True,True,FAILED,wood_2
9085.234,True,False,ONE_FINGER,False,False,,,,,False,False,TRACKING,
9085.428,True,False,ONE_FINGER,False,False,,,,,False,False,TRACKING,
9085.635,True,False,ONE_FINGER,False,False,,,,,False,False,TRACKING,
9085.827,True,False,ONE_FINGER,False,False,,,,,False,False,TRACKING,
9086.034,True,False,ONE_FINGER,False,False,,,,,False,False,TRACKING,
9086.228,True,False,ONE_FINGER,False,False,,,,,False,False,TRACKING,
9086.436,True,False,ONE_FINGER,True,False,0.42837,0.32726,428,461,True,True,BLOCK_HOVER,wood_2
9086.626,True,False,ONE_FINGER,True,False,0.44710,0.22399,447,316,True,True,BLOCK_ARMED,wood_2
9086.834,True,False,ONE_FINGER,True,False,0.45184,0.27815,451,392,True,True,BLOCK_ARMED,wood_2
9087.026,True,False,ONE_FINGER,True,False,0.48222,0.29783,482,420,True,True,BLOCK_ARMED,wood_2
9087.235,True,False,ONE_FINGER,True,False,0.51926,0.27062,519,381,True,True,BLOCK_HOVER,wood_2
9087.426,True,False,ONE_FINGER,True,True,0.50537,0.35429,505,500,True,True,BLOCK_HOVER,wood_2
9087.635,True,False,ONE_FINGER,True,True,0.52229,0.35373,522,499,True,True,BLOCK_ARMED,wood_2
9087.827,True,False,ONE_FINGER,True,True,0.49943,0.39308,499,554,True,True,TRACKING,
9088.034,True,False,ONE_FINGER,True,True,0.48925,0.41433,489,584,True,True,BLOCK_HOVER,wood_2
9088.227,True,False,ONE_FINGER,True,True,0.50778,0.41185,507,581,True,True,BLOCK_ARMED,wood_2
9088.435,True,False,ONE_FINGER,False,False,,,,,False,False,BLOCK_ARMED,wood_2
9088.627,True,False,ONE_FINGER,True,False,0.59892,0.42624,598,601,True,True,TRACKING,
9088.835,True,False,ONE_FINGER,True,False,0.59599,0.35591,595,502,True,True,BLOCK_HOVER,wood_2
9089.026,True,False,ONE_FINGER,True,False,0.58057,0.34155,580,482,True,True,BLOCK_ARMED,wood_2
9089.236,True,False,ONE_FINGER,True,False,0.55783,0.38103,557,537,True,True,BLOCK_ARMED,wood_2
9089.427,True,False,ONE_FINGER,False,False,,,,,False,False,TRACKING,
9089.635,True,False,ONE_FINGER,True,False,0.56741,0.39973,567,564,True,True,BLOCK_HOVER,wood_2
9089.826,True,False,ONE_FINGER,True,False,0.55840,0.38669,558,545,True,True,BLOCK_ARMED,wood_2
9090.034,True,False,ONE_FINGER,True,False,0.56042,0.39421,560,556,True,True,BLOCK_ARMED,wood_2
9090.226,True,False,ONE_FINGER,True,False,0.58439,0.42528,584,600,True,True,BLOCK_ARMED,wood_2
9090.435,True,False,ONE_FINGER,False,False,,,,,False,False,BLOCK_ARMED,wood_2
9090.627,True,False,ONE_FINGER,True,False,0.56685,0.42634,566,601,True,True,BLOCK_ARMED,wood_2
9090.836,True,False,ONE_FINGER,True,False,0.56696,0.44309,566,625,True,True,TRACKING,
9091.027,True,False,ONE_FINGER,True,False,0.56631,0.43645,566,615,True,True,BLOCK_HOVER,wood_2
9091.236,True,False,ONE_FINGER,True,False,0.56688,0.44102,566,622,True,True,BLOCK_ARMED,wood_2
9091.427,True,False,ONE_FINGER,True,False,0.56616,0.39611,566,559,True,True,BLOCK_ARMED,wood_2
9091.635,True,False,ONE_FINGER,True,False,0.60055,0.36260,600,511,True,True,SWIPING,wood_2
9091.826,True,False,ONE_FINGER,True,False,0.66067,0.31977,660,451,True,True,SWIPING,wood_2
9092.033,True,False,ONE_FINGER,False,False,,,,,False,False,SWIPING,wood_2
9092.227,True,False,ONE_FINGER,False,False,,,,,False,False,FAILED,wood_2
9092.435,True,False,ONE_FINGER,False,False,,,,,False,False,FAILED,wood_2
9092.626,True,False,ONE_FINGER,False,False,,,,,False,False,TRACKING,
9092.836,True,False,ONE_FINGER,False,False,,,,,False,False,TRACKING,
9093.027,True,False,ONE_FINGER,False,False,,,,,False,False,TRACKING,
9093.235,True,False,ONE_FINGER,False,False,,,,,False,False,TRACKING,
9093.427,False,False,ONE_FINGER,False,False,,,,,False,False,TRACKING,
9093.636,False,False,ONE_FINGER,False,False,,,,,False,False,TRACKING,
9093.829,False,False,ONE_FINGER,False,False,,,,,False,False,TRACKING,
9094.035,False,False,ONE_FINGER,False,False,,,,,False,False,TRACKING,
9094.228,False,False,ONE_FINGER,False,False,,,,,False,False,TRACKING,
9094.436,False,False,ONE_FINGER,False,False,,,,,False,False,TRACKING,
9094.627,False,False,ONE_FINGER,False,False,,,,,False,False,TRACKING,
9094.837,False,False,ONE_FINGER,False,False,,,,,False,False,TRACKING,
9095.028,False,False,ONE_FINGER,False,False,,,,,False,False,TRACKING,
9095.236,False,False,ONE_FINGER,False,False,,,,,False,False,TRACKING,
9095.427,False,False,ONE_FINGER,False,False,,,,,False,False,TRACKING,
9095.642,False,False,ONE_FINGER,False,False,,,,,False,False,TRACKING,
9095.828,False,False,ONE_FINGER,False,False,,,,,False,False,TRACKING,
9095.929,False,False,ONE_FINGER,False,False,,,,,False,False,TRACKING,
9096.039,False,False,ONE_FINGER,False,False,,,,,False,False,TRACKING,
9096.229,False,False,ONE_FINGER,False,False,,,,,False,False,TRACKING,
9096.436,False,False,ONE_FINGER,False,False,,,,,False,False,TRACKING,
9096.628,False,False,ONE_FINGER,False,False,,,,,False,False,TRACKING,
9096.837,False,False,ONE_FINGER,False,False,,,,,False,False,TRACKING,
9097.027,False,False,ONE_FINGER,False,False,,,,,False,False,TRACKING,
9097.235,False,False,ONE_FINGER,False,False,,,,,False,False,TRACKING,
9097.429,False,False,ONE_FINGER,False,False,,,,,False,False,TRACKING,
9097.636,False,False,ONE_FINGER,False,False,,,,,False,False,TRACKING,
9097.827,False,False,ONE_FINGER,False,False,,,,,False,False,TRACKING,
9098.036,False,False,ONE_FINGER,False,False,,,,,False,False,TRACKING,
9098.226,False,False,ONE_FINGER,False,False,,,,,False,False,TRACKING,
9098.437,False,False,ONE_FINGER,False,False,,,,,False,False,TRACKING,
9098.627,False,False,ONE_FINGER,False,False,,,,,False,False,TRACKING,
9098.836,False,False,ONE_FINGER,False,False,,,,,False,False,TRACKING,
9099.027,False,False,ONE_FINGER,False,False,,,,,False,False,TRACKING,
9099.235,False,False,ONE_FINGER,False,False,,,,,False,False,TRACKING,
9099.428,False,False,ONE_FINGER,False,False,,,,,False,False,TRACKING,
9099.635,False,False,ONE_FINGER,False,False,,,,,False,False,TRACKING,
9099.827,False,False,ONE_FINGER,False,False,,,,,False,False,TRACKING,
9100.035,False,False,ONE_FINGER,False,False,,,,,False,False,TRACKING,
9100.227,False,False,ONE_FINGER,False,False,,,,,False,False,TRACKING,
9100.437,False,False,ONE_FINGER,False,False,,,,,False,False,TRACKING,
9100.627,False,False,ONE_FINGER,False,False,,,,,False,False,TRACKING,
9100.836,False,False,ONE_FINGER,False,False,,,,,False,False,TRACKING,
9101.027,False,False,ONE_FINGER,False,False,,,,,False,False,TRACKING,
9101.236,False,False,ONE_FINGER,False,False,,,,,False,False,TRACKING,
9101.429,False,False,ONE_FINGER,False,False,,,,,False,False,TRACKING,
9101.637,False,False,ONE_FINGER,False,False,,,,,False,False,TRACKING,
9101.829,False,False,ONE_FINGER,False,False,,,,,False,False,TRACKING,
9102.035,False,False,ONE_FINGER,False,False,,,,,False,False,TRACKING,
9102.230,False,False,ONE_FINGER,False,False,,,,,False,False,TRACKING,
9102.435,False,False,ONE_FINGER,False,False,,,,,False,False,TRACKING,
9102.628,False,False,ONE_FINGER,False,False,,,,,False,False,TRACKING,
9102.835,False,False,ONE_FINGER,False,False,,,,,False,False,TRACKING,
9103.027,False,False,ONE_FINGER,False,False,,,,,False,False,TRACKING,
9103.237,False,False,ONE_FINGER,False,False,,,,,False,False,TRACKING,
9103.427,False,False,ONE_FINGER,False,False,,,,,False,False,TRACKING,
9103.636,False,False,ONE_FINGER,False,False,,,,,False,False,TRACKING,
9103.828,False,False,ONE_FINGER,False,False,,,,,False,False,TRACKING,
9104.036,False,False,ONE_FINGER,False,False,,,,,False,False,TRACKING,
9104.229,False,False,ONE_FINGER,False,False,,,,,False,False,TRACKING,
9104.437,False,False,ONE_FINGER,False,False,,,,,False,False,TRACKING,
9104.629,False,False,ONE_FINGER,False,False,,,,,False,False,TRACKING,
9104.836,False,False,ONE_FINGER,False,False,,,,,False,False,TRACKING,
9105.029,False,False,ONE_FINGER,False,False,,,,,False,False,TRACKING,
9105.236,False,False,ONE_FINGER,False,False,,,,,False,False,TRACKING,
9105.428,False,False,ONE_FINGER,False,False,,,,,False,False,TRACKING,
9105.635,False,False,ONE_FINGER,False,False,,,,,False,False,TRACKING,
9105.827,False,False,ONE_FINGER,False,False,,,,,False,False,TRACKING,
9106.036,False,False,ONE_FINGER,False,False,,,,,False,False,TRACKING,
9106.227,False,False,ONE_FINGER,False,False,,,,,False,False,TRACKING,
9106.436,False,False,ONE_FINGER,False,False,,,,,False,False,TRACKING,
9106.628,False,False,ONE_FINGER,False,False,,,,,False,False,TRACKING,
9106.835,False,False,ONE_FINGER,False,False,,,,,False,False,TRACKING,
9107.029,False,False,ONE_FINGER,False,False,,,,,False,False,TRACKING,
9107.237,False,False,ONE_FINGER,False,False,,,,,False,False,TRACKING,
9107.427,False,False,ONE_FINGER,False,False,,,,,False,False,TRACKING,
9107.635,False,False,ONE_FINGER,False,False,,,,,False,False,TRACKING,
9107.827,False,False,ONE_FINGER,False,False,,,,,False,False,TRACKING,
9108.035,False,False,ONE_FINGER,False,False,,,,,False,False,TRACKING,
9108.229,False,False,ONE_FINGER,False,False,,,,,False,False,TRACKING,
9108.436,False,False,ONE_FINGER,False,False,,,,,False,False,TRACKING,
9108.628,False,False,ONE_FINGER,False,False,,,,,False,False,TRACKING,
9108.835,False,False,ONE_FINGER,False,False,,,,,False,False,TRACKING,
9109.028,False,False,ONE_FINGER,False,False,,,,,False,False,TRACKING,
9109.236,False,False,ONE_FINGER,False,False,,,,,False,False,TRACKING,
9109.428,False,False,ONE_FINGER,False,False,,,,,False,False,TRACKING,
9109.529,False,False,ONE_FINGER,False,False,,,,,False,False,TRACKING,
9109.641,False,False,ONE_FINGER,False,False,,,,,False,False,TRACKING,
9109.828,False,False,ONE_FINGER,False,False,,,,,False,False,TRACKING,
9109.931,False,False,ONE_FINGER,False,False,,,,,False,False,TRACKING,
9110.036,False,False,ONE_FINGER,False,False,,,,,False,False,TRACKING,
9110.228,False,False,ONE_FINGER,False,False,,,,,False,False,TRACKING,
9110.436,False,False,ONE_FINGER,False,False,,,,,False,False,TRACKING,
9110.628,False,False,ONE_FINGER,False,False,,,,,False,False,TRACKING,
9110.837,False,False,ONE_FINGER,False,False,,,,,False,False,TRACKING,
9111.027,False,False,ONE_FINGER,False,False,,,,,False,False,TRACKING,
9111.236,False,False,ONE_FINGER,False,False,,,,,False,False,TRACKING,
9111.427,False,False,ONE_FINGER,False,False,,,,,False,False,TRACKING,
9111.636,False,False,ONE_FINGER,False,False,,,,,False,False,TRACKING,
9111.828,False,False,ONE_FINGER,False,False,,,,,False,False,TRACKING,
9112.036,False,False,ONE_FINGER,False,False,,,,,False,False,TRACKING,
9112.227,False,False,ONE_FINGER,False,False,,,,,False,False,TRACKING,
9112.436,False,False,ONE_FINGER,False,False,,,,,False,False,TRACKING,
9112.628,False,False,ONE_FINGER,False,False,,,,,False,False,TRACKING,
9112.836,False,False,ONE_FINGER,False,False,,,,,False,False,TRACKING,
9113.028,False,False,ONE_FINGER,False,False,,,,,False,False,TRACKING,
9113.236,False,False,ONE_FINGER,False,False,,,,,False,False,TRACKING,
9113.428,False,False,ONE_FINGER,False,False,,,,,False,False,TRACKING,
9113.636,False,False,ONE_FINGER,False,False,,,,,False,False,TRACKING,
9113.829,False,False,ONE_FINGER,False,False,,,,,False,False,TRACKING,
9114.036,False,False,ONE_FINGER,False,False,,,,,False,False,TRACKING,
9114.228,False,False,ONE_FINGER,False,False,,,,,False,False,TRACKING,
9114.436,False,False,ONE_FINGER,False,False,,,,,False,False,TRACKING,
9114.628,False,False,ONE_FINGER,False,False,,,,,False,False,TRACKING,
9114.836,False,False,ONE_FINGER,False,False,,,,,False,False,TRACKING,
9115.028,False,False,ONE_FINGER,False,False,,,,,False,False,TRACKING,
9115.235,False,False,ONE_FINGER,False,False,,,,,False,False,TRACKING,
9115.429,False,False,ONE_FINGER,False,False,,,,,False,False,TRACKING,
9115.636,False,False,ONE_FINGER,False,False,,,,,False,False,TRACKING,
9115.828,False,False,ONE_FINGER,False,False,,,,,False,False,TRACKING,
9116.035,False,False,ONE_FINGER,False,False,,,,,False,False,TRACKING,
9116.228,False,False,ONE_FINGER,False,False,,,,,False,False,TRACKING,
9116.436,False,False,ONE_FINGER,False,False,,,,,False,False,TRACKING,
9116.627,False,False,ONE_FINGER,False,False,,,,,False,False,TRACKING,
9116.836,False,False,ONE_FINGER,False,False,,,,,False,False,TRACKING,
9117.028,False,False,ONE_FINGER,False,False,,,,,False,False,TRACKING,
9117.237,False,False,ONE_FINGER,False,False,,,,,False,False,TRACKING,
9117.427,False,False,ONE_FINGER,False,False,,,,,False,False,TRACKING,
9117.636,False,False,ONE_FINGER,False,False,,,,,False,False,TRACKING,
9117.828,False,False,ONE_FINGER,False,False,,,,,False,False,TRACKING,
9118.036,False,False,ONE_FINGER,False,False,,,,,False,False,TRACKING,
9118.228,False,False,ONE_FINGER,False,False,,,,,False,False,TRACKING,
9118.435,False,False,ONE_FINGER,False,False,,,,,False,False,TRACKING,
9118.627,False,False,ONE_FINGER,False,False,,,,,False,False,TRACKING,
9118.837,False,False,ONE_FINGER,False,False,,,,,False,False,TRACKING,
9119.029,False,False,ONE_FINGER,False,False,,,,,False,False,TRACKING,
9119.236,False,False,ONE_FINGER,False,False,,,,,False,False,TRACKING,
9119.428,False,False,ONE_FINGER,False,False,,,,,False,False,TRACKING,
9119.641,False,False,ONE_FINGER,False,False,,,,,False,False,TRACKING,
9119.833,False,False,ONE_FINGER,False,False,,,,,False,False,TRACKING,
9120.036,False,False,ONE_FINGER,False,False,,,,,False,False,TRACKING,
9120.137,False,False,ONE_FINGER,False,False,,,,,False,False,TRACKING,
9120.323,False,False,ONE_FINGER,False,False,,,,,False,False,TRACKING,
9120.436,False,False,ONE_FINGER,False,False,,,,,False,False,TRACKING,
9120.628,False,False,ONE_FINGER,False,False,,,,,False,False,TRACKING,
9120.834,False,False,ONE_FINGER,False,False,,,,,False,False,TRACKING,
9121.027,False,False,ONE_FINGER,False,False,,,,,False,False,TRACKING,
9121.235,False,False,ONE_FINGER,False,False,,,,,False,False,TRACKING,
9121.429,False,False,ONE_FINGER,False,False,,,,,False,False,TRACKING,
9121.636,False,False,ONE_FINGER,False,False,,,,,False,False,TRACKING,
9121.828,False,False,ONE_FINGER,False,False,,,,,False,False,TRACKING,
9122.037,False,False,ONE_FINGER,False,False,,,,,False,False,TRACKING,
9122.228,False,False,ONE_FINGER,False,False,,,,,False,False,TRACKING,
9122.435,False,False,ONE_FINGER,False,False,,,,,False,False,TRACKING,
9122.633,False,False,ONE_FINGER,False,False,,,,,False,False,TRACKING,
9122.836,False,False,ONE_FINGER,False,False,,,,,False,False,TRACKING,
9123.028,False,False,ONE_FINGER,False,False,,,,,False,False,TRACKING,
9123.131,False,False,ONE_FINGER,False,False,,,,,False,False,TRACKING,
9123.236,False,False,ONE_FINGER,False,False,,,,,False,False,TRACKING,
9123.337,False,False,ONE_FINGER,False,False,,,,,False,False,TRACKING,
9123.525,False,False,ONE_FINGER,False,False,,,,,False,False,TRACKING,
9123.635,False,False,ONE_FINGER,False,False,,,,,False,False,TRACKING,
9123.828,False,False,ONE_FINGER,False,False,,,,,False,False,TRACKING,
9123.930,False,False,ONE_FINGER,False,False,,,,,False,False,TRACKING,
9124.041,False,False,ONE_FINGER,False,False,,,,,False,False,TRACKING,
9124.233,False,False,ONE_FINGER,False,False,,,,,False,False,TRACKING,
9124.441,False,False,ONE_FINGER,False,False,,,,,False,False,TRACKING,
9124.634,False,False,ONE_FINGER,False,False,,,,,False,False,TRACKING,
9124.837,False,False,ONE_FINGER,False,False,,,,,False,False,TRACKING,
9125.027,False,False,ONE_FINGER,False,False,,,,,False,False,TRACKING,
9125.241,False,False,ONE_FINGER,False,False,,,,,False,False,TRACKING,
9125.428,False,False,ONE_FINGER,False,False,,,,,False,False,TRACKING,
9125.636,False,False,ONE_FINGER,False,False,,,,,False,False,TRACKING,
9125.828,False,False,ONE_FINGER,False,False,,,,,False,False,TRACKING,
9126.036,False,False,ONE_FINGER,False,False,,,,,False,False,TRACKING,
9126.228,False,False,ONE_FINGER,False,False,,,,,False,False,TRACKING,
9126.435,False,False,ONE_FINGER,False,False,,,,,False,False,TRACKING,
9126.630,False,False,ONE_FINGER,False,False,,,,,False,False,TRACKING,
9126.837,False,False,ONE_FINGER,False,False,,,,,False,False,TRACKING,
9127.029,False,False,ONE_FINGER,False,False,,,,,False,False,TRACKING,
9127.235,False,False,ONE_FINGER,False,False,,,,,False,False,TRACKING,
9127.428,False,False,ONE_FINGER,False,False,,,,,False,False,TRACKING,
9127.636,False,False,ONE_FINGER,False,False,,,,,False,False,TRACKING,
9127.827,False,False,ONE_FINGER,False,False,,,,,False,False,TRACKING,
9128.036,False,False,ONE_FINGER,False,False,,,,,False,False,TRACKING,
9128.227,False,False,ONE_FINGER,False,False,,,,,False,False,TRACKING,
9128.436,False,False,ONE_FINGER,False,False,,,,,False,False,TRACKING,
9128.627,False,False,ONE_FINGER,False,False,,,,,False,False,TRACKING,
9128.836,False,False,ONE_FINGER,False,False,,,,,False,False,TRACKING,
9129.027,False,False,ONE_FINGER,False,False,,,,,False,False,TRACKING,
9129.236,False,False,ONE_FINGER,False,False,,,,,False,False,TRACKING,
9129.428,False,False,ONE_FINGER,False,False,,,,,False,False,TRACKING,
9129.636,False,False,ONE_FINGER,False,False,,,,,False,False,TRACKING,
9129.827,False,False,ONE_FINGER,False,False,,,,,False,False,TRACKING,
9130.036,False,False,ONE_FINGER,False,False,,,,,False,False,TRACKING,
9130.229,False,False,ONE_FINGER,False,False,,,,,False,False,TRACKING,
9130.437,False,False,ONE_FINGER,False,False,,,,,False,False,TRACKING,
9130.628,False,False,ONE_FINGER,False,False,,,,,False,False,TRACKING,
9130.836,False,False,ONE_FINGER,False,False,,,,,False,False,TRACKING,
9131.027,False,False,ONE_FINGER,False,False,,,,,False,False,TRACKING,
9131.236,False,False,ONE_FINGER,False,False,,,,,False,False,TRACKING,
9131.428,False,False,ONE_FINGER,False,False,,,,,False,False,TRACKING,
9131.637,False,False,ONE_FINGER,False,False,,,,,False,False,TRACKING,
9131.828,False,False,ONE_FINGER,False,False,,,,,False,False,TRACKING,
9132.035,False,False,ONE_FINGER,False,False,,,,,False,False,TRACKING,
9132.229,False,False,ONE_FINGER,False,False,,,,,False,False,TRACKING,
9132.436,False,False,ONE_FINGER,False,False,,,,,False,False,TRACKING,
9132.627,False,False,ONE_FINGER,False,False,,,,,False,False,TRACKING,
9132.836,False,False,ONE_FINGER,False,False,,,,,False,False,TRACKING,
9133.028,False,False,ONE_FINGER,False,False,,,,,False,False,TRACKING,
9133.236,False,False,ONE_FINGER,False,False,,,,,False,False,TRACKING,
9133.429,False,False,ONE_FINGER,False,False,,,,,False,False,TRACKING,
9133.636,False,False,ONE_FINGER,False,False,,,,,False,False,TRACKING,
9133.833,True,False,ONE_FINGER,False,False,,,,,False,False,TRACKING,
9134.035,True,False,ONE_FINGER,False,False,,,,,False,False,TRACKING,
9134.227,True,False,ONE_FINGER,False,False,,,,,False,False,TRACKING,
9134.434,True,False,ONE_FINGER,False,False,,,,,False,False,TRACKING,
9134.627,True,False,ONE_FINGER,False,False,,,,,False,False,TRACKING,
9134.835,True,False,ONE_FINGER,False,False,,,,,False,False,TRACKING,
9135.028,True,False,ONE_FINGER,False,False,,,,,False,False,TRACKING,
9135.235,True,False,ONE_FINGER,False,False,,,,,False,False,TRACKING,
9135.427,True,False,ONE_FINGER,False,False,,,,,False,False,TRACKING,
9135.636,True,False,ONE_FINGER,False,False,,,,,False,False,TRACKING,
9135.826,True,False,ONE_FINGER,False,False,,,,,False,False,TRACKING,
9136.036,True,False,ONE_FINGER,False,False,,,,,False,False,TRACKING,
9136.226,True,False,ONE_FINGER,False,False,,,,,False,False,TRACKING,
9136.435,True,False,ONE_FINGER,False,False,,,,,False,False,TRACKING,
9136.627,True,False,ONE_FINGER,False,False,,,,,False,False,TRACKING,
9136.835,True,False,ONE_FINGER,False,False,,,,,False,False,TRACKING,
9137.028,True,False,ONE_FINGER,False,False,,,,,False,False,TRACKING,
9137.235,True,False,ONE_FINGER,False,False,,,,,False,False,TRACKING,
9137.427,True,False,ONE_FINGER,False,False,,,,,False,False,TRACKING,
9137.634,True,False,ONE_FINGER,False,False,,,,,False,False,TRACKING,
9137.827,True,False,ONE_FINGER,False,False,,,,,False,False,TRACKING,
9138.035,True,False,ONE_FINGER,False,False,,,,,False,False,TRACKING,
9138.227,True,False,ONE_FINGER,False,False,,,,,False,False,TRACKING,
9138.435,True,False,ONE_FINGER,False,False,,,,,False,False,TRACKING,
9138.628,True,False,ONE_FINGER,False,False,,,,,False,False,TRACKING,
9138.835,True,False,ONE_FINGER,False,False,,,,,False,False,TRACKING,
9139.027,True,False,ONE_FINGER,False,False,,,,,False,False,TRACKING,
9139.236,True,False,ONE_FINGER,False,False,,,,,False,False,TRACKING,
9139.427,True,False,ONE_FINGER,False,False,,,,,False,False,TRACKING,
9139.634,True,False,ONE_FINGER,False,False,,,,,False,False,TRACKING,
9139.828,True,False,ONE_FINGER,False,False,,,,,False,False,TRACKING,
9140.034,True,False,ONE_FINGER,False,False,,,,,False,False,TRACKING,
9140.227,True,False,ONE_FINGER,False,False,,,,,False,False,TRACKING,
9140.436,True,False,ONE_FINGER,False,False,,,,,False,False,TRACKING,
9140.627,True,False,ONE_FINGER,False,False,,,,,False,False,TRACKING,
9140.836,True,False,ONE_FINGER,False,False,,,,,False,False,TRACKING,
9141.027,True,False,ONE_FINGER,False,False,,,,,False,False,TRACKING,
9141.130,True,False,ONE_FINGER,False,False,,,,,False,False,TRACKING,
9141.235,True,False,ONE_FINGER,False,False,,,,,False,False,TRACKING,
9141.428,True,False,ONE_FINGER,True,False,0.54385,0.18513,543,261,True,True,BLOCK_HOVER,wood_2
9141.636,True,False,ONE_FINGER,True,False,0.49863,0.26520,498,374,True,True,BLOCK_ARMED,wood_2
9141.827,True,False,ONE_FINGER,True,False,0.46322,0.28338,463,399,True,True,BLOCK_HOVER,wood_2
9142.036,True,False,ONE_FINGER,True,False,0.45709,0.29807,457,420,True,True,BLOCK_HOVER,wood_2
9142.227,True,False,ONE_FINGER,True,False,0.46463,0.35346,464,498,True,True,BLOCK_ARMED,wood_2
9142.436,True,False,ONE_FINGER,True,False,0.45343,0.39072,453,551,True,True,BLOCK_HOVER,wood_2
9142.628,True,False,ONE_FINGER,True,False,0.50647,0.08264,506,116,True,True,BLOCK_HOVER,wood_2
9142.835,True,False,ONE_FINGER,True,False,0.64462,0.00000,644,0,True,True,SWIPING,wood_2
9143.028,True,False,ONE_FINGER,True,False,0.64191,0.00000,641,0,True,True,SWIPING,wood_2
9143.235,True,False,ONE_FINGER,True,False,0.62169,0.03284,621,46,True,True,SWIPING,wood_2
9143.428,True,False,ONE_FINGER,True,False,0.59309,0.07559,593,106,True,True,SWIPING,wood_2
9143.636,True,False,ONE_FINGER,True,False,0.59209,0.11689,592,164,True,True,SWIPING,wood_2
9143.828,True,False,ONE_FINGER,True,False,0.59076,0.14160,590,199,True,True,SWIPING,wood_2
9144.037,True,False,ONE_FINGER,True,False,0.58734,0.16308,587,230,True,True,SWIPING,wood_2
9144.228,True,False,ONE_FINGER,True,False,0.58192,0.17160,581,242,True,True,SWIPING,wood_2
9144.436,True,False,ONE_FINGER,True,False,0.57979,0.17378,579,245,True,True,SWIPING,wood_2
9144.627,True,False,ONE_FINGER,True,False,0.56978,0.20162,569,284,True,True,SWIPING,wood_2
9144.836,True,False,ONE_FINGER,False,False,,,,,False,False,SWIPING,wood_2
9145.029,True,False,ONE_FINGER,False,False,,,,,False,False,FAILED,wood_2
9145.235,True,False,ONE_FINGER,False,False,,,,,False,False,FAILED,wood_2
9145.428,True,False,ONE_FINGER,True,False,0.45200,0.36874,452,520,True,True,BLOCK_HOVER,wood_2
9145.637,True,False,ONE_FINGER,True,False,0.48293,0.25995,482,366,True,True,BLOCK_HOVER,wood_2
9145.827,True,False,ONE_FINGER,True,False,0.48271,0.29168,482,411,True,True,BLOCK_ARMED,wood_2
9146.037,True,False,ONE_FINGER,True,False,0.48020,0.31105,480,438,True,True,BLOCK_ARMED,wood_2
9146.230,True,False,ONE_FINGER,True,False,0.47058,0.31310,470,441,True,True,BLOCK_ARMED,wood_2
9146.436,True,False,ONE_FINGER,True,False,0.46553,0.27742,465,391,True,True,BLOCK_ARMED,wood_2
9146.628,True,False,ONE_FINGER,True,False,0.51595,0.08316,515,117,True,True,SWIPING,wood_2
9146.836,True,False,ONE_FINGER,True,False,0.55254,0.00000,552,0,True,True,SWIPING,wood_2
9147.028,True,False,ONE_FINGER,True,False,0.60030,0.04404,600,62,True,True,SWIPING,wood_2
9147.239,True,False,ONE_FINGER,True,False,0.59884,0.09275,598,130,True,True,FAILED,wood_2
9147.428,True,False,ONE_FINGER,True,False,0.60066,0.11763,600,166,True,True,FAILED,wood_2
9147.635,True,False,ONE_FINGER,True,False,0.60630,0.13367,606,188,True,True,BLOCK_HOVER,wood_2
9147.828,True,False,ONE_FINGER,True,False,0.61008,0.19810,610,279,True,True,BLOCK_ARMED,wood_2
9148.035,True,False,ONE_FINGER,False,False,,,,,False,False,TRACKING,
9148.227,True,False,ONE_FINGER,False,False,,,,,False,False,TRACKING,
9148.435,True,False,ONE_FINGER,True,False,0.62239,0.41494,622,585,True,True,BLOCK_HOVER,wood_2
9148.628,True,False,ONE_FINGER,True,False,0.62032,0.32306,620,455,True,True,BLOCK_HOVER,wood_2
9148.837,True,False,ONE_FINGER,True,False,0.62227,0.31632,622,446,True,True,BLOCK_ARMED,wood_2
9149.028,True,False,ONE_FINGER,True,False,0.61836,0.33620,618,474,True,True,BLOCK_ARMED,wood_2
9149.236,True,False,ONE_FINGER,True,False,0.61801,0.33832,618,477,True,True,BLOCK_ARMED,wood_2
9149.428,True,False,ONE_FINGER,True,False,0.62906,0.34052,629,480,True,True,BLOCK_ARMED,wood_2
9149.636,True,False,ONE_FINGER,True,False,0.64949,0.39233,649,553,True,True,BLOCK_ARMED,wood_2
9149.828,True,False,ONE_FINGER,True,False,0.64310,0.35107,643,495,True,True,BLOCK_ARMED,wood_2
9150.035,True,False,ONE_FINGER,True,False,0.64248,0.35956,642,507,True,True,BLOCK_ARMED,wood_2
9150.228,True,False,ONE_FINGER,True,False,0.64497,0.38134,644,538,True,True,BLOCK_ARMED,wood_2
9150.437,True,False,ONE_FINGER,True,False,0.63772,0.30011,637,423,True,True,BLOCK_ARMED,wood_2
9150.628,True,False,ONE_FINGER,True,False,0.66242,0.34063,662,480,True,True,SWIPING,wood_2
9150.837,True,False,ONE_FINGER,False,False,,,,,False,False,SWIPING,wood_2
9151.027,True,False,ONE_FINGER,True,False,0.66874,0.37788,668,533,True,True,SWIPING,wood_2
9151.237,True,False,ONE_FINGER,True,False,0.67616,0.41226,676,581,True,True,SWIPING,wood_2
9151.428,True,False,ONE_FINGER,True,False,0.66396,0.33918,663,478,True,True,SWIPING,wood_2
9151.540,True,False,ONE_FINGER,True,False,0.66500,0.31411,665,443,True,True,SWIPING,wood_2
9151.732,True,False,ONE_FINGER,True,False,0.66640,0.31503,666,444,True,True,SWIPING,wood_2
9151.941,True,False,ONE_FINGER,True,False,0.66733,0.31587,667,445,True,True,SWIPING,wood_2
9152.132,True,False,ONE_FINGER,True,False,0.66757,0.31470,667,444,True,True,SWIPING,wood_2
9152.341,True,False,ONE_FINGER,False,False,,,,,False,False,SWIPING,wood_2
9152.532,True,False,ONE_FINGER,True,False,0.62566,0.32254,625,455,True,True,SWIPING,wood_2
9152.741,True,False,ONE_FINGER,True,False,0.76152,0.24562,761,346,True,True,SWIPING,wood_2
9152.933,True,False,ONE_FINGER,False,False,,,,,False,False,SWIPING,wood_2
9153.140,True,False,ONE_FINGER,True,False,0.73975,0.25634,739,361,True,True,FAILED,wood_2
9153.332,True,False,ONE_FINGER,True,False,0.72084,0.33882,720,478,True,True,FAILED,wood_2
9153.541,True,False,ONE_FINGER,True,False,0.72775,0.35169,727,496,True,True,BLOCK_HOVER,wood_2
9153.733,True,False,ONE_FINGER,True,False,0.72625,0.34668,726,489,True,True,BLOCK_HOVER,wood_2
9153.942,True,False,ONE_FINGER,True,False,0.72778,0.26941,727,380,True,True,SWIPING,wood_2
9154.132,True,False,ONE_FINGER,True,False,0.71553,0.25802,715,364,True,True,SWIPING,wood_2
9154.340,True,False,ONE_FINGER,True,False,0.72110,0.25446,721,359,True,True,SWIPING,wood_2
9154.533,True,False,ONE_FINGER,True,False,0.71417,0.25700,714,362,True,True,SWIPING,wood_2
9154.739,True,False,ONE_FINGER,True,False,0.71156,0.26943,711,380,True,True,SWIPING,wood_2
9154.932,True,False,ONE_FINGER,False,False,,,,,False,False,SWIPING,wood_2
9155.140,False,False,ONE_FINGER,False,False,,,,,False,False,SWIPING,wood_2
9155.336,False,False,ONE_FINGER,False,False,,,,,False,False,FAILED,wood_2
9155.542,False,False,ONE_FINGER,False,False,,,,,False,False,FAILED,wood_2
9155.642,False,False,ONE_FINGER,False,False,,,,,False,False,TRACKING,
9155.830,False,False,ONE_FINGER,False,False,,,,,False,False,TRACKING,
9155.942,False,False,ONE_FINGER,False,False,,,,,False,False,TRACKING,
9156.134,False,False,ONE_FINGER,False,False,,,,,False,False,TRACKING,
9156.341,False,False,ONE_FINGER,False,False,,,,,False,False,TRACKING,
9156.442,False,False,ONE_FINGER,False,False,,,,,False,False,TRACKING,
9156.636,False,False,ONE_FINGER,False,False,,,,,False,False,TRACKING,
9156.742,False,False,ONE_FINGER,False,False,,,,,False,False,TRACKING,
9156.843,False,False,ONE_FINGER,False,False,,,,,False,False,TRACKING,
9157.029,False,False,ONE_FINGER,False,False,,,,,False,False,TRACKING,
9157.142,False,False,ONE_FINGER,False,False,,,,,False,False,TRACKING,
9157.333,False,False,ONE_FINGER,False,False,,,,,False,False,TRACKING,
9157.541,False,False,ONE_FINGER,False,False,,,,,False,False,TRACKING,
9157.733,False,False,ONE_FINGER,False,False,,,,,False,False,TRACKING,
9157.943,False,False,ONE_FINGER,False,False,,,,,False,False,TRACKING,
9158.134,False,False,ONE_FINGER,False,False,,,,,False,False,TRACKING,
9158.343,False,False,ONE_FINGER,False,False,,,,,False,False,TRACKING,
9158.534,False,False,ONE_FINGER,False,False,,,,,False,False,TRACKING,
9158.639,False,False,ONE_FINGER,False,False,,,,,False,False,TRACKING,
9158.744,False,False,ONE_FINGER,False,False,,,,,False,False,TRACKING,
9158.936,False,False,ONE_FINGER,False,False,,,,,False,False,TRACKING,
9159.147,False,False,ONE_FINGER,False,False,,,,,False,False,TRACKING,
9159.336,False,False,ONE_FINGER,False,False,,,,,False,False,TRACKING,
9159.543,False,False,ONE_FINGER,False,False,,,,,False,False,TRACKING,
9159.644,False,False,ONE_FINGER,False,False,,,,,False,False,TRACKING,
9159.832,False,False,ONE_FINGER,False,False,,,,,False,False,TRACKING,
9159.949,False,False,ONE_FINGER,False,False,,,,,False,False,TRACKING,
9160.136,False,False,ONE_FINGER,False,False,,,,,False,False,TRACKING,
9160.240,False,False,ONE_FINGER,False,False,,,,,False,False,TRACKING,
9160.352,False,False,ONE_FINGER,False,False,,,,,False,False,TRACKING,
9160.453,False,False,ONE_FINGER,False,False,,,,,False,False,TRACKING,
9160.632,False,False,ONE_FINGER,False,False,,,,,False,False,TRACKING,
9160.748,False,False,ONE_FINGER,False,False,,,,,False,False,TRACKING,
9160.945,False,False,ONE_FINGER,False,False,,,,,False,False,TRACKING,
9161.143,False,False,ONE_FINGER,False,False,,,,,False,False,TRACKING,
9161.247,False,False,ONE_FINGER,False,False,,,,,False,False,TRACKING,
9161.436,False,False,ONE_FINGER,False,False,,,,,False,False,TRACKING,
9161.544,False,False,ONE_FINGER,False,False,,,,,False,False,TRACKING,
9161.738,False,False,ONE_FINGER,False,False,,,,,False,False,TRACKING,
9161.949,False,False,ONE_FINGER,False,False,,,,,False,False,TRACKING,
9162.147,False,False,ONE_FINGER,False,False,,,,,False,False,TRACKING,
9162.344,False,False,ONE_FINGER,False,False,,,,,False,False,TRACKING,
9162.535,False,False,ONE_FINGER,False,False,,,,,False,False,TRACKING,
9162.748,False,False,ONE_FINGER,False,False,,,,,False,False,TRACKING,
9162.852,False,False,ONE_FINGER,False,False,,,,,False,False,TRACKING,
9163.032,False,False,ONE_FINGER,False,False,,,,,False,False,TRACKING,
9163.145,False,False,ONE_FINGER,False,False,,,,,False,False,TRACKING,
9163.340,False,False,ONE_FINGER,False,False,,,,,False,False,TRACKING,
9163.547,False,False,ONE_FINGER,False,False,,,,,False,False,TRACKING,
9163.736,False,False,ONE_FINGER,False,False,,,,,False,False,TRACKING,
9163.952,False,False,ONE_FINGER,False,False,,,,,False,False,TRACKING,
9164.140,False,False,ONE_FINGER,False,False,,,,,False,False,TRACKING,
9164.345,False,False,ONE_FINGER,False,False,,,,,False,False,TRACKING,
9164.543,False,False,ONE_FINGER,False,False,,,,,False,False,TRACKING,
9164.748,False,False,ONE_FINGER,False,False,,,,,False,False,TRACKING,
9164.939,False,False,ONE_FINGER,False,False,,,,,False,False,TRACKING,
9165.145,False,False,ONE_FINGER,False,False,,,,,False,False,TRACKING,
9165.344,False,False,ONE_FINGER,False,False,,,,,False,False,TRACKING,
9165.545,False,False,ONE_FINGER,False,False,,,,,False,False,TRACKING,
9165.648,False,False,ONE_FINGER,False,False,,,,,False,False,TRACKING,
9165.835,False,False,ONE_FINGER,False,False,,,,,False,False,TRACKING,
9165.945,False,False,ONE_FINGER,False,False,,,,,False,False,TRACKING,
9166.050,False,False,ONE_FINGER,False,False,,,,,False,False,TRACKING,
9166.232,False,False,ONE_FINGER,False,False,,,,,False,False,TRACKING,
9166.353,False,False,ONE_FINGER,False,False,,,,,False,False,TRACKING,
9166.536,False,False,ONE_FINGER,False,False,,,,,False,False,TRACKING,
9166.745,False,False,ONE_FINGER,False,False,,,,,False,False,TRACKING,
9166.948,False,False,ONE_FINGER,False,False,,,,,False,False,TRACKING,
9167.152,False,False,ONE_FINGER,False,False,,,,,False,False,TRACKING,
9167.348,False,False,ONE_FINGER,False,False,,,,,False,False,TRACKING,
9167.543,False,False,ONE_FINGER,False,False,,,,,False,False,TRACKING,
9167.643,False,False,ONE_FINGER,False,False,,,,,False,False,TRACKING,
9167.832,False,False,ONE_FINGER,False,False,,,,,False,False,TRACKING,
9167.948,False,False,ONE_FINGER,False,False,,,,,False,False,TRACKING,
9168.140,False,False,ONE_FINGER,False,False,,,,,False,False,TRACKING,
9168.353,False,False,ONE_FINGER,False,False,,,,,False,False,TRACKING,
9168.540,False,False,ONE_FINGER,False,False,,,,,False,False,TRACKING,
9168.645,False,False,ONE_FINGER,False,False,,,,,False,False,TRACKING,
9168.749,False,False,ONE_FINGER,False,False,,,,,False,False,TRACKING,
9168.943,False,False,ONE_FINGER,False,False,,,,,False,False,TRACKING,
9169.152,False,False,ONE_FINGER,False,False,,,,,False,False,TRACKING,
9169.340,False,False,ONE_FINGER,False,False,,,,,False,False,TRACKING,
9169.553,False,False,ONE_FINGER,False,False,,,,,False,False,TRACKING,
9169.739,False,False,ONE_FINGER,False,False,,,,,False,False,TRACKING,
9169.840,False,False,ONE_FINGER,False,False,,,,,False,False,TRACKING,
9169.946,False,False,ONE_FINGER,False,False,,,,,False,False,TRACKING,
9170.052,False,False,ONE_FINGER,False,False,,,,,False,False,TRACKING,
9170.236,True,False,ONE_FINGER,False,False,,,,,False,False,TRACKING,
9170.352,True,False,ONE_FINGER,True,True,0.60826,0.46902,608,661,True,True,BLOCK_HOVER,wood_2
9170.540,True,False,ONE_FINGER,True,True,0.61388,0.45173,613,637,True,True,BLOCK_HOVER,wood_2
9170.748,True,False,ONE_FINGER,True,True,0.56651,0.45044,566,635,True,True,BLOCK_ARMED,wood_2
9170.941,True,False,ONE_FINGER,True,True,0.68700,0.50843,687,717,False,True,BLOCK_ARMED,wood_2
9171.143,False,True,ONE_FINGER,False,False,0.67181,0.60805,671,858,False,True,BLOCK_HOVER,wood_2
9171.344,False,False,ONE_FINGER,False,False,,,,,False,False,BLOCK_HOVER,wood_2
9171.545,False,False,ONE_FINGER,False,False,,,,,False,False,TRACKING,
9171.742,False,False,ONE_FINGER,False,False,,,,,False,False,TRACKING,
9171.962,False,False,ONE_FINGER,False,False,,,,,False,False,TRACKING,
9172.134,False,False,ONE_FINGER,False,False,,,,,False,False,TRACKING,
9172.238,False,False,ONE_FINGER,False,False,,,,,False,False,TRACKING,
9172.348,False,False,ONE_FINGER,False,False,,,,,False,False,TRACKING,
9172.450,False,False,ONE_FINGER,False,False,,,,,False,False,TRACKING,
9172.635,False,False,ONE_FINGER,False,False,,,,,False,False,TRACKING,
9172.752,False,False,ONE_FINGER,False,False,,,,,False,False,TRACKING,
9172.857,True,False,ONE_FINGER,False,False,,,,,False,False,TRACKING,
9173.034,True,False,ONE_FINGER,False,True,,,,,False,False,TRACKING,
9173.154,True,False,ONE_FINGER,False,True,,,,,False,False,TRACKING,
9173.347,True,False,ONE_FINGER,True,True,0.61158,0.52849,611,745,False,True,BLOCK_HOVER,wood_2
9173.552,True,False,ONE_FINGER,True,True,0.66000,0.54838,660,773,False,True,BLOCK_ARMED,wood_2
9173.735,True,False,ONE_FINGER,True,True,0.67129,0.65600,671,875,False,True,BLOCK_HOVER,wood_2
9173.954,True,False,ONE_FINGER,False,False,,,,,False,False,BLOCK_HOVER,wood_2
9174.144,False,False,ONE_FINGER,False,False,,,,,False,False,BLOCK_HOVER,wood_2
9174.357,False,False,ONE_FINGER,False,False,,,,,False,False,TRACKING,
9174.544,False,False,ONE_FINGER,False,False,,,,,False,False,TRACKING,
9174.748,False,False,ONE_FINGER,False,False,,,,,False,False,TRACKING,
9174.940,False,False,ONE_FINGER,False,False,,,,,False,False,TRACKING,
9175.153,False,False,ONE_FINGER,False,False,,,,,False,False,TRACKING,
9175.340,False,False,ONE_FINGER,False,False,,,,,False,False,TRACKING,
9175.444,False,False,ONE_FINGER,False,False,,,,,False,False,TRACKING,
9175.546,False,False,ONE_FINGER,False,False,,,,,False,False,TRACKING,
9175.748,False,False,ONE_FINGER,False,False,,,,,False,False,TRACKING,
9175.945,False,False,ONE_FINGER,False,False,,,,,False,False,TRACKING,
9176.148,False,False,ONE_FINGER,False,False,,,,,False,False,TRACKING,
9176.345,False,False,ONE_FINGER,False,False,,,,,False,False,TRACKING,
9176.448,False,False,ONE_FINGER,False,False,,,,,False,False,TRACKING,
9176.644,False,False,ONE_FINGER,False,False,,,,,False,False,TRACKING,
9176.749,False,False,ONE_FINGER,False,False,,,,,False,False,TRACKING,
9176.853,False,False,ONE_FINGER,False,False,,,,,False,False,TRACKING,
9177.044,False,False,ONE_FINGER,False,False,,,,,False,False,TRACKING,
9177.150,False,False,ONE_FINGER,False,False,,,,,False,False,TRACKING,
9177.340,False,False,ONE_FINGER,False,False,,,,,False,False,TRACKING,
9177.444,False,False,ONE_FINGER,False,False,,,,,False,False,TRACKING,
9177.644,False,False,ONE_FINGER,False,False,,,,,False,False,TRACKING,
9177.844,False,False,ONE_FINGER,False,False,,,,,False,False,TRACKING,
9177.945,False,False,ONE_FINGER,False,False,,,,,False,False,TRACKING,
9178.051,False,False,ONE_FINGER,False,False,,,,,False,False,TRACKING,
9178.230,False,False,ONE_FINGER,False,False,,,,,False,False,TRACKING,
9178.348,False,False,ONE_FINGER,False,False,,,,,False,False,TRACKING,
9178.449,False,False,ONE_FINGER,False,False,,,,,False,False,TRACKING,
9178.638,False,False,ONE_FINGER,False,False,,,,,False,False,TRACKING,
9178.744,False,False,ONE_FINGER,False,False,,,,,False,False,TRACKING,
9178.936,False,False,ONE_FINGER,False,False,,,,,False,False,TRACKING,
9179.144,False,False,ONE_FINGER,False,False,,,,,False,False,TRACKING,
9179.336,False,False,ONE_FINGER,False,False,,,,,False,False,TRACKING,
9179.437,False,False,ONE_FINGER,False,False,,,,,False,False,TRACKING,
9179.544,False,False,ONE_FINGER,False,False,,,,,False,False,TRACKING,
9179.747,False,False,ONE_FINGER,False,False,,,,,False,False,TRACKING,
9179.948,False,False,ONE_FINGER,False,False,,,,,False,False,TRACKING,
9180.145,False,False,ONE_FINGER,False,False,,,,,False,False,TRACKING,
9180.349,False,False,ONE_FINGER,False,False,,,,,False,False,TRACKING,
9180.549,False,False,ONE_FINGER,False,False,,,,,False,False,TRACKING,
9180.744,False,False,ONE_FINGER,False,False,,,,,False,False,TRACKING,
9180.951,False,False,ONE_FINGER,False,False,,,,,False,False,TRACKING,
9181.153,False,False,ONE_FINGER,False,False,,,,,False,False,TRACKING,
9181.341,False,False,ONE_FINGER,False,False,,,,,False,False,TRACKING,
9181.553,False,False,ONE_FINGER,False,False,,,,,False,False,TRACKING,
9181.736,False,False,ONE_FINGER,False,False,,,,,False,False,TRACKING,
9181.840,False,False,ONE_FINGER,False,False,,,,,False,False,TRACKING,
9181.956,False,False,ONE_FINGER,False,False,,,,,False,False,TRACKING,
9182.148,False,False,ONE_FINGER,False,False,,,,,False,False,TRACKING,
9182.348,False,False,ONE_FINGER,False,False,,,,,False,False,TRACKING,
9182.548,False,False,ONE_FINGER,False,False,,,,,False,False,TRACKING,
9182.748,False,False,ONE_FINGER,False,False,,,,,False,False,TRACKING,
9182.947,False,False,ONE_FINGER,False,False,,,,,False,False,TRACKING,
9183.143,False,False,ONE_FINGER,False,False,,,,,False,False,TRACKING,
9183.343,False,False,ONE_FINGER,False,False,,,,,False,False,TRACKING,
9183.544,False,False,ONE_FINGER,False,False,,,,,False,False,TRACKING,
9183.748,False,False,ONE_FINGER,False,False,,,,,False,False,TRACKING,
9183.947,False,False,ONE_FINGER,False,False,,,,,False,False,TRACKING,
9184.140,False,False,ONE_FINGER,False,False,,,,,False,False,TRACKING,
9184.348,False,False,ONE_FINGER,False,False,,,,,False,False,TRACKING,
9184.544,False,False,ONE_FINGER,False,False,,,,,False,False,TRACKING,
9184.749,False,False,ONE_FINGER,False,False,,,,,False,False,TRACKING,
9184.943,False,False,ONE_FINGER,False,False,,,,,False,False,TRACKING,
9185.148,False,False,ONE_FINGER,False,False,,,,,False,False,TRACKING,
9185.344,False,False,ONE_FINGER,False,False,,,,,False,False,TRACKING,
9185.548,False,False,ONE_FINGER,False,False,,,,,False,False,TRACKING,
9185.736,False,False,ONE_FINGER,False,False,,,,,False,False,TRACKING,
9185.957,False,False,ONE_FINGER,False,False,,,,,False,False,TRACKING,
9186.148,False,False,ONE_FINGER,False,False,,,,,False,False,TRACKING,
9186.353,False,False,ONE_FINGER,False,False,,,,,False,False,TRACKING,
9186.546,False,False,ONE_FINGER,False,False,,,,,False,False,TRACKING,
9186.748,False,False,ONE_FINGER,False,False,,,,,False,False,TRACKING,
9186.940,False,False,ONE_FINGER,False,False,,,,,False,False,TRACKING,
9187.040,False,False,ONE_FINGER,False,False,,,,,False,False,TRACKING,
9187.148,False,False,ONE_FINGER,False,False,,,,,False,False,TRACKING,
9187.252,False,False,ONE_FINGER,False,False,,,,,False,False,TRACKING,
9187.445,False,False,ONE_FINGER,False,False,,,,,False,False,TRACKING,
9187.549,False,False,ONE_FINGER,False,False,,,,,False,False,TRACKING,
9187.748,False,False,ONE_FINGER,False,False,,,,,False,False,TRACKING,
9187.950,False,False,ONE_FINGER,False,False,,,,,False,False,TRACKING,
9188.141,False,False,ONE_FINGER,False,False,,,,,False,False,TRACKING,
9188.353,False,False,ONE_FINGER,False,False,,,,,False,False,TRACKING,
9188.537,False,False,ONE_FINGER,False,False,,,,,False,False,TRACKING,
9188.757,False,False,ONE_FINGER,False,False,,,,,False,False,TRACKING,
9188.941,False,False,ONE_FINGER,False,False,,,,,False,False,TRACKING,
9189.044,False,False,ONE_FINGER,False,False,,,,,False,False,TRACKING,
9189.151,False,False,ONE_FINGER,False,False,,,,,False,False,TRACKING,
9189.340,False,False,ONE_FINGER,False,False,,,,,False,False,TRACKING,
9189.441,False,False,ONE_FINGER,False,False,,,,,False,False,TRACKING,
9189.555,False,False,ONE_FINGER,False,False,,,,,False,False,TRACKING,
9189.740,False,False,ONE_FINGER,False,False,,,,,False,False,TRACKING,
9189.952,False,False,ONE_FINGER,False,False,,,,,False,False,TRACKING,
9190.136,False,False,ONE_FINGER,False,False,,,,,False,False,TRACKING,
9190.236,False,False,ONE_FINGER,False,False,,,,,False,False,TRACKING,
9190.345,False,False,ONE_FINGER,False,False,,,,,False,False,TRACKING,
9190.535,False,False,ONE_FINGER,False,False,,,,,False,False,TRACKING,
9190.641,False,False,ONE_FINGER,False,False,,,,,False,False,TRACKING,
9190.744,False,False,ONE_FINGER,False,False,,,,,False,False,TRACKING,
9190.940,False,False,ONE_FINGER,False,False,,,,,False,False,TRACKING,
9191.145,False,False,ONE_FINGER,False,False,,,,,False,False,TRACKING,
9191.344,False,False,ONE_FINGER,False,False,,,,,False,False,TRACKING,
9191.546,False,False,ONE_FINGER,False,False,,,,,False,False,TRACKING,
9191.737,False,False,ONE_FINGER,False,False,,,,,False,False,TRACKING,
9191.840,False,False,ONE_FINGER,False,False,,,,,False,False,TRACKING,
9191.944,False,False,ONE_FINGER,False,False,,,,,False,False,TRACKING,
9192.140,False,False,ONE_FINGER,False,False,,,,,False,False,TRACKING,
9192.345,False,False,ONE_FINGER,False,False,,,,,False,False,TRACKING,
9192.450,False,False,ONE_FINGER,False,False,,,,,False,False,TRACKING,
9192.643,False,False,ONE_FINGER,False,False,,,,,False,False,TRACKING,
9192.757,False,False,ONE_FINGER,False,False,,,,,False,False,TRACKING,
9192.944,False,False,ONE_FINGER,False,False,,,,,False,False,TRACKING,
9193.153,False,False,ONE_FINGER,False,False,,,,,False,False,TRACKING,
9193.342,False,False,ONE_FINGER,False,False,,,,,False,False,TRACKING,
9193.549,False,False,ONE_FINGER,False,False,,,,,False,False,TRACKING,
9193.737,False,False,ONE_FINGER,False,False,,,,,False,False,TRACKING,
9193.945,False,False,ONE_FINGER,False,False,,,,,False,False,TRACKING,
9194.138,False,False,ONE_FINGER,False,False,,,,,False,False,TRACKING,
9194.243,False,False,ONE_FINGER,False,False,,,,,False,False,TRACKING,
9194.349,False,False,ONE_FINGER,False,False,,,,,False,False,TRACKING,
9194.453,False,False,ONE_FINGER,False,False,,,,,False,False,TRACKING,
9194.632,False,False,ONE_FINGER,False,False,,,,,False,False,TRACKING,
9194.744,False,False,ONE_FINGER,False,False,,,,,False,False,TRACKING,
9194.949,False,False,ONE_FINGER,False,False,,,,,False,False,TRACKING,
9195.157,False,False,ONE_FINGER,False,False,,,,,False,False,TRACKING,
9195.345,False,False,ONE_FINGER,False,False,,,,,False,False,TRACKING,
9195.553,False,False,ONE_FINGER,False,False,,,,,False,False,TRACKING,
9195.736,False,False,ONE_FINGER,False,False,,,,,False,False,TRACKING,
9195.836,False,False,ONE_FINGER,False,False,,,,,False,False,TRACKING,
9195.953,False,False,ONE_FINGER,False,False,,,,,False,False,TRACKING,
9196.138,False,False,ONE_FINGER,False,False,,,,,False,False,TRACKING,
9196.353,False,False,ONE_FINGER,False,False,,,,,False,False,TRACKING,
9196.546,False,False,ONE_FINGER,False,False,,,,,False,False,TRACKING,
9196.757,False,False,ONE_FINGER,False,False,,,,,False,False,TRACKING,
9196.936,False,False,ONE_FINGER,False,False,,,,,False,False,TRACKING,
9197.037,False,False,ONE_FINGER,False,False,,,,,False,False,TRACKING,
9197.149,False,False,ONE_FINGER,False,False,,,,,False,False,TRACKING,
9197.349,False,False,ONE_FINGER,False,False,,,,,False,False,TRACKING,
9197.545,False,False,ONE_FINGER,False,False,,,,,False,False,TRACKING,
9197.654,False,False,ONE_FINGER,False,False,,,,,False,False,TRACKING,
9197.832,False,False,ONE_FINGER,False,False,,,,,False,False,TRACKING,
9197.945,False,False,ONE_FINGER,False,False,,,,,False,False,TRACKING,
9198.045,False,False,ONE_FINGER,False,False,,,,,False,False,TRACKING,
9198.241,False,False,ONE_FINGER,False,False,,,,,False,False,TRACKING,
9198.345,False,False,ONE_FINGER,False,False,,,,,False,False,TRACKING,
9198.453,False,False,ONE_FINGER,False,False,,,,,False,False,TRACKING,
9198.632,False,False,ONE_FINGER,False,False,,,,,False,False,TRACKING,
9198.749,False,False,ONE_FINGER,False,False,,,,,False,False,TRACKING,
9198.853,False,False,ONE_FINGER,False,False,,,,,False,False,TRACKING,
9199.038,False,False,ONE_FINGER,False,False,,,,,False,False,TRACKING,
9199.150,False,False,ONE_FINGER,False,False,,,,,False,False,TRACKING,
9199.337,False,False,ONE_FINGER,False,False,,,,,False,False,TRACKING,
9199.549,False,False,ONE_FINGER,False,False,,,,,False,False,TRACKING,
9199.736,False,False,ONE_FINGER,False,False,,,,,False,False,TRACKING,
9199.837,False,False,ONE_FINGER,False,False,,,,,False,False,TRACKING,
9199.943,False,False,ONE_FINGER,False,False,,,,,False,False,TRACKING,
9200.145,False,False,ONE_FINGER,False,False,,,,,False,False,TRACKING,
9200.344,False,False,ONE_FINGER,False,False,,,,,False,False,TRACKING,
9200.453,False,False,ONE_FINGER,False,False,,,,,False,False,TRACKING,
9200.645,False,False,ONE_FINGER,False,False,,,,,False,False,TRACKING,
9200.746,False,False,ONE_FINGER,False,False,,,,,False,False,TRACKING,
9200.943,False,False,ONE_FINGER,False,False,,,,,False,False,TRACKING,
9201.149,False,False,ONE_FINGER,False,False,,,,,False,False,TRACKING,
9201.345,False,False,ONE_FINGER,False,False,,,,,False,False,TRACKING,
9201.549,False,False,ONE_FINGER,False,False,,,,,False,False,TRACKING,
9201.737,False,False,ONE_FINGER,False,False,,,,,False,False,TRACKING,
9201.944,False,False,ONE_FINGER,False,False,,,,,False,False,TRACKING,
9202.056,False,False,ONE_FINGER,False,False,,,,,False,False,TRACKING,
9202.242,False,False,ONE_FINGER,False,False,,,,,False,False,TRACKING,
9202.345,False,False,ONE_FINGER,False,False,,,,,False,False,TRACKING,
9202.549,False,False,ONE_FINGER,False,False,,,,,False,False,TRACKING,
9202.757,False,False,ONE_FINGER,False,False,,,,,False,False,TRACKING,
9202.943,False,False,ONE_FINGER,False,False,,,,,False,False,TRACKING,
9203.145,False,False,ONE_FINGER,False,False,,,,,False,False,TRACKING,
9203.350,False,False,ONE_FINGER,False,False,,,,,False,False,TRACKING,
9203.547,False,False,ONE_FINGER,False,False,,,,,False,False,TRACKING,
9203.737,False,False,ONE_FINGER,False,False,,,,,False,False,TRACKING,
9203.845,False,False,ONE_FINGER,False,False,,,,,False,False,TRACKING,
9203.954,False,False,ONE_FINGER,False,False,,,,,False,False,TRACKING,
9204.141,False,False,ONE_FINGER,False,False,,,,,False,False,TRACKING,
9204.345,False,False,ONE_FINGER,False,False,,,,,False,False,TRACKING,
9204.449,False,False,ONE_FINGER,False,False,,,,,False,False,TRACKING,
9204.637,False,False,ONE_FINGER,False,False,,,,,False,False,TRACKING,
9204.745,False,False,ONE_FINGER,False,False,,,,,False,False,TRACKING,
9204.943,False,False,ONE_FINGER,False,False,,,,,False,False,TRACKING,
9205.044,False,False,ONE_FINGER,False,False,,,,,False,False,TRACKING,
9205.145,False,False,ONE_FINGER,False,False,,,,,False,False,TRACKING,
9205.349,False,False,ONE_FINGER,False,False,,,,,False,False,TRACKING,
9205.558,False,False,ONE_FINGER,False,False,,,,,False,False,TRACKING,
9205.737,False,False,ONE_FINGER,False,False,,,,,False,False,TRACKING,
9205.949,False,False,ONE_FINGER,False,False,,,,,False,False,TRACKING,
9206.053,False,False,ONE_FINGER,False,False,,,,,False,False,TRACKING,
9206.241,False,False,ONE_FINGER,False,False,,,,,False,False,TRACKING,
9206.345,False,False,ONE_FINGER,False,False,,,,,False,False,TRACKING,
9206.450,False,False,ONE_FINGER,False,False,,,,,False,False,TRACKING,
9206.631,False,False,ONE_FINGER,False,False,,,,,False,False,TRACKING,
9206.754,False,False,ONE_FINGER,False,False,,,,,False,False,TRACKING,
9206.941,False,False,ONE_FINGER,False,False,,,,,False,False,TRACKING,
9207.146,False,False,ONE_FINGER,False,False,,,,,False,False,TRACKING,
9207.253,False,False,ONE_FINGER,False,False,,,,,False,False,TRACKING,
9207.437,False,False,ONE_FINGER,False,False,,,,,False,False,TRACKING,
9207.550,False,False,ONE_FINGER,False,False,,,,,False,False,TRACKING,
9207.740,False,False,ONE_FINGER,False,False,,,,,False,False,TRACKING,
9207.945,False,False,ONE_FINGER,False,False,,,,,False,False,TRACKING,
9208.141,False,False,ONE_FINGER,False,False,,,,,False,False,TRACKING,
9208.345,False,False,ONE_FINGER,False,False,,,,,False,False,TRACKING,
9208.542,False,False,ONE_FINGER,False,False,,,,,False,False,TRACKING,
9208.750,False,False,ONE_FINGER,False,False,,,,,False,False,TRACKING,
9208.945,False,False,ONE_FINGER,False,False,,,,,False,False,TRACKING,
9209.146,False,False,ONE_FINGER,False,False,,,,,False,False,TRACKING,
9209.337,False,False,ONE_FINGER,False,False,,,,,False,False,TRACKING,
9209.445,False,False,ONE_FINGER,False,False,,,,,False,False,TRACKING,
9209.645,False,False,ONE_FINGER,False,False,,,,,False,False,TRACKING,
9209.836,False,False,ONE_FINGER,False,False,,,,,False,False,TRACKING,
9209.945,False,False,ONE_FINGER,False,False,,,,,False,False,TRACKING,
9210.145,False,False,ONE_FINGER,False,False,,,,,False,False,TRACKING,
9210.345,False,False,ONE_FINGER,False,False,,,,,False,False,TRACKING,
9210.448,False,False,ONE_FINGER,False,False,,,,,False,False,TRACKING,
9210.641,False,False,ONE_FINGER,False,False,,,,,False,False,TRACKING,
9210.746,False,False,ONE_FINGER,False,False,,,,,False,False,TRACKING,
9210.846,False,False,ONE_FINGER,False,False,,,,,False,False,TRACKING,
9211.046,False,False,ONE_FINGER,False,False,,,,,False,False,TRACKING,
9211.152,False,False,ONE_FINGER,False,False,,,,,False,False,TRACKING,
9211.346,False,False,ONE_FINGER,False,False,,,,,False,False,TRACKING,
9211.545,False,False,ONE_FINGER,False,False,,,,,False,False,TRACKING,
9211.646,False,False,ONE_FINGER,False,False,,,,,False,False,TRACKING,
9211.844,False,False,ONE_FINGER,False,False,,,,,False,False,TRACKING,
9211.949,False,False,ONE_FINGER,False,False,,,,,False,False,TRACKING,
9212.142,False,False,ONE_FINGER,False,False,,,,,False,False,TRACKING,
9212.345,False,False,ONE_FINGER,False,False,,,,,False,False,TRACKING,
9212.544,False,False,ONE_FINGER,False,False,,,,,False,False,TRACKING,
9212.750,False,False,ONE_FINGER,False,False,,,,,False,False,TRACKING,
9212.950,False,False,ONE_FINGER,False,False,,,,,False,False,TRACKING,
9213.146,False,False,ONE_FINGER,False,False,,,,,False,False,TRACKING,
9213.337,False,False,ONE_FINGER,False,False,,,,,False,False,TRACKING,
9213.445,False,False,ONE_FINGER,False,False,,,,,False,False,TRACKING,
9213.645,False,False,ONE_FINGER,False,False,,,,,False,False,TRACKING,
9213.749,False,False,ONE_FINGER,False,False,,,,,False,False,TRACKING,
9213.953,False,False,ONE_FINGER,False,False,,,,,False,False,TRACKING,
9214.139,False,False,ONE_FINGER,False,False,,,,,False,False,TRACKING,
9214.357,False,False,ONE_FINGER,False,False,,,,,False,False,TRACKING,
9214.541,False,False,ONE_FINGER,False,False,,,,,False,False,TRACKING,
9214.753,False,False,ONE_FINGER,False,False,,,,,False,False,TRACKING,
9214.946,False,False,ONE_FINGER,False,False,,,,,False,False,TRACKING,
9215.145,False,False,ONE_FINGER,False,False,,,,,False,False,TRACKING,
9215.250,False,False,ONE_FINGER,False,False,,,,,False,False,TRACKING,
9215.433,False,False,ONE_FINGER,False,False,,,,,False,False,TRACKING,
9215.546,False,False,ONE_FINGER,False,False,,,,,False,False,TRACKING,
9215.745,False,False,ONE_FINGER,False,False,,,,,False,False,TRACKING,
9215.954,False,False,ONE_FINGER,False,False,,,,,False,False,TRACKING,
9216.145,False,False,ONE_FINGER,False,False,,,,,False,False,TRACKING,
9216.354,False,False,ONE_FINGER,False,False,,,,,False,False,TRACKING,
9216.538,False,False,ONE_FINGER,False,False,,,,,False,False,TRACKING,
9216.749,False,False,ONE_FINGER,False,False,,,,,False,False,TRACKING,
9216.945,False,False,ONE_FINGER,False,False,,,,,False,False,TRACKING,
9217.145,False,False,ONE_FINGER,False,False,,,,,False,False,TRACKING,
9217.337,False,False,ONE_FINGER,False,False,,,,,False,False,TRACKING,
9217.437,False,False,ONE_FINGER,False,False,,,,,False,False,TRACKING,
9217.546,False,False,ONE_FINGER,False,False,,,,,False,False,TRACKING,
9217.652,False,False,ONE_FINGER,False,False,,,,,False,False,TRACKING,
9217.836,False,False,ONE_FINGER,False,False,,,,,False,False,TRACKING,
9217.945,False,False,ONE_FINGER,False,False,,,,,False,False,TRACKING,
9218.047,False,False,ONE_FINGER,False,False,,,,,False,False,TRACKING,
9218.232,False,False,ONE_FINGER,False,False,,,,,False,False,TRACKING,
9218.345,False,False,ONE_FINGER,False,False,,,,,False,False,TRACKING,
9218.548,False,False,ONE_FINGER,False,False,,,,,False,False,TRACKING,
9218.754,False,False,ONE_FINGER,False,False,,,,,False,False,TRACKING,
9218.949,False,False,ONE_FINGER,False,False,,,,,False,False,TRACKING,
9219.142,False,False,ONE_FINGER,False,False,,,,,False,False,TRACKING,
9219.249,False,False,ONE_FINGER,False,False,,,,,False,False,TRACKING,
9219.446,False,False,ONE_FINGER,False,False,,,,,False,False,TRACKING,
9219.645,False,False,ONE_FINGER,False,False,,,,,False,False,TRACKING,
9219.843,False,False,ONE_FINGER,False,False,,,,,False,False,TRACKING,
9219.956,False,False,ONE_FINGER,False,False,,,,,False,False,TRACKING,
9220.137,False,False,ONE_FINGER,False,False,,,,,False,False,TRACKING,
9220.349,False,False,ONE_FINGER,False,False,,,,,False,False,TRACKING,
9220.453,False,False,ONE_FINGER,False,False,,,,,False,False,TRACKING,
9220.637,False,False,ONE_FINGER,False,False,,,,,False,False,TRACKING,
9220.749,False,False,ONE_FINGER,False,False,,,,,False,False,TRACKING,
9220.941,False,False,ONE_FINGER,False,False,,,,,False,False,TRACKING,
9221.146,False,False,ONE_FINGER,False,False,,,,,False,False,TRACKING,
9221.337,False,False,ONE_FINGER,False,False,,,,,False,False,TRACKING,
9221.549,False,False,ONE_FINGER,False,False,,,,,False,False,TRACKING,
9221.738,False,False,ONE_FINGER,False,False,,,,,False,False,TRACKING,
9221.950,False,False,ONE_FINGER,False,False,,,,,False,False,TRACKING,
9222.138,False,False,ONE_FINGER,False,False,,,,,False,False,TRACKING,
9222.345,False,False,ONE_FINGER,False,False,,,,,False,False,TRACKING,
9222.538,False,False,ONE_FINGER,False,False,,,,,False,False,TRACKING,
9222.645,False,False,ONE_FINGER,False,False,,,,,False,False,TRACKING,
9222.746,False,False,ONE_FINGER,False,False,,,,,False,False,TRACKING,
9222.850,False,False,ONE_FINGER,False,False,,,,,False,False,TRACKING,
9223.039,False,False,ONE_FINGER,False,False,,,,,False,False,TRACKING,
9223.145,False,False,ONE_FINGER,False,False,,,,,False,False,TRACKING,
9223.245,False,False,ONE_FINGER,False,False,,,,,False,False,TRACKING,
9223.433,False,False,ONE_FINGER,False,False,,,,,False,False,TRACKING,
9223.547,False,False,ONE_FINGER,False,False,,,,,False,False,TRACKING,
9223.738,False,False,ONE_FINGER,False,False,,,,,False,False,TRACKING,
9223.950,False,False,ONE_FINGER,False,False,,,,,False,False,TRACKING,
9224.137,False,False,ONE_FINGER,False,False,,,,,False,False,TRACKING,
9224.238,False,False,ONE_FINGER,False,False,,,,,False,False,TRACKING,
9224.354,False,False,ONE_FINGER,False,False,,,,,False,False,TRACKING,
9224.538,False,False,ONE_FINGER,False,False,,,,,False,False,TRACKING,
9224.641,False,False,ONE_FINGER,False,False,,,,,False,False,TRACKING,
9224.746,False,False,ONE_FINGER,False,False,,,,,False,False,TRACKING,
9224.947,False,False,ONE_FINGER,False,False,,,,,False,False,TRACKING,
9225.147,False,False,ONE_FINGER,False,False,,,,,False,False,TRACKING,
9225.337,False,False,ONE_FINGER,False,False,,,,,False,False,TRACKING,
9225.545,False,False,ONE_FINGER,False,False,,,,,False,False,TRACKING,
9225.647,False,False,ONE_FINGER,False,False,,,,,False,False,TRACKING,
9225.834,False,False,ONE_FINGER,False,False,,,,,False,False,TRACKING,
9225.947,False,False,ONE_FINGER,False,False,,,,,False,False,TRACKING,
9226.137,False,False,ONE_FINGER,False,False,,,,,False,False,TRACKING,
9226.351,False,False,ONE_FINGER,False,False,,,,,False,False,TRACKING,
9226.538,False,False,ONE_FINGER,False,False,,,,,False,False,TRACKING,
9226.747,False,False,ONE_FINGER,False,False,,,,,False,False,TRACKING,
9226.938,False,False,ONE_FINGER,False,False,,,,,False,False,TRACKING,
9227.046,False,False,ONE_FINGER,False,False,,,,,False,False,TRACKING,
9227.146,False,False,ONE_FINGER,False,False,,,,,False,False,TRACKING,
9227.247,False,False,ONE_FINGER,False,False,,,,,False,False,TRACKING,
9227.446,False,False,ONE_FINGER,False,False,,,,,False,False,TRACKING,
9227.640,False,False,ONE_FINGER,False,False,,,,,False,False,TRACKING,
9227.745,False,False,ONE_FINGER,False,False,,,,,False,False,TRACKING,
9227.945,False,False,ONE_FINGER,False,False,,,,,False,False,TRACKING,
9228.137,False,False,ONE_FINGER,False,False,,,,,False,False,TRACKING,
9228.237,False,False,ONE_FINGER,False,False,,,,,False,False,TRACKING,
9228.346,False,False,ONE_FINGER,False,False,,,,,False,False,TRACKING,
9228.446,False,False,ONE_FINGER,False,False,,,,,False,False,TRACKING,
9228.637,False,False,ONE_FINGER,False,False,,,,,False,False,TRACKING,
9228.745,False,False,ONE_FINGER,False,False,,,,,False,False,TRACKING,
9228.851,False,False,ONE_FINGER,False,False,,,,,False,False,TRACKING,
9229.037,False,False,ONE_FINGER,False,False,,,,,False,False,TRACKING,
9229.145,False,False,ONE_FINGER,False,False,,,,,False,False,TRACKING,
9229.246,False,False,ONE_FINGER,False,False,,,,,False,False,TRACKING,
9229.430,False,False,ONE_FINGER,False,False,,,,,False,False,TRACKING,
9229.546,False,False,ONE_FINGER,False,False,,,,,False,False,TRACKING,
9229.738,False,False,ONE_FINGER,False,False,,,,,False,False,TRACKING,
9229.947,False,False,ONE_FINGER,False,False,,,,,False,False,TRACKING,
9230.137,False,False,ONE_FINGER,False,False,,,,,False,False,TRACKING,
9230.347,False,False,ONE_FINGER,False,False,,,,,False,False,TRACKING,
9230.537,False,False,ONE_FINGER,False,False,,,,,False,False,TRACKING,
9230.746,False,False,ONE_FINGER,False,False,,,,,False,False,TRACKING,
9230.846,False,False,ONE_FINGER,False,False,,,,,False,False,TRACKING,
9231.034,False,False,ONE_FINGER,False,False,,,,,False,False,TRACKING,
9231.145,False,False,ONE_FINGER,False,False,,,,,False,False,TRACKING,
9231.341,False,False,ONE_FINGER,False,False,,,,,False,False,TRACKING,
9231.546,False,False,ONE_FINGER,False,False,,,,,False,False,TRACKING,
9231.741,False,False,ONE_FINGER,False,False,,,,,False,False,TRACKING,
9231.946,False,False,ONE_FINGER,False,False,,,,,False,False,TRACKING,
9232.134,False,False,ONE_FINGER,False,False,,,,,False,False,TRACKING,
9232.237,False,False,ONE_FINGER,False,False,,,,,False,False,TRACKING,
9232.347,False,False,ONE_FINGER,False,False,,,,,False,False,TRACKING,
9232.538,False,False,ONE_FINGER,False,False,,,,,False,False,TRACKING,
9232.647,False,False,ONE_FINGER,False,False,,,,,False,False,TRACKING,
9232.839,False,False,ONE_FINGER,False,False,,,,,False,False,TRACKING,
9233.037,False,False,ONE_FINGER,False,False,,,,,False,False,TRACKING,
9233.147,False,False,ONE_FINGER,False,False,,,,,False,False,TRACKING,
9233.337,False,False,ONE_FINGER,False,False,,,,,False,False,TRACKING,
9233.546,False,False,ONE_FINGER,False,False,,,,,False,False,TRACKING,
9233.739,False,False,ONE_FINGER,False,False,,,,,False,False,TRACKING,
9233.947,False,False,ONE_FINGER,False,False,,,,,False,False,TRACKING,
9234.147,False,False,ONE_FINGER,False,False,,,,,False,False,TRACKING,
9234.346,False,False,ONE_FINGER,False,False,,,,,False,False,TRACKING,
9234.454,False,False,ONE_FINGER,False,False,,,,,False,False,TRACKING,
9234.634,False,False,ONE_FINGER,False,False,,,,,False,False,TRACKING,
9234.746,False,False,ONE_FINGER,False,False,,,,,False,False,TRACKING,
9234.851,False,False,ONE_FINGER,False,False,,,,,False,False,TRACKING,
9235.037,False,False,ONE_FINGER,False,False,,,,,False,False,TRACKING,
9235.146,False,False,ONE_FINGER,False,False,,,,,False,False,TRACKING,
9235.337,False,False,ONE_FINGER,False,False,,,,,False,False,TRACKING,
9235.542,False,False,ONE_FINGER,False,False,,,,,False,False,TRACKING,
9235.642,False,False,ONE_FINGER,False,False,,,,,False,False,TRACKING,
9235.749,False,False,ONE_FINGER,False,False,,,,,False,False,TRACKING,
9235.946,False,False,ONE_FINGER,False,False,,,,,False,False,TRACKING,
9236.134,False,False,ONE_FINGER,False,False,,,,,False,False,TRACKING,
9236.351,False,False,ONE_FINGER,False,False,,,,,False,False,TRACKING,
9236.546,False,False,ONE_FINGER,False,False,,,,,False,False,TRACKING,
9236.746,False,False,ONE_FINGER,False,False,,,,,False,False,TRACKING,
9236.934,False,False,ONE_FINGER,False,False,,,,,False,False,TRACKING,
9237.151,False,False,ONE_FINGER,False,False,,,,,False,False,TRACKING,
9237.342,False,False,ONE_FINGER,False,False,,,,,False,False,TRACKING,
9237.546,False,False,ONE_FINGER,False,False,,,,,False,False,TRACKING,
9237.739,False,False,ONE_FINGER,False,False,,,,,False,False,TRACKING,
9237.946,False,False,ONE_FINGER,False,False,,,,,False,False,TRACKING,
9238.139,False,False,ONE_FINGER,False,False,,,,,False,False,TRACKING,
9238.343,False,False,ONE_FINGER,False,False,,,,,False,False,TRACKING,
9238.539,False,False,ONE_FINGER,False,False,,,,,False,False,TRACKING,
9238.743,False,False,ONE_FINGER,False,False,,,,,False,False,TRACKING,
9238.938,False,False,ONE_FINGER,False,False,,,,,False,False,TRACKING,
9239.142,False,False,ONE_FINGER,False,False,,,,,False,False,TRACKING,
9239.250,False,False,ONE_FINGER,False,False,,,,,False,False,TRACKING,
9239.430,False,False,ONE_FINGER,False,False,,,,,False,False,TRACKING,
9239.550,False,False,ONE_FINGER,False,False,,,,,False,False,TRACKING,
9239.734,False,False,ONE_FINGER,False,False,,,,,False,False,TRACKING,
9239.842,False,False,ONE_FINGER,False,False,,,,,False,False,TRACKING,
9239.946,False,False,ONE_FINGER,False,False,,,,,False,False,TRACKING,
9240.046,False,False,ONE_FINGER,False,False,,,,,False,False,TRACKING,
9240.234,False,False,ONE_FINGER,False,False,,,,,False,False,TRACKING,
9240.343,False,False,ONE_FINGER,False,False,,,,,False,False,TRACKING,
9240.446,False,False,ONE_FINGER,False,False,,,,,False,False,TRACKING,
9240.631,False,False,ONE_FINGER,False,False,,,,,False,False,TRACKING,
9240.746,False,False,ONE_FINGER,False,False,,,,,False,False,TRACKING,
9240.946,False,False,ONE_FINGER,False,False,,,,,False,False,TRACKING,
9241.146,False,False,ONE_FINGER,False,False,,,,,False,False,TRACKING,
9241.340,False,False,ONE_FINGER,False,False,,,,,False,False,TRACKING,
9241.445,False,False,ONE_FINGER,False,False,,,,,False,False,TRACKING,
9241.646,False,False,ONE_FINGER,False,False,,,,,False,False,TRACKING,
9241.834,False,False,ONE_FINGER,False,False,,,,,False,False,TRACKING,
9241.946,False,False,ONE_FINGER,False,False,,,,,False,False,TRACKING,
9242.047,False,False,ONE_FINGER,False,False,,,,,False,False,TRACKING,
9242.238,False,False,ONE_FINGER,False,False,,,,,False,False,TRACKING,
9242.346,False,False,ONE_FINGER,False,False,,,,,False,False,TRACKING,
9242.451,False,False,ONE_FINGER,False,False,,,,,False,False,TRACKING,
9242.630,False,False,ONE_FINGER,False,False,,,,,False,False,TRACKING,
9242.746,False,False,ONE_FINGER,False,False,,,,,False,False,TRACKING,
9242.938,False,False,ONE_FINGER,False,False,,,,,False,False,TRACKING,
9243.146,False,False,ONE_FINGER,False,False,,,,,False,False,TRACKING,
9243.335,False,False,ONE_FINGER,False,False,,,,,False,False,TRACKING,
9243.444,False,False,ONE_FINGER,False,False,,,,,False,False,TRACKING,
9243.547,False,False,ONE_FINGER,False,False,,,,,False,False,TRACKING,
9243.739,False,False,ONE_FINGER,False,False,,,,,False,False,TRACKING,
9243.947,False,False,ONE_FINGER,False,False,,,,,False,False,TRACKING,
9244.047,False,False,ONE_FINGER,False,False,,,,,False,False,TRACKING,
9244.231,False,False,ONE_FINGER,False,False,,,,,False,False,TRACKING,
9244.346,False,False,ONE_FINGER,False,False,,,,,False,False,TRACKING,
9244.539,False,False,ONE_FINGER,False,False,,,,,False,False,TRACKING,
9244.754,False,False,ONE_FINGER,False,False,,,,,False,False,TRACKING,
9244.935,False,False,ONE_FINGER,False,False,,,,,False,False,TRACKING,
9245.146,False,False,ONE_FINGER,False,False,,,,,False,False,TRACKING,
9245.335,False,False,ONE_FINGER,False,False,,,,,False,False,TRACKING,
9245.546,False,False,ONE_FINGER,False,False,,,,,False,False,TRACKING,
9245.743,False,False,ONE_FINGER,False,False,,,,,False,False,TRACKING,
9245.955,False,False,ONE_FINGER,False,False,,,,,False,False,TRACKING,
9246.135,False,False,ONE_FINGER,False,False,,,,,False,False,TRACKING,
9246.238,False,False,ONE_FINGER,False,False,,,,,False,False,TRACKING,
9246.342,False,False,ONE_FINGER,False,False,,,,,False,False,TRACKING,
9246.539,False,False,ONE_FINGER,False,False,,,,,False,False,TRACKING,
9246.747,False,False,ONE_FINGER,False,False,,,,,False,False,TRACKING,
9246.941,False,False,ONE_FINGER,False,False,,,,,False,False,TRACKING,
9247.147,False,False,ONE_FINGER,False,False,,,,,False,False,TRACKING,
9247.339,False,False,ONE_FINGER,False,False,,,,,False,False,TRACKING,
9247.546,False,False,ONE_FINGER,False,False,,,,,False,False,TRACKING,
9247.739,False,False,ONE_FINGER,False,False,,,,,False,False,TRACKING,
9247.943,False,False,ONE_FINGER,False,False,,,,,False,False,TRACKING,
9248.139,False,False,ONE_FINGER,False,False,,,,,False,False,TRACKING,
9248.348,False,False,ONE_FINGER,False,False,,,,,False,False,TRACKING,
9248.538,False,False,ONE_FINGER,False,False,,,,,False,False,TRACKING,
9248.746,False,False,ONE_FINGER,False,False,,,,,False,False,TRACKING,
9248.939,False,False,ONE_FINGER,False,False,,,,,False,False,TRACKING,
9249.039,False,False,ONE_FINGER,False,False,,,,,False,False,TRACKING,
9249.146,False,False,ONE_FINGER,False,False,,,,,False,False,TRACKING,
9249.246,False,False,ONE_FINGER,False,False,,,,,False,False,TRACKING,
9249.434,False,False,ONE_FINGER,False,False,,,,,False,False,TRACKING,
9249.547,False,False,ONE_FINGER,False,False,,,,,False,False,TRACKING,
9249.653,False,False,ONE_FINGER,False,False,,,,,False,False,TRACKING,
9249.838,False,False,ONE_FINGER,False,False,,,,,False,False,TRACKING,
9249.952,False,False,ONE_FINGER,False,False,,,,,False,False,TRACKING,
9250.138,False,False,ONE_FINGER,False,False,,,,,False,False,TRACKING,
9250.346,False,False,ONE_FINGER,False,False,,,,,False,False,TRACKING,
9250.535,False,False,ONE_FINGER,False,False,,,,,False,False,TRACKING,
9250.755,False,False,ONE_FINGER,False,False,,,,,False,False,TRACKING,
9250.935,False,False,ONE_FINGER,False,False,,,,,False,False,TRACKING,
9251.146,False,False,ONE_FINGER,False,False,,,,,False,False,TRACKING,
9251.338,False,False,ONE_FINGER,False,False,,,,,False,False,TRACKING,
9251.546,False,False,ONE_FINGER,False,False,,,,,False,False,TRACKING,
9251.735,False,False,ONE_FINGER,False,False,,,,,False,False,TRACKING,
9251.948,False,False,ONE_FINGER,False,False,,,,,False,False,TRACKING,
9252.142,False,False,ONE_FINGER,False,False,,,,,False,False,TRACKING,
9252.350,False,False,ONE_FINGER,False,False,,,,,False,False,TRACKING,
9252.542,False,False,ONE_FINGER,False,False,,,,,False,False,TRACKING,
9252.748,False,False,ONE_FINGER,False,False,,,,,False,False,TRACKING,
9252.939,False,False,ONE_FINGER,False,False,,,,,False,False,TRACKING,
9253.046,False,False,ONE_FINGER,False,False,,,,,False,False,TRACKING,
9253.242,False,False,ONE_FINGER,False,False,,,,,False,False,TRACKING,
9253.439,False,False,ONE_FINGER,False,False,,,,,False,False,TRACKING,
9253.555,False,False,ONE_FINGER,False,False,,,,,False,False,TRACKING,
9253.738,False,False,ONE_FINGER,False,False,,,,,False,False,TRACKING,
9253.946,False,False,ONE_FINGER,False,False,,,,,False,False,TRACKING,
9254.139,False,False,ONE_FINGER,False,False,,,,,False,False,TRACKING,
9254.352,False,False,ONE_FINGER,False,False,,,,,False,False,TRACKING,
9254.542,False,False,ONE_FINGER,False,False,,,,,False,False,TRACKING,
9254.743,False,False,ONE_FINGER,False,False,,,,,False,False,TRACKING,
9254.935,False,False,ONE_FINGER,False,False,,,,,False,False,TRACKING,
9255.146,False,False,ONE_FINGER,False,False,,,,,False,False,TRACKING,
9255.335,False,False,ONE_FINGER,False,False,,,,,False,False,TRACKING,
9255.438,False,False,ONE_FINGER,False,False,,,,,False,False,TRACKING,
9255.546,False,False,ONE_FINGER,False,False,,,,,False,False,TRACKING,
9255.735,False,False,ONE_FINGER,False,False,,,,,False,False,TRACKING,
9255.951,False,False,ONE_FINGER,False,False,,,,,False,False,TRACKING,
9256.136,False,False,ONE_FINGER,False,False,,,,,False,False,TRACKING,
9256.346,False,False,ONE_FINGER,False,False,,,,,False,False,TRACKING,
9256.542,False,False,ONE_FINGER,False,False,,,,,False,False,TRACKING,
9256.746,False,False,ONE_FINGER,False,False,,,,,False,False,TRACKING,
9256.935,False,False,ONE_FINGER,False,False,,,,,False,False,TRACKING,
9257.038,False,False,ONE_FINGER,False,False,,,,,False,False,TRACKING,
9257.143,False,False,ONE_FINGER,False,False,,,,,False,False,TRACKING,
9257.346,False,False,ONE_FINGER,False,False,,,,,False,False,TRACKING,
9257.547,False,False,ONE_FINGER,False,False,,,,,False,False,TRACKING,
9257.738,False,False,ONE_FINGER,False,False,,,,,False,False,TRACKING,
9257.947,False,False,ONE_FINGER,False,False,,,,,False,False,TRACKING,
9258.047,False,False,ONE_FINGER,False,False,,,,,False,False,TRACKING,
9258.231,False,False,ONE_FINGER,False,False,,,,,False,False,TRACKING,
9258.358,False,False,ONE_FINGER,False,False,,,,,False,False,TRACKING,
9258.540,False,False,ONE_FINGER,False,False,,,,,False,False,TRACKING,
9258.747,False,False,ONE_FINGER,False,False,,,,,False,False,TRACKING,
9258.938,False,False,ONE_FINGER,False,False,,,,,False,False,TRACKING,
9259.147,False,False,ONE_FINGER,False,False,,,,,False,False,TRACKING,
9259.335,False,False,ONE_FINGER,False,False,,,,,False,False,TRACKING,
9259.438,False,False,ONE_FINGER,False,False,,,,,False,False,TRACKING,
9259.547,False,False,ONE_FINGER,False,False,,,,,False,False,TRACKING,
9259.735,False,False,ONE_FINGER,False,False,,,,,False,False,TRACKING,
9259.955,False,False,ONE_FINGER,False,False,,,,,False,False,TRACKING,
9260.135,False,False,ONE_FINGER,False,False,,,,,False,False,TRACKING,
9260.351,False,False,ONE_FINGER,False,False,,,,,False,False,TRACKING,
9260.535,False,False,ONE_FINGER,False,False,,,,,False,False,TRACKING,
9260.747,False,False,ONE_FINGER,False,False,,,,,False,False,TRACKING,
9260.947,False,False,ONE_FINGER,False,False,,,,,False,False,TRACKING,
9261.152,False,False,ONE_FINGER,False,False,,,,,False,False,TRACKING,
9261.339,False,False,ONE_FINGER,False,False,,,,,False,False,TRACKING,
9261.552,False,False,ONE_FINGER,False,False,,,,,False,False,TRACKING,
9261.735,False,False,ONE_FINGER,False,False,,,,,False,False,TRACKING,
9261.842,False,False,ONE_FINGER,False,False,,,,,False,False,TRACKING,
9261.947,False,False,ONE_FINGER,False,False,,,,,False,False,TRACKING,
9262.135,False,False,ONE_FINGER,False,False,,,,,False,False,TRACKING,
9262.351,False,False,ONE_FINGER,False,False,,,,,False,False,TRACKING,
9262.547,False,False,ONE_FINGER,False,False,,,,,False,False,TRACKING,
9262.743,False,False,ONE_FINGER,False,False,,,,,False,False,TRACKING,
9262.935,False,False,ONE_FINGER,False,False,,,,,False,False,TRACKING,
9263.038,False,False,ONE_FINGER,False,False,,,,,False,False,TRACKING,
9263.147,False,False,ONE_FINGER,False,False,,,,,False,False,TRACKING,
9263.340,False,False,ONE_FINGER,False,False,,,,,False,False,TRACKING,
9263.548,False,False,ONE_FINGER,False,False,,,,,False,False,TRACKING,
9263.739,False,False,ONE_FINGER,False,False,,,,,False,False,TRACKING,
9263.948,False,False,ONE_FINGER,False,False,,,,,False,False,TRACKING,
9264.135,False,False,ONE_FINGER,False,False,,,,,False,False,TRACKING,
9264.235,False,False,ONE_FINGER,False,False,,,,,False,False,TRACKING,
9264.347,False,False,ONE_FINGER,False,False,,,,,False,False,TRACKING,
9264.544,False,False,ONE_FINGER,False,False,,,,,False,False,TRACKING,
9264.645,False,False,ONE_FINGER,False,False,,,,,False,False,TRACKING,
9264.751,False,False,ONE_FINGER,False,False,,,,,False,False,TRACKING,
9264.940,False,False,ONE_FINGER,False,False,,,,,False,False,TRACKING,
9265.147,False,False,ONE_FINGER,False,False,,,,,False,False,TRACKING,
9265.247,False,False,ONE_FINGER,False,False,,,,,False,False,TRACKING,
9265.438,False,False,ONE_FINGER,False,False,,,,,False,False,TRACKING,
9265.547,False,False,ONE_FINGER,False,False,,,,,False,False,TRACKING,
9265.748,False,False,ONE_FINGER,False,False,,,,,False,False,TRACKING,
9265.947,False,False,ONE_FINGER,False,False,,,,,False,False,TRACKING,
9266.135,False,False,ONE_FINGER,False,False,,,,,False,False,TRACKING,
9266.347,False,False,ONE_FINGER,False,False,,,,,False,False,TRACKING,
9266.543,False,False,ONE_FINGER,False,False,,,,,False,False,TRACKING,
9266.747,False,False,ONE_FINGER,False,False,,,,,False,False,TRACKING,
9266.935,False,False,ONE_FINGER,False,False,,,,,False,False,TRACKING,
9267.144,False,False,ONE_FINGER,False,False,,,,,False,False,TRACKING,
9267.335,False,False,ONE_FINGER,False,False,,,,,False,False,TRACKING,
9267.547,False,False,ONE_FINGER,False,False,,,,,False,False,TRACKING,
9267.739,False,False,ONE_FINGER,False,False,,,,,False,False,TRACKING,
9267.951,False,False,ONE_FINGER,False,False,,,,,False,False,TRACKING,
9268.147,False,False,ONE_FINGER,False,False,,,,,False,False,TRACKING,
9268.347,False,False,ONE_FINGER,False,False,,,,,False,False,TRACKING,
9268.540,False,False,ONE_FINGER,False,False,,,,,False,False,TRACKING,
9268.744,False,False,ONE_FINGER,False,False,,,,,False,False,TRACKING,
9268.936,False,False,ONE_FINGER,False,False,,,,,False,False,TRACKING,
9269.036,False,False,ONE_FINGER,False,False,,,,,False,False,TRACKING,
9269.143,False,False,ONE_FINGER,False,False,,,,,False,False,TRACKING,
9269.335,False,False,ONE_FINGER,False,False,,,,,False,False,TRACKING,
9269.555,False,False,ONE_FINGER,False,False,,,,,False,False,TRACKING,
9269.735,False,False,ONE_FINGER,False,False,,,,,False,False,TRACKING,
9269.839,False,False,ONE_FINGER,False,False,,,,,False,False,TRACKING,
9269.948,False,False,ONE_FINGER,False,False,,,,,False,False,TRACKING,
9270.139,False,False,ONE_FINGER,False,False,,,,,False,False,TRACKING,
9270.246,False,False,ONE_FINGER,False,False,,,,,False,False,TRACKING,
9270.347,False,False,ONE_FINGER,False,False,,,,,False,False,TRACKING,
9270.447,False,False,ONE_FINGER,False,False,,,,,False,False,TRACKING,
9270.639,False,False,ONE_FINGER,False,False,,,,,False,False,TRACKING,
9270.747,False,False,ONE_FINGER,False,False,,,,,False,False,TRACKING,
9270.943,False,False,ONE_FINGER,False,False,,,,,False,False,TRACKING,
9271.151,False,False,ONE_FINGER,False,False,,,,,False,False,TRACKING,
9271.336,False,False,ONE_FINGER,False,False,,,,,False,False,TRACKING,
9271.552,False,False,ONE_FINGER,False,False,,,,,False,False,TRACKING,
9271.736,False,False,ONE_FINGER,False,False,,,,,False,False,TRACKING,
9271.839,False,False,ONE_FINGER,False,False,,,,,False,False,TRACKING,
9271.947,False,False,ONE_FINGER,False,False,,,,,False,False,TRACKING,
9272.143,False,False,ONE_FINGER,False,False,,,,,False,False,TRACKING,
9272.347,False,False,ONE_FINGER,False,False,,,,,False,False,TRACKING,
9272.543,False,False,ONE_FINGER,False,False,,,,,False,False,TRACKING,
9272.747,False,False,ONE_FINGER,False,False,,,,,False,False,TRACKING,
9272.940,False,False,ONE_FINGER,False,False,,,,,False,False,TRACKING,
9273.147,False,False,ONE_FINGER,False,False,,,,,False,False,TRACKING,
9273.336,True,False,ONE_FINGER,False,False,,,,,False,False,TRACKING,
9273.440,True,False,ONE_FINGER,False,False,,,,,False,False,TRACKING,
9273.548,True,False,ONE_FINGER,False,False,,,,,False,False,TRACKING,
9273.736,True,False,ONE_FINGER,False,False,,,,,False,False,TRACKING,
9273.947,True,False,ONE_FINGER,False,False,,,,,False,False,TRACKING,
9274.136,False,False,ONE_FINGER,False,False,,,,,False,False,TRACKING,
9274.239,False,False,ONE_FINGER,False,False,,,,,False,False,TRACKING,
9274.351,False,False,ONE_FINGER,False,False,,,,,False,False,TRACKING,
9274.540,False,False,ONE_FINGER,False,False,,,,,False,False,TRACKING,
9274.743,False,False,ONE_FINGER,False,False,,,,,False,False,TRACKING,
9274.843,False,False,ONE_FINGER,False,False,,,,,False,False,TRACKING,
9275.040,False,False,ONE_FINGER,False,False,,,,,False,False,TRACKING,
9275.147,False,False,ONE_FINGER,False,False,,,,,False,False,TRACKING,
9275.340,False,False,ONE_FINGER,False,False,,,,,False,False,TRACKING,
9275.544,False,False,ONE_FINGER,False,False,,,,,False,False,TRACKING,
9275.736,False,False,ONE_FINGER,False,False,,,,,False,False,TRACKING,
9275.844,False,False,ONE_FINGER,False,False,,,,,False,False,TRACKING,
9275.948,False,False,ONE_FINGER,False,False,,,,,False,False,TRACKING,
9276.139,False,False,ONE_FINGER,False,False,,,,,False,False,TRACKING,
9276.343,False,False,ONE_FINGER,False,False,,,,,False,False,TRACKING,
9276.536,False,False,ONE_FINGER,False,False,,,,,False,False,TRACKING,
9276.747,False,False,ONE_FINGER,False,False,,,,,False,False,TRACKING,
9276.942,False,False,ONE_FINGER,False,False,,,,,False,False,TRACKING,
9277.143,False,False,ONE_FINGER,False,False,,,,,False,False,TRACKING,
9277.247,False,False,ONE_FINGER,False,False,,,,,False,False,TRACKING,
9277.432,False,False,ONE_FINGER,False,False,,,,,False,False,TRACKING,
9277.543,False,False,ONE_FINGER,False,False,,,,,False,False,TRACKING,
9277.740,False,False,ONE_FINGER,False,False,,,,,False,False,TRACKING,
9277.943,False,False,ONE_FINGER,False,False,,,,,False,False,TRACKING,
9278.147,False,False,ONE_FINGER,False,False,,,,,False,False,TRACKING,
9278.344,False,False,ONE_FINGER,False,False,,,,,False,False,TRACKING,
9278.539,False,False,ONE_FINGER,False,False,,,,,False,False,TRACKING,
9278.747,False,False,ONE_FINGER,False,False,,,,,False,False,TRACKING,
9278.936,False,False,ONE_FINGER,False,False,,,,,False,False,TRACKING,
9279.144,False,False,ONE_FINGER,False,False,,,,,False,False,TRACKING,
9279.339,False,False,ONE_FINGER,False,False,,,,,False,False,TRACKING,
9279.547,False,False,ONE_FINGER,False,False,,,,,False,False,TRACKING,
9279.735,False,False,ONE_FINGER,False,False,,,,,False,False,TRACKING,
9279.836,False,False,ONE_FINGER,False,False,,,,,False,False,TRACKING,
9279.943,False,False,ONE_FINGER,False,False,,,,,False,False,TRACKING,
9280.140,False,False,ONE_FINGER,False,False,,,,,False,False,TRACKING,
9280.348,False,False,ONE_FINGER,False,False,,,,,False,False,TRACKING,
9280.544,False,False,ONE_FINGER,False,False,,,,,False,False,TRACKING,
9280.749,False,False,ONE_FINGER,False,False,,,,,False,False,TRACKING,
9280.936,False,False,ONE_FINGER,False,False,,,,,False,False,TRACKING,
9281.147,False,False,ONE_FINGER,False,False,,,,,False,False,TRACKING,
9281.339,False,False,ONE_FINGER,False,False,,,,,False,False,TRACKING,
9281.544,False,False,ONE_FINGER,False,False,,,,,False,False,TRACKING,
9281.736,False,False,ONE_FINGER,False,False,,,,,False,False,TRACKING,
9281.845,False,False,ONE_FINGER,False,False,,,,,False,False,TRACKING,
9281.951,False,False,ONE_FINGER,False,False,,,,,False,False,TRACKING,
9282.136,False,False,ONE_FINGER,False,False,,,,,False,False,TRACKING,
9282.238,False,False,ONE_FINGER,False,False,,,,,False,False,TRACKING,
9282.352,False,False,ONE_FINGER,False,False,,,,,False,False,TRACKING,
9282.536,False,False,ONE_FINGER,False,False,,,,,False,False,TRACKING,
9282.644,False,False,ONE_FINGER,False,False,,,,,False,False,TRACKING,
9282.751,False,False,ONE_FINGER,False,False,,,,,False,False,TRACKING,
9282.939,False,False,ONE_FINGER,False,False,,,,,False,False,TRACKING,
9283.039,False,False,ONE_FINGER,False,False,,,,,False,False,TRACKING,
9283.156,False,False,ONE_FINGER,False,False,,,,,False,False,TRACKING,
9283.342,False,False,ONE_FINGER,False,False,,,,,False,False,TRACKING,
9283.548,False,False,ONE_FINGER,False,False,,,,,False,False,TRACKING,
9283.735,False,False,ONE_FINGER,False,False,,,,,False,False,TRACKING,
9283.835,False,False,ONE_FINGER,False,False,,,,,False,False,TRACKING,
9283.943,False,False,ONE_FINGER,False,False,,,,,False,False,TRACKING,
9284.139,False,False,ONE_FINGER,False,False,,,,,False,False,TRACKING,
9284.239,False,False,ONE_FINGER,False,False,,,,,False,False,TRACKING,
9284.352,False,False,ONE_FINGER,False,False,,,,,False,False,TRACKING,
9284.536,False,False,ONE_FINGER,False,False,,,,,False,False,TRACKING,
9284.748,False,False,ONE_FINGER,False,False,,,,,False,False,TRACKING,
9284.936,False,False,ONE_FINGER,False,False,,,,,False,False,TRACKING,
9285.143,False,False,ONE_FINGER,False,False,,,,,False,False,TRACKING,
9285.336,False,False,ONE_FINGER,False,False,,,,,False,False,TRACKING,
9285.448,False,False,ONE_FINGER,False,False,,,,,False,False,TRACKING,
9285.643,False,False,ONE_FINGER,False,False,,,,,False,False,TRACKING,
9285.836,False,False,ONE_FINGER,False,False,,,,,False,False,TRACKING,
9285.955,False,False,ONE_FINGER,False,False,,,,,False,False,TRACKING,
9286.143,False,False,ONE_FINGER,False,False,,,,,False,False,TRACKING,
9286.343,False,False,ONE_FINGER,False,False,,,,,False,False,TRACKING,
9286.539,False,False,ONE_FINGER,False,False,,,,,False,False,TRACKING,
9286.643,False,False,ONE_FINGER,False,False,,,,,False,False,TRACKING,
9286.748,False,False,ONE_FINGER,False,False,,,,,False,False,TRACKING,
9286.936,False,False,ONE_FINGER,False,False,,,,,False,False,TRACKING,
9287.152,False,False,ONE_FINGER,False,False,,,,,False,False,TRACKING,
9287.339,False,False,ONE_FINGER,False,False,,,,,False,False,TRACKING,
9287.544,False,False,ONE_FINGER,False,False,,,,,False,False,TRACKING,
9287.649,False,False,ONE_FINGER,False,False,,,,,False,False,TRACKING,
9287.839,False,False,ONE_FINGER,False,False,,,,,False,False,TRACKING,
9287.948,False,False,ONE_FINGER,False,False,,,,,False,False,TRACKING,
9288.139,False,False,ONE_FINGER,False,False,,,,,False,False,TRACKING,
9288.241,False,False,ONE_FINGER,False,False,,,,,False,False,TRACKING,
9288.348,False,False,ONE_FINGER,False,False,,,,,False,False,TRACKING,
9288.535,False,False,ONE_FINGER,False,False,,,,,False,False,TRACKING,
9288.643,False,False,ONE_FINGER,False,False,,,,,False,False,TRACKING,
9288.747,False,False,ONE_FINGER,False,False,,,,,False,False,TRACKING,
9288.939,False,False,ONE_FINGER,False,False,,,,,False,False,TRACKING,
9289.043,False,False,ONE_FINGER,False,False,,,,,False,False,TRACKING,
9289.144,False,False,ONE_FINGER,False,False,,,,,False,False,TRACKING,
9289.339,False,False,ONE_FINGER,False,False,,,,,False,False,TRACKING,
9289.549,True,False,ONE_FINGER,False,False,,,,,False,False,TRACKING,
9289.735,False,False,ONE_FINGER,False,False,,,,,False,False,TRACKING,
9289.839,False,False,ONE_FINGER,False,False,,,,,False,False,TRACKING,
9289.953,False,False,ONE_FINGER,False,False,,,,,False,False,TRACKING,
9290.140,False,False,ONE_FINGER,False,False,,,,,False,False,TRACKING,
9290.352,False,False,ONE_FINGER,False,False,,,,,False,False,TRACKING,
9290.535,False,False,ONE_FINGER,False,False,,,,,False,False,TRACKING,
9290.748,False,False,ONE_FINGER,False,False,,,,,False,False,TRACKING,
9290.940,False,False,ONE_FINGER,False,False,,,,,False,False,TRACKING,
9291.155,False,False,ONE_FINGER,False,False,,,,,False,False,TRACKING,
9291.339,False,False,ONE_FINGER,False,False,,,,,False,False,TRACKING,
9291.445,False,False,ONE_FINGER,False,False,,,,,False,False,TRACKING,
9291.547,False,False,ONE_FINGER,False,False,,,,,False,False,TRACKING,
9291.737,False,False,ONE_FINGER,False,False,,,,,False,False,TRACKING,
9291.844,False,False,ONE_FINGER,False,False,,,,,False,False,TRACKING,
9291.949,False,False,ONE_FINGER,False,False,,,,,False,False,TRACKING,
9292.140,False,False,ONE_FINGER,False,False,,,,,False,False,TRACKING,
9292.345,False,False,ONE_FINGER,False,False,,,,,False,False,TRACKING,
9292.446,False,False,ONE_FINGER,False,False,,,,,False,False,TRACKING,
9292.635,False,False,ONE_FINGER,False,False,,,,,False,False,TRACKING,
9292.745,False,False,ONE_FINGER,False,False,,,,,False,False,TRACKING,
9292.950,False,False,ONE_FINGER,False,False,,,,,False,False,TRACKING,
9293.148,False,False,ONE_FINGER,False,False,,,,,False,False,TRACKING,
9293.336,False,False,ONE_FINGER,False,False,,,,,False,False,TRACKING,
9293.548,False,False,ONE_FINGER,False,False,,,,,False,False,TRACKING,
9293.740,False,False,ONE_FINGER,False,False,,,,,False,False,TRACKING,
9293.948,False,False,ONE_FINGER,False,False,,,,,False,False,TRACKING,
9294.136,False,False,ONE_FINGER,False,False,,,,,False,False,TRACKING,
9294.345,False,False,ONE_FINGER,False,False,,,,,False,False,TRACKING,
9294.448,False,False,ONE_FINGER,False,False,,,,,False,False,TRACKING,
9294.636,False,False,ONE_FINGER,False,False,,,,,False,False,TRACKING,
9294.752,False,False,ONE_FINGER,False,False,,,,,False,False,TRACKING,
9294.939,False,False,ONE_FINGER,False,False,,,,,False,False,TRACKING,
9295.143,False,False,ONE_FINGER,False,False,,,,,False,False,TRACKING,
9295.334,False,False,ONE_FINGER,False,False,,,,,False,False,TRACKING,
9295.545,False,False,ONE_FINGER,False,False,,,,,False,False,TRACKING,
