timestamp,hand_detected,cursor_held,finger_mode,index_extended,middle_extended,raw_x,raw_y,virtual_x,virtual_y,inside_window,inside_interaction,state,target_block
9530.247,False,False,ONE_FINGER,False,False,,,,,False,False,TRACKING,
9531.348,True,False,ONE_FINGER,False,False,,,,,False,False,TRACKING,
9531.501,True,False,ONE_FINGER,False,False,,,,,False,False,TRACKING,
9531.696,True,False,ONE_FINGER,False,False,,,,,False,False,TRACKING,
9531.888,True,False,ONE_FINGER,False,False,,,,,False,False,TRACKING,
9532.094,True,False,ONE_FINGER,False,False,,,,,False,False,TRACKING,
9532.288,True,False,ONE_FINGER,False,False,,,,,False,False,TRACKING,
9532.474,True,False,ONE_FINGER,False,False,,,,,False,False,TRACKING,
9532.592,True,False,ONE_FINGER,False,False,,,,,False,False,TRACKING,
9532.783,True,False,ONE_FINGER,False,False,,,,,False,False,TRACKING,
9532.895,True,False,ONE_FINGER,False,False,,,,,False,False,TRACKING,
9533.088,True,False,ONE_FINGER,False,False,,,,,False,False,TRACKING,
9533.296,True,False,ONE_FINGER,False,False,,,,,False,False,TRACKING,
9533.487,True,False,ONE_FINGER,False,False,,,,,False,False,TRACKING,
9533.696,True,False,ONE_FINGER,False,False,,,,,False,False,TRACKING,
9533.887,True,False,ONE_FINGER,False,False,,,,,False,False,TRACKING,
9534.095,True,False,ONE_FINGER,False,False,,,,,False,False,TRACKING,
9534.288,True,False,ONE_FINGER,False,False,,,,,False,False,TRACKING,
9534.494,True,False,ONE_FINGER,False,False,,,,,False,False,TRACKING,
9534.688,True,False,ONE_FINGER,False,False,,,,,False,False,TRACKING,
9534.897,True,False,ONE_FINGER,False,False,,,,,False,False,TRACKING,
9535.088,True,False,ONE_FINGER,False,False,,,,,False,False,TRACKING,
9535.296,True,False,ONE_FINGER,False,False,,,,,False,False,TRACKING,
9535.487,True,False,ONE_FINGER,False,False,,,,,False,False,TRACKING,
9535.695,True,False,ONE_FINGER,False,False,,,,,False,False,TRACKING,
9535.888,True,False,ONE_FINGER,False,False,,,,,False,False,TRACKING,
9536.096,True,False,ONE_FINGER,False,False,,,,,False,False,TRACKING,
9536.287,True,False,ONE_FINGER,False,False,,,,,False,False,TRACKING,
9536.496,True,False,ONE_FINGER,False,False,,,,,False,False,TRACKING,
9536.686,True,False,ONE_FINGER,False,False,,,,,False,False,TRACKING,
9536.895,True,False,ONE_FINGER,False,False,,,,,False,False,TRACKING,
9537.088,True,False,ONE_FINGER,False,False,,,,,False,False,TRACKING,
9537.295,True,False,ONE_FINGER,False,False,,,,,False,False,TRACKING,
9537.488,True,False,ONE_FINGER,False,False,,,,,False,False,TRACKING,
9537.696,True,False,ONE_FINGER,False,False,,,,,False,False,TRACKING,
9537.888,True,False,ONE_FINGER,False,False,,,,,False,False,TRACKING,
9538.095,True,False,ONE_FINGER,False,False,,,,,False,False,TRACKING,
9538.289,True,False,ONE_FINGER,False,False,,,,,False,False,TRACKING,
9538.496,True,False,ONE_FINGER,False,False,,,,,False,False,TRACKING,
9538.688,True,False,ONE_FINGER,False,False,,,,,False,False,TRACKING,
9538.895,True,False,ONE_FINGER,False,False,,,,,False,False,TRACKING,
9539.088,True,False,ONE_FINGER,False,False,,,,,False,False,TRACKING,
9539.294,True,False,ONE_FINGER,False,False,,,,,False,False,TRACKING,
9539.487,True,False,ONE_FINGER,False,False,,,,,False,False,TRACKING,
9539.695,True,False,ONE_FINGER,False,False,,,,,False,False,TRACKING,
9539.887,True,False,ONE_FINGER,False,False,,,,,False,False,TRACKING,
9540.095,True,False,ONE_FINGER,False,False,,,,,False,False,TRACKING,
9540.289,True,False,ONE_FINGER,False,False,,,,,False,False,TRACKING,
9540.495,True,False,ONE_FINGER,False,False,,,,,False,False,TRACKING,
9540.687,True,False,ONE_FINGER,False,False,,,,,False,False,TRACKING,
9540.895,True,False,ONE_FINGER,False,False,,,,,False,False,TRACKING,
9541.087,True,False,ONE_FINGER,False,False,,,,,False,False,TRACKING,
9541.296,True,False,ONE_FINGER,False,False,,,,,False,False,TRACKING,
9541.488,True,False,ONE_FINGER,False,False,,,,,False,False,TRACKING,
9541.697,True,False,ONE_FINGER,False,False,,,,,False,False,TRACKING,
9541.889,True,False,ONE_FINGER,False,False,,,,,False,False,TRACKING,
9542.096,True,False,ONE_FINGER,False,False,,,,,False,False,TRACKING,
9542.288,True,False,ONE_FINGER,False,False,,,,,False,False,TRACKING,
9542.497,True,False,ONE_FINGER,False,False,,,,,False,False,TRACKING,
9542.687,True,False,ONE_FINGER,False,False,,,,,False,False,TRACKING,
9542.897,True,False,ONE_FINGER,False,False,,,,,False,False,TRACKING,
9543.090,True,False,ONE_FINGER,False,False,,,,,False,False,TRACKING,
9543.298,True,False,ONE_FINGER,False,False,,,,,False,False,TRACKING,
9543.488,True,False,ONE_FINGER,False,False,,,,,False,False,TRACKING,
9543.697,True,False,ONE_FINGER,False,False,,,,,False,False,TRACKING,
9543.888,True,False,ONE_FINGER,False,False,,,,,False,False,TRACKING,
9544.096,True,False,ONE_FINGER,False,False,,,,,False,False,TRACKING,
9544.289,True,False,ONE_FINGER,False,False,,,,,False,False,TRACKING,
9544.390,True,False,ONE_FINGER,False,False,,,,,False,False,TRACKING,
9544.496,True,False,ONE_FINGER,False,False,,,,,False,False,TRACKING,
9544.688,True,False,ONE_FINGER,False,False,,,,,False,False,TRACKING,
9544.897,True,False,ONE_FINGER,False,False,,,,,False,False,TRACKING,
9545.088,True,False,ONE_FINGER,False,False,,,,,False,False,TRACKING,
9545.296,True,False,ONE_FINGER,False,False,,,,,False,False,TRACKING,
9545.488,True,False,ONE_FINGER,False,False,,,,,False,False,TRACKING,
9545.696,True,False,ONE_FINGER,False,False,,,,,False,False,TRACKING,
9545.888,True,False,ONE_FINGER,False,False,,,,,False,False,TRACKING,
9546.095,True,False,ONE_FINGER,False,False,,,,,False,False,TRACKING,
9546.287,True,False,ONE_FINGER,False,False,,,,,False,False,TRACKING,
9546.494,True,False,ONE_FINGER,False,False,,,,,False,False,TRACKING,
9546.689,True,False,ONE_FINGER,False,False,,,,,False,False,TRACKING,
9546.896,True,False,ONE_FINGER,False,False,,,,,False,False,TRACKING,
9547.085,True,False,ONE_FINGER,False,False,,,,,False,False,TRACKING,
9547.295,True,False,ONE_FINGER,False,False,,,,,False,False,TRACKING,
9547.487,True,False,ONE_FINGER,False,False,,,,,False,False,TRACKING,
9547.695,False,False,ONE_FINGER,False,False,,,,,False,False,TRACKING,
9547.889,False,False,ONE_FINGER,False,False,,,,,False,False,TRACKING,
9548.095,False,False,ONE_FINGER,False,False,,,,,False,False,TRACKING,
9548.288,False,False,ONE_FINGER,False,False,,,,,False,False,TRACKING,
9548.495,False,False,ONE_FINGER,False,False,,,,,False,False,TRACKING,
9548.687,True,False,ONE_FINGER,False,False,,,,,False,False,TRACKING,
9548.789,True,False,ONE_FINGER,False,True,,,,,False,False,TRACKING,
9548.893,True,False,ONE_FINGER,True,True,0.63595,0.39592,635,558,True,True,TRACKING,
9549.089,True,False,ONE_FINGER,False,True,,,,,False,False,BLOCK_HOVER,wood_5
9549.296,True,False,ONE_FINGER,False,False,,,,,False,False,BLOCK_HOVER,wood_5
9549.489,True,False,ONE_FINGER,False,False,,,,,False,False,TRACKING,
9549.696,True,False,ONE_FINGER,True,False,0.45658,0.40126,456,566,True,True,BLOCK_HOVER,wood_5
9549.887,True,False,ONE_FINGER,True,False,0.42966,0.28424,429,401,True,True,BLOCK_ARMED,wood_5
9550.095,True,False,ONE_FINGER,True,True,0.64741,0.00000,647,0,True,True,BLOCK_REMOVED,wood_5
9550.288,True,False,ONE_FINGER,True,True,0.57114,0.02720,571,38,True,True,BLOCK_HOVER,wood_4
9550.496,True,False,ONE_FINGER,True,False,0.46207,0.28185,462,397,True,True,BLOCK_ARMED,wood_4
9550.688,True,False,ONE_FINGER,True,False,0.44225,0.27475,442,387,True,True,BLOCK_HOVER,wood_4
9550.897,True,False,ONE_FINGER,True,False,0.51195,0.00000,511,0,True,True,BLOCK_HOVER,wood_4
9551.088,True,False,ONE_FINGER,True,False,0.53932,0.00876,539,12,True,True,SWIPING,wood_4
9551.296,True,False,ONE_FINGER,True,False,0.44067,0.28892,440,407,True,True,SWIPING,wood_4
9551.487,True,False,ONE_FINGER,True,False,0.45494,0.28345,454,400,True,True,SWIPING,wood_4
9551.696,True,False,ONE_FINGER,True,False,0.57747,0.03953,577,55,True,True,SWIPING,wood_4
9551.888,True,False,ONE_FINGER,True,False,0.49325,0.24346,493,343,True,True,SWIPING,wood_4
9552.095,True,False,ONE_FINGER,False,False,,,,,False,False,SWIPING,wood_4
9552.286,True,False,ONE_FINGER,True,False,0.56949,0.04546,569,64,True,True,SWIPING,wood_4
9552.496,True,False,ONE_FINGER,True,False,0.55632,0.05386,556,76,True,True,SWIPING,wood_4
9552.688,True,False,ONE_FINGER,True,False,0.52215,0.15058,522,212,True,True,SWIPING,wood_4
9552.896,True,False,ONE_FINGER,True,False,0.49847,0.36752,498,518,True,True,SWIPING,wood_4
9553.089,True,False,ONE_FINGER,False,False,,,,,False,False,SWIPING,wood_4
9553.295,True,False,ONE_FINGER,True,False,0.48732,0.41393,487,584,True,True,SWIPING,wood_4
9553.489,True,False,ONE_FINGER,True,False,0.48538,0.38304,485,540,True,True,SWIPING,wood_4
9553.697,True,False,ONE_FINGER,True,False,0.48241,0.38722,482,546,True,True,FAILED,wood_4
9553.887,True,False,ONE_FINGER,True,False,0.48329,0.33460,483,472,True,True,FAILED,wood_4
9554.096,True,False,ONE_FINGER,True,False,0.56394,0.11594,563,163,True,True,BLOCK_HOVER,wood_4
9554.288,True,False,ONE_FINGER,True,False,0.56896,0.10424,568,147,True,True,BLOCK_HOVER,wood_4
9554.494,True,False,ONE_FINGER,True,False,0.53630,0.22641,536,319,True,True,TRACKING,
9554.688,True,False,ONE_FINGER,False,False,,,,,False,False,BLOCK_HOVER,wood_4
9554.895,True,False,ONE_FINGER,True,False,0.55739,0.16794,557,237,True,True,BLOCK_ARMED,wood_4
9555.088,True,False,ONE_FINGER,True,False,0.58072,0.11180,580,157,True,True,SWIPING,wood_4
9555.296,True,False,ONE_FINGER,True,False,0.53632,0.24883,536,351,True,True,SWIPING,wood_4
9555.487,True,False,ONE_FINGER,False,False,,,,,False,False,SWIPING,wood_4
9555.695,True,False,ONE_FINGER,True,False,0.47899,0.40079,478,565,True,True,SWIPING,wood_4
9555.887,True,False,ONE_FINGER,True,False,0.59593,0.05595,595,78,True,True,SWIPING,wood_4
9556.095,True,False,ONE_FINGER,True,False,0.59960,0.04161,599,58,True,True,BLOCK_REMOVED,wood_4
9556.287,True,False,ONE_FINGER,True,False,0.55659,0.11240,556,158,True,True,BLOCK_HOVER,wood_3
9556.495,True,False,ONE_FINGER,True,False,0.49334,0.39355,493,555,True,True,BLOCK_ARMED,wood_3
9556.688,True,False,ONE_FINGER,False,False,,,,,False,False,BLOCK_ARMED,wood_3
9556.895,True,False,ONE_FINGER,False,False,,,,,False,False,TRACKING,
9557.089,True,False,ONE_FINGER,True,False,0.62270,0.15620,622,220,True,True,BLOCK_HOVER,wood_3
9557.296,True,False,ONE_FINGER,True,False,0.55269,0.17970,552,253,True,True,BLOCK_ARMED,wood_3
9557.488,True,False,ONE_FINGER,True,False,0.46910,0.25121,469,354,True,True,TRACKING,
9557.695,True,False,ONE_FINGER,False,False,,,,,False,False,TRACKING,
9557.888,True,False,ONE_FINGER,False,False,,,,,False,False,TRACKING,
9558.097,True,False,ONE_FINGER,True,False,0.53471,0.00000,534,0,True,True,BLOCK_HOVER,wood_3
9558.289,True,False,ONE_FINGER,True,False,0.47855,0.00000,478,0,True,True,BLOCK_ARMED,wood_3
9558.495,True,False,ONE_FINGER,True,False,0.46062,0.06867,460,96,True,True,BLOCK_ARMED,wood_3
9558.687,True,False,ONE_FINGER,True,False,0.44327,0.27127,443,382,True,True,BLOCK_HOVER,wood_3
9558.896,True,False,ONE_FINGER,False,False,,,,,False,False,BLOCK_HOVER,wood_3
9559.089,True,False,ONE_FINGER,False,False,,,,,False,False,TRACKING,
9559.296,True,False,ONE_FINGER,False,False,,,,,False,False,BLOCK_HOVER,wood_3
9559.398,True,False,ONE_FINGER,False,False,,,,,False,False,BLOCK_HOVER,wood_3
9559.584,True,False,ONE_FINGER,True,False,0.46902,0.48059,469,678,True,True,BLOCK_ARMED,wood_3
9559.696,True,False,ONE_FINGER,True,False,0.45238,0.45296,452,639,True,True,BLOCK_ARMED,wood_3
9559.889,True,False,ONE_FINGER,True,False,0.44219,0.34826,442,491,True,True,SWIPING,wood_3
9560.097,True,False,ONE_FINGER,True,False,0.43015,0.33667,430,475,True,True,SWIPING,wood_3
9560.287,True,False,ONE_FINGER,True,False,0.42662,0.36118,426,509,True,True,SWIPING,wood_3
9560.497,True,False,ONE_FINGER,True,False,0.43602,0.27525,436,388,True,True,SWIPING,wood_3
9560.690,True,False,ONE_FINGER,True,False,0.57790,0.00000,577,0,True,True,BLOCK_HOVER,wood_2
9560.896,True,False,ONE_FINGER,True,False,0.58503,0.00000,585,0,True,True,BLOCK_HOVER,wood_2
9561.087,True,False,ONE_FINGER,True,False,0.56869,0.04566,568,64,True,True,BLOCK_ARMED,wood_2
9561.294,True,False,ONE_FINGER,True,False,0.48388,0.36493,483,515,True,True,BLOCK_HOVER,wood_2
9561.488,True,False,ONE_FINGER,True,False,0.46689,0.40681,466,574,True,True,BLOCK_HOVER,wood_2
9561.696,True,False,ONE_FINGER,True,False,0.46318,0.41000,463,578,True,True,BLOCK_ARMED,wood_2
9561.888,True,False,ONE_FINGER,True,False,0.46528,0.38814,465,547,True,True,BLOCK_ARMED,wood_2
9562.096,True,False,ONE_FINGER,True,False,0.51454,0.12071,514,170,True,True,SWIPING,wood_2
9562.288,True,False,ONE_FINGER,True,False,0.60648,0.03008,606,42,True,True,BLOCK_REMOVED,wood_2
9562.495,True,False,ONE_FINGER,True,False,0.60920,0.04682,609,66,True,True,BLOCK_HOVER,wood_1
9562.688,True,False,ONE_FINGER,True,False,0.56534,0.11290,565,159,True,True,BLOCK_ARMED,wood_1
9562.896,True,False,ONE_FINGER,True,False,0.52213,0.34390,522,485,True,True,BLOCK_HOVER,wood_1
9563.087,True,False,ONE_FINGER,True,False,0.51054,0.41132,510,580,True,True,BLOCK_HOVER,wood_1
9563.295,True,False,ONE_FINGER,True,False,0.49772,0.40127,497,566,True,True,BLOCK_ARMED,wood_1
9563.487,True,False,ONE_FINGER,True,False,0.52601,0.16181,526,228,True,True,SWIPING,wood_1
9563.696,True,False,ONE_FINGER,True,False,0.60785,0.05874,607,82,True,True,BLOCK_REMOVED,wood_1
9563.887,True,False,ONE_FINGER,True,False,0.60738,0.09922,607,140,True,True,BLOCK_REMOVED,wood_1
9564.094,True,False,ONE_FINGER,True,False,0.60628,0.11338,606,160,True,True,BLOCK_REMOVED,wood_1
9564.286,True,False,ONE_FINGER,True,False,0.59204,0.15309,592,216,True,True,BLOCK_REMOVED,wood_1
9564.494,True,False,ONE_FINGER,True,False,0.57899,0.26690,578,376,True,True,BLOCK_REMOVED,wood_1
9564.686,True,False,ONE_FINGER,True,False,0.56096,0.29783,560,420,True,True,BLOCK_REMOVED,wood_1
9564.895,True,False,ONE_FINGER,True,False,0.57452,0.28172,574,397,True,True,BLOCK_REMOVED,wood_1
9565.085,True,False,ONE_FINGER,True,False,0.61562,0.28860,615,407,True,True,BLOCK_REMOVED,wood_1
9565.294,True,False,ONE_FINGER,True,False,0.63013,0.35127,630,495,True,True,BLOCK_REMOVED,wood_1
9565.488,True,False,ONE_FINGER,True,False,0.64182,0.35349,641,498,True,True,BLOCK_HOVER,wood_5
9565.694,True,False,ONE_FINGER,True,False,0.63411,0.36105,634,509,True,True,BLOCK_ARMED,wood_5
9565.887,True,False,ONE_FINGER,False,False,,,,,False,False,BLOCK_ARMED,wood_5
9566.096,True,False,ONE_FINGER,True,False,0.48055,0.46132,480,651,True,True,TRACKING,
9566.288,True,False,ONE_FINGER,True,False,0.48611,0.23036,486,325,True,True,BLOCK_HOVER,wood_5
9566.495,True,False,ONE_FINGER,True,False,0.67774,0.00000,677,0,True,True,BLOCK_ARMED,wood_5
9566.687,True,False,ONE_FINGER,True,False,0.57576,0.07595,575,107,True,True,SWIPING,wood_5
9566.898,True,False,ONE_FINGER,True,False,0.48454,0.32665,484,460,True,True,SWIPING,wood_5
9567.090,True,False,ONE_FINGER,True,False,0.49582,0.35683,495,503,True,True,FAILED,wood_5
9567.297,True,False,ONE_FINGER,True,False,0.49244,0.35545,492,501,True,True,FAILED,wood_5
9567.488,True,False,ONE_FINGER,True,False,0.48866,0.20715,488,292,True,True,BLOCK_HOVER,wood_5
9567.696,True,False,ONE_FINGER,True,False,0.57399,0.08668,573,122,True,True,BLOCK_HOVER,wood_5
9567.888,True,False,ONE_FINGER,True,False,0.55128,0.11454,551,161,True,True,BLOCK_ARMED,wood_5
9568.099,True,False,ONE_FINGER,True,False,0.53921,0.18604,539,262,True,True,TRACKING,
9568.289,True,False,ONE_FINGER,True,False,0.53855,0.34944,538,493,True,True,BLOCK_HOVER,wood_5
9568.496,True,False,ONE_FINGER,True,False,0.51112,0.42224,511,595,True,True,BLOCK_ARMED,wood_5
9568.688,True,False,ONE_FINGER,True,False,0.49983,0.36921,499,521,True,True,BLOCK_ARMED,wood_5
9568.896,True,False,ONE_FINGER,True,False,0.50220,0.36892,502,520,True,True,BLOCK_ARMED,wood_5
9569.090,True,False,ONE_FINGER,True,False,0.48823,0.38171,488,538,True,True,BLOCK_ARMED,wood_5
9569.295,True,False,ONE_FINGER,True,False,0.45122,0.35377,451,499,True,True,BLOCK_HOVER,wood_5
9569.489,True,False,ONE_FINGER,True,False,0.44441,0.36572,444,516,True,True,BLOCK_HOVER,wood_5
9569.696,True,False,ONE_FINGER,True,False,0.44165,0.38160,441,538,True,True,BLOCK_ARMED,wood_5
9569.889,True,False,ONE_FINGER,True,False,0.45134,0.33655,451,474,True,True,BLOCK_ARMED,wood_5
9570.098,True,False,ONE_FINGER,True,False,0.53776,0.10371,537,146,True,True,SWIPING,wood_5
9570.291,True,False,ONE_FINGER,True,False,0.53935,0.07360,539,103,True,True,BLOCK_HOVER,wood_4
9570.496,True,False,ONE_FINGER,True,False,0.52639,0.10533,526,148,True,True,BLOCK_HOVER,wood_4
9570.688,True,False,ONE_FINGER,True,False,0.52883,0.20202,528,285,True,True,TRACKING,
9570.896,True,False,ONE_FINGER,True,False,0.50472,0.34653,504,489,True,True,BLOCK_HOVER,wood_4
9571.088,True,False,ONE_FINGER,True,False,0.45314,0.42056,453,593,True,True,BLOCK_HOVER,wood_4
9571.296,True,False,ONE_FINGER,True,False,0.45679,0.42997,456,606,True,True,BLOCK_ARMED,wood_4
9571.488,True,False,ONE_FINGER,True,False,0.46705,0.31380,467,442,True,True,BLOCK_ARMED,wood_4
9571.697,True,False,ONE_FINGER,True,False,0.55170,0.11038,551,155,True,True,SWIPING,wood_4
9571.888,True,False,ONE_FINGER,True,True,0.57195,0.11382,571,160,True,True,BLOCK_HOVER,wood_3
9572.095,True,False,ONE_FINGER,True,False,0.55439,0.13920,554,196,True,True,BLOCK_HOVER,wood_3
9572.289,True,False,ONE_FINGER,True,False,0.54278,0.27095,542,382,True,True,TRACKING,
9572.495,True,False,ONE_FINGER,True,False,0.52402,0.31763,524,448,True,True,BLOCK_HOVER,wood_3
9572.688,True,False,ONE_FINGER,True,False,0.51200,0.32922,511,464,True,True,BLOCK_ARMED,wood_3
9572.896,True,False,ONE_FINGER,True,False,0.50759,0.37079,507,523,True,True,TRACKING,
9573.087,True,False,ONE_FINGER,True,False,0.49700,0.27320,497,385,True,True,BLOCK_HOVER,wood_3
9573.296,True,False,ONE_FINGER,True,False,0.58453,0.11680,584,164,True,True,BLOCK_ARMED,wood_3
9573.488,True,False,ONE_FINGER,True,True,0.59888,0.10047,598,141,True,True,SWIPING,wood_3
9573.697,True,False,ONE_FINGER,True,True,0.58923,0.12742,589,179,True,True,SWIPING,wood_3
9573.888,True,False,ONE_FINGER,True,False,0.55804,0.16607,558,234,True,True,SWIPING,wood_3
9574.095,True,False,ONE_FINGER,True,False,0.51489,0.26982,514,380,True,True,SWIPING,wood_3
9574.288,True,False,ONE_FINGER,True,False,0.51704,0.29581,517,417,True,True,SWIPING,wood_3
9574.495,True,False,ONE_FINGER,True,False,0.50855,0.34266,508,483,True,True,SWIPING,wood_3
9574.686,True,False,ONE_FINGER,True,False,0.49898,0.39514,498,557,True,True,SWIPING,wood_3
9574.895,True,False,ONE_FINGER,True,False,0.50228,0.36236,502,511,True,True,SWIPING,wood_3
9575.088,True,False,ONE_FINGER,True,False,0.49095,0.37100,490,523,True,True,SWIPING,wood_3
9575.297,True,False,ONE_FINGER,True,False,0.49751,0.44189,497,623,True,True,SWIPING,wood_3
9575.487,True,False,ONE_FINGER,True,False,0.53628,0.26864,536,379,True,True,SWIPING,wood_3
9575.696,True,False,ONE_FINGER,True,True,0.59593,0.04965,595,70,True,True,SWIPING,wood_3
9575.887,True,False,ONE_FINGER,True,True,0.59914,0.05939,599,83,True,True,SWIPING,wood_3
9576.096,True,False,ONE_FINGER,True,True,0.59177,0.11469,591,161,True,True,FAILED,wood_3
9576.286,True,False,ONE_FINGER,True,False,0.57221,0.15394,572,217,True,True,FAILED,wood_3
9576.495,True,False,ONE_FINGER,True,False,0.55327,0.20062,553,283,True,True,BLOCK_HOVER,wood_3
9576.688,True,False,ONE_FINGER,True,False,0.54787,0.25821,547,364,True,True,BLOCK_ARMED,wood_3
9576.896,True,False,ONE_FINGER,True,False,0.52067,0.30244,520,426,True,True,BLOCK_HOVER,wood_3
9577.089,True,False,ONE_FINGER,True,False,0.51903,0.31091,519,438,True,True,BLOCK_HOVER,wood_3
9577.295,True,False,ONE_FINGER,True,False,0.51475,0.35050,514,494,True,True,BLOCK_ARMED,wood_3
9577.488,True,False,ONE_FINGER,True,False,0.50884,0.38350,508,541,True,True,BLOCK_HOVER,wood_3
9577.695,True,False,ONE_FINGER,True,False,0.50523,0.37791,505,533,True,True,BLOCK_HOVER,wood_3
9577.888,True,False,ONE_FINGER,True,False,0.49777,0.38467,497,542,True,True,BLOCK_ARMED,wood_3
9578.096,True,False,ONE_FINGER,True,False,0.49669,0.38444,496,542,True,True,BLOCK_ARMED,wood_3
9578.288,True,False,ONE_FINGER,True,False,0.49732,0.38339,497,541,True,True,BLOCK_ARMED,wood_3
9578.496,True,False,ONE_FINGER,True,False,0.51362,0.33197,513,468,True,True,SWIPING,wood_3
9578.691,True,False,ONE_FINGER,True,False,0.51312,0.32506,513,458,True,True,SWIPING,wood_3
9578.896,True,False,ONE_FINGER,True,False,0.50987,0.33311,509,470,True,True,SWIPING,wood_3
9579.088,True,False,ONE_FINGER,True,False,0.50909,0.32944,509,464,True,True,SWIPING,wood_3
9579.295,True,False,ONE_FINGER,True,False,0.50893,0.30954,508,436,True,True,SWIPING,wood_3
9579.488,True,False,ONE_FINGER,True,False,0.53047,0.17138,530,241,True,True,SWIPING,wood_3
9579.698,True,False,ONE_FINGER,True,False,0.59580,0.08627,595,121,True,True,BLOCK_HOVER,wood_2
9579.889,True,False,ONE_FINGER,True,True,0.59672,0.12303,596,173,True,True,BLOCK_HOVER,wood_2
9580.096,True,False,ONE_FINGER,True,False,0.58569,0.14158,585,199,True,True,BLOCK_ARMED,wood_2
9580.288,True,False,ONE_FINGER,True,False,0.57153,0.19594,571,276,True,True,BLOCK_HOVER,wood_2
9580.495,True,False,ONE_FINGER,True,False,0.52425,0.33298,524,469,True,True,BLOCK_HOVER,wood_2
9580.687,True,False,ONE_FINGER,True,False,0.51484,0.37691,514,531,True,True,TRACKING,
9580.896,True,False,ONE_FINGER,True,False,0.51305,0.38756,513,546,True,True,BLOCK_HOVER,wood_2
9581.089,True,False,ONE_FINGER,True,False,0.51203,0.39082,512,551,True,True,BLOCK_ARMED,wood_2
9581.296,True,False,ONE_FINGER,True,False,0.51548,0.31273,515,441,True,True,SWIPING,wood_2
9581.488,True,False,ONE_FINGER,True,True,0.56539,0.15101,565,213,True,True,SWIPING,wood_2
9581.695,True,False,ONE_FINGER,True,True,0.60297,0.14711,602,207,True,True,SWIPING,wood_2
9581.891,True,False,ONE_FINGER,True,True,0.58406,0.16298,584,230,True,True,BLOCK_HOVER,wood_1
9582.097,True,False,ONE_FINGER,True,False,0.55654,0.20035,556,282,True,True,BLOCK_HOVER,wood_1
9582.287,True,False,ONE_FINGER,True,False,0.54348,0.22831,543,322,True,True,BLOCK_ARMED,wood_1
9582.496,True,False,ONE_FINGER,True,False,0.52892,0.29498,528,416,True,True,TRACKING,
9582.688,True,False,ONE_FINGER,True,False,0.48414,0.44272,484,624,True,True,BLOCK_HOVER,wood_1
9582.896,True,False,ONE_FINGER,True,False,0.49547,0.43395,495,612,True,True,BLOCK_ARMED,wood_1
9583.087,True,False,ONE_FINGER,True,False,0.49810,0.42275,498,596,True,True,BLOCK_ARMED,wood_1
9583.295,True,False,ONE_FINGER,True,False,0.50127,0.42660,501,602,True,True,BLOCK_ARMED,wood_1
9583.488,True,False,ONE_FINGER,True,False,0.51462,0.37226,514,525,True,True,SWIPING,wood_1
9583.698,True,False,ONE_FINGER,True,False,0.52109,0.26285,521,370,True,True,SWIPING,wood_1
9583.888,True,False,ONE_FINGER,True,True,0.55400,0.05668,553,79,True,True,BLOCK_REMOVED,wood_1
9584.095,True,False,ONE_FINGER,True,True,0.60096,0.07764,600,109,True,True,BLOCK_REMOVED,wood_1
9584.286,True,False,ONE_FINGER,True,True,0.60071,0.12199,600,172,True,True,BLOCK_REMOVED,wood_1
9584.496,True,False,ONE_FINGER,True,True,0.59346,0.12486,593,176,True,True,BLOCK_REMOVED,wood_1
9584.687,True,False,ONE_FINGER,True,True,0.57663,0.19957,576,281,True,True,BLOCK_REMOVED,wood_1
9584.895,True,False,ONE_FINGER,True,True,0.57366,0.28388,573,400,True,True,BLOCK_REMOVED,wood_1
9585.087,True,False,ONE_FINGER,True,True,0.63710,0.32475,637,458,True,True,BLOCK_REMOVED,wood_1
9585.295,True,False,ONE_FINGER,True,False,0.64507,0.36975,645,521,True,True,BLOCK_REMOVED,wood_1
9585.489,True,False,ONE_FINGER,False,False,,,,,False,False,BLOCK_REMOVED,wood_1
9585.695,True,False,ONE_FINGER,False,False,,,,,False,False,BLOCK_REMOVED,wood_1
9585.889,True,False,ONE_FINGER,False,False,,,,,False,False,BLOCK_REMOVED,wood_1
9586.095,True,False,ONE_FINGER,False,False,,,,,False,False,BLOCK_REMOVED,wood_1
9586.286,True,False,ONE_FINGER,False,False,,,,,False,False,BLOCK_REMOVED,wood_1
9586.497,True,False,ONE_FINGER,False,False,,,,,False,False,BLOCK_REMOVED,wood_1
9586.689,True,False,ONE_FINGER,False,False,,,,,False,False,BLOCK_REMOVED,wood_1
9586.896,True,False,ONE_FINGER,False,False,,,,,False,False,BLOCK_REMOVED,wood_1
9587.087,True,False,ONE_FINGER,False,False,,,,,False,False,BLOCK_REMOVED,wood_1
9587.295,True,False,ONE_FINGER,False,False,,,,,False,False,BLOCK_REMOVED,wood_1
9587.487,True,False,ONE_FINGER,False,False,,,,,False,False,BLOCK_REMOVED,wood_1
9587.696,True,False,ONE_FINGER,False,False,,,,,False,False,BLOCK_REMOVED,wood_1
9587.887,True,False,ONE_FINGER,False,False,,,,,False,False,BLOCK_REMOVED,wood_1
9588.096,True,False,ONE_FINGER,False,False,,,,,False,False,BLOCK_REMOVED,wood_1
9588.288,True,False,ONE_FINGER,False,False,,,,,False,False,BLOCK_REMOVED,wood_1
9588.470,True,False,ONE_FINGER,False,False,,,,,False,False,TRACKING,
9588.595,True,False,ONE_FINGER,False,False,,,,,False,False,TRACKING,
9588.786,True,False,ONE_FINGER,False,False,,,,,False,False,TRACKING,
9588.898,True,False,ONE_FINGER,False,False,,,,,False,False,TRACKING,
9589.088,True,False,ONE_FINGER,False,False,,,,,False,False,TRACKING,
9589.298,False,False,ONE_FINGER,False,False,,,,,False,False,TRACKING,
9589.489,False,False,ONE_FINGER,False,False,,,,,False,False,TRACKING,
9589.697,False,False,ONE_FINGER,False,False,,,,,False,False,TRACKING,
9589.890,False,False,ONE_FINGER,False,False,,,,,False,False,TRACKING,
9590.099,False,False,ONE_FINGER,False,False,,,,,False,False,TRACKING,
9590.289,False,False,ONE_FINGER,False,False,,,,,False,False,TRACKING,
9590.498,False,False,ONE_FINGER,False,False,,,,,False,False,TRACKING,
9590.690,False,False,ONE_FINGER,False,False,,,,,False,False,TRACKING,
9590.903,False,False,ONE_FINGER,False,False,,,,,False,False,TRACKING,
9591.091,False,False,ONE_FINGER,False,False,,,,,False,False,TRACKING,
9591.298,False,False,ONE_FINGER,False,False,,,,,False,False,TRACKING,
9591.490,False,False,ONE_FINGER,False,False,,,,,False,False,TRACKING,
9591.700,False,False,ONE_FINGER,False,False,,,,,False,False,TRACKING,
9591.891,False,False,ONE_FINGER,False,False,,,,,False,False,TRACKING,
9592.098,False,False,ONE_FINGER,False,False,,,,,False,False,TRACKING,
9592.289,False,False,ONE_FINGER,False,False,,,,,False,False,TRACKING,
9592.498,False,False,ONE_FINGER,False,False,,,,,False,False,TRACKING,
9592.689,False,False,ONE_FINGER,False,False,,,,,False,False,TRACKING,
9592.897,False,False,ONE_FINGER,False,False,,,,,False,False,TRACKING,
9593.090,False,False,ONE_FINGER,False,False,,,,,False,False,TRACKING,
9593.297,False,False,ONE_FINGER,False,False,,,,,False,False,TRACKING,
9593.489,False,False,ONE_FINGER,False,False,,,,,False,False,TRACKING,
9593.699,False,False,ONE_FINGER,False,False,,,,,False,False,TRACKING,
9593.889,False,False,ONE_FINGER,False,False,,,,,False,False,TRACKING,
9594.098,False,False,ONE_FINGER,False,False,,,,,False,False,TRACKING,
9594.290,False,False,ONE_FINGER,False,False,,,,,False,False,TRACKING,
9594.497,False,False,ONE_FINGER,False,False,,,,,False,False,TRACKING,
9594.689,False,False,ONE_FINGER,False,False,,,,,False,False,TRACKING,
9594.899,False,False,ONE_FINGER,False,False,,,,,False,False,TRACKING,
9595.090,False,False,ONE_FINGER,False,False,,,,,False,False,TRACKING,
9595.299,False,False,ONE_FINGER,False,False,,,,,False,False,TRACKING,
9595.490,False,False,ONE_FINGER,False,False,,,,,False,False,TRACKING,
9595.700,False,False,ONE_FINGER,False,False,,,,,False,False,TRACKING,
9595.890,False,False,ONE_FINGER,False,False,,,,,False,False,TRACKING,
9596.098,False,False,ONE_FINGER,False,False,,,,,False,False,TRACKING,
9596.290,False,False,ONE_FINGER,False,False,,,,,False,False,TRACKING,
9596.498,False,False,ONE_FINGER,False,False,,,,,False,False,TRACKING,
9596.689,False,False,ONE_FINGER,False,False,,,,,False,False,TRACKING,
9596.899,False,False,ONE_FINGER,False,False,,,,,False,False,TRACKING,
9597.090,False,False,ONE_FINGER,False,False,,,,,False,False,TRACKING,
9597.298,False,False,ONE_FINGER,False,False,,,,,False,False,TRACKING,
9597.489,False,False,ONE_FINGER,False,False,,,,,False,False,TRACKING,
9597.697,False,False,ONE_FINGER,False,False,,,,,False,False,TRACKING,
9597.890,False,False,ONE_FINGER,False,False,,,,,False,False,TRACKING,
9598.097,False,False,ONE_FINGER,False,False,,,,,False,False,TRACKING,
9598.290,False,False,ONE_FINGER,False,False,,,,,False,False,TRACKING,
9598.499,False,False,ONE_FINGER,False,False,,,,,False,False,TRACKING,
9598.690,False,False,ONE_FINGER,False,False,,,,,False,False,TRACKING,
9598.898,False,False,ONE_FINGER,False,False,,,,,False,False,TRACKING,
9599.089,False,False,ONE_FINGER,False,False,,,,,False,False,TRACKING,
9599.299,False,False,ONE_FINGER,False,False,,,,,False,False,TRACKING,
9599.490,False,False,ONE_FINGER,False,False,,,,,False,False,TRACKING,
9599.697,False,False,ONE_FINGER,False,False,,,,,False,False,TRACKING,
9599.889,False,False,ONE_FINGER,False,False,,,,,False,False,TRACKING,
9600.097,False,False,ONE_FINGER,False,False,,,,,False,False,TRACKING,
9600.291,False,False,ONE_FINGER,False,False,,,,,False,False,TRACKING,
9600.498,False,False,ONE_FINGER,False,False,,,,,False,False,TRACKING,
9600.689,False,False,ONE_FINGER,False,False,,,,,False,False,TRACKING,
9600.899,False,False,ONE_FINGER,False,False,,,,,False,False,TRACKING,
9601.089,False,False,ONE_FINGER,False,False,,,,,False,False,TRACKING,
9601.297,False,False,ONE_FINGER,False,False,,,,,False,False,TRACKING,
9601.489,False,False,ONE_FINGER,False,False,,,,,False,False,TRACKING,
9601.698,False,False,ONE_FINGER,False,False,,,,,False,False,TRACKING,
9601.888,False,False,ONE_FINGER,False,False,,,,,False,False,TRACKING,
9601.989,False,False,ONE_FINGER,False,False,,,,,False,False,TRACKING,
9602.097,False,False,ONE_FINGER,False,False,,,,,False,False,TRACKING,
9602.288,False,False,ONE_FINGER,False,False,,,,,False,False,TRACKING,
9602.498,False,False,ONE_FINGER,False,False,,,,,False,False,TRACKING,
9602.687,False,False,ONE_FINGER,False,False,,,,,False,False,TRACKING,
9602.897,False,False,ONE_FINGER,False,False,,,,,False,False,TRACKING,
9603.091,False,False,ONE_FINGER,False,False,,,,,False,False,TRACKING,
9603.299,False,False,ONE_FINGER,False,False,,,,,False,False,TRACKING,
9603.489,False,False,ONE_FINGER,False,False,,,,,False,False,TRACKING,
9603.697,False,False,ONE_FINGER,False,False,,,,,False,False,TRACKING,
9603.891,False,False,ONE_FINGER,False,False,,,,,False,False,TRACKING,
9604.098,False,False,ONE_FINGER,False,False,,,,,False,False,TRACKING,
9604.290,False,False,ONE_FINGER,False,False,,,,,False,False,TRACKING,
9604.390,False,False,ONE_FINGER,False,False,,,,,False,False,TRACKING,
9604.498,False,False,ONE_FINGER,False,False,,,,,False,False,TRACKING,
9604.689,False,False,ONE_FINGER,False,False,,,,,False,False,TRACKING,
9604.899,False,False,ONE_FINGER,False,False,,,,,False,False,TRACKING,
9605.091,False,False,ONE_FINGER,False,False,,,,,False,False,TRACKING,
9605.299,False,False,ONE_FINGER,False,False,,,,,False,False,TRACKING,
9605.490,False,False,ONE_FINGER,False,False,,,,,False,False,TRACKING,
9605.698,False,False,ONE_FINGER,False,False,,,,,False,False,TRACKING,
9605.891,False,False,ONE_FINGER,False,False,,,,,False,False,TRACKING,
9606.100,False,False,ONE_FINGER,False,False,,,,,False,False,TRACKING,
9606.291,False,False,ONE_FINGER,False,False,,,,,False,False,TRACKING,
9606.497,False,False,ONE_FINGER,False,False,,,,,False,False,TRACKING,
9606.690,False,False,ONE_FINGER,False,False,,,,,False,False,TRACKING,
9606.904,False,False,ONE_FINGER,False,False,,,,,False,False,TRACKING,
9607.091,False,False,ONE_FINGER,False,False,,,,,False,False,TRACKING,
9607.298,False,False,ONE_FINGER,False,False,,,,,False,False,TRACKING,
9607.495,True,False,ONE_FINGER,False,False,,,,,False,False,BLOCK_HOVER,wood_5
9607.697,False,False,ONE_FINGER,False,False,,,,,False,False,BLOCK_HOVER,wood_5
9607.891,True,False,ONE_FINGER,True,False,0.79389,0.40690,793,574,True,True,BLOCK_HOVER,wood_5
9607.991,True,False,ONE_FINGER,True,True,0.72794,0.39457,727,556,True,True,BLOCK_HOVER,wood_5
9608.097,True,False,ONE_FINGER,True,False,0.70854,0.39854,708,562,True,True,BLOCK_HOVER,wood_5
9608.289,True,False,ONE_FINGER,True,False,0.57199,0.33695,571,475,True,True,SWIPING,wood_5
9608.498,True,False,ONE_FINGER,True,False,0.49006,0.21070,490,297,True,True,SWIPING,wood_5
9608.690,True,False,ONE_FINGER,False,False,,,,,False,False,FAILED,wood_5
9608.897,True,False,ONE_FINGER,False,False,,,,,False,False,FAILED,wood_5
9609.089,True,False,ONE_FINGER,False,False,,,,,False,False,TRACKING,
9609.298,True,False,ONE_FINGER,False,False,,,,,False,False,TRACKING,
9609.490,True,False,ONE_FINGER,False,False,,,,,False,False,TRACKING,
9609.697,True,False,ONE_FINGER,False,False,,,,,False,False,TRACKING,
9609.890,True,False,ONE_FINGER,False,False,,,,,False,False,TRACKING,
9610.097,True,False,ONE_FINGER,False,False,,,,,False,False,TRACKING,
9610.289,True,False,ONE_FINGER,False,False,,,,,False,False,TRACKING,
9610.497,True,False,ONE_FINGER,False,False,,,,,False,False,TRACKING,
9610.689,True,False,ONE_FINGER,False,False,,,,,False,False,TRACKING,
9610.898,True,False,ONE_FINGER,True,False,0.34008,0.23931,340,337,True,True,BLOCK_HOVER,wood_5
9611.089,True,False,ONE_FINGER,True,True,0.39286,0.03729,392,52,True,True,BLOCK_HOVER,wood_5
9611.297,True,False,ONE_FINGER,True,True,0.48698,0.00000,486,0,True,True,SWIPING,wood_5
9611.491,True,False,ONE_FINGER,True,True,0.45282,0.02390,452,33,True,True,SWIPING,wood_5
9611.697,True,False,ONE_FINGER,True,True,0.43317,0.06477,433,91,True,True,SWIPING,wood_5
9611.890,True,False,ONE_FINGER,True,False,0.42022,0.19983,420,282,True,True,SWIPING,wood_5
9612.096,True,False,ONE_FINGER,True,False,0.43167,0.23480,431,331,True,True,SWIPING,wood_5
9612.290,True,False,ONE_FINGER,False,False,,,,,False,False,SWIPING,wood_5
9612.498,True,False,ONE_FINGER,False,False,,,,,False,False,SWIPING,wood_5
9612.691,True,False,ONE_FINGER,True,False,0.46385,0.24998,463,352,True,True,FAILED,wood_5
9612.898,True,False,ONE_FINGER,True,False,0.47483,0.17290,474,244,True,True,FAILED,wood_5
9613.089,True,False,ONE_FINGER,True,False,0.47585,0.19275,475,272,True,True,BLOCK_HOVER,wood_5
9613.297,True,False,ONE_FINGER,True,False,0.47009,0.24538,470,346,True,True,BLOCK_ARMED,wood_5
9613.488,True,False,ONE_FINGER,False,False,,,,,False,False,BLOCK_ARMED,wood_5
9613.697,True,False,ONE_FINGER,False,False,,,,,False,False,TRACKING,
9613.890,True,False,ONE_FINGER,False,False,,,,,False,False,TRACKING,
9614.097,True,False,ONE_FINGER,False,False,,,,,False,False,BLOCK_HOVER,wood_5
9614.288,True,False,ONE_FINGER,True,False,0.52704,0.12131,527,171,True,True,BLOCK_ARMED,wood_5
9614.497,True,False,ONE_FINGER,True,True,0.54085,0.00640,540,9,True,True,SWIPING,wood_5
9614.689,False,True,ONE_FINGER,False,False,0.57853,0.00000,578,0,True,True,BLOCK_REMOVED,wood_5
9614.905,True,False,ONE_FINGER,True,False,0.55413,0.35004,554,494,True,True,BLOCK_HOVER,wood_4
9615.089,True,False,ONE_FINGER,False,False,,,,,False,False,BLOCK_HOVER,wood_4
9615.297,True,False,ONE_FINGER,False,False,,,,,False,False,BLOCK_HOVER,wood_4
9615.490,True,False,ONE_FINGER,False,False,,,,,False,False,TRACKING,
9615.698,True,False,ONE_FINGER,False,False,,,,,False,False,TRACKING,
9615.889,True,False,ONE_FINGER,False,False,,,,,False,False,TRACKING,
9616.098,True,False,ONE_FINGER,False,False,,,,,False,False,BLOCK_HOVER,wood_4
9616.291,True,False,ONE_FINGER,True,True,0.68443,0.41374,684,583,True,True,BLOCK_ARMED,wood_4
9616.496,True,False,ONE_FINGER,True,False,0.73250,0.40585,732,572,True,True,SWIPING,wood_4
9616.689,True,False,ONE_FINGER,False,False,,,,,False,False,SWIPING,wood_4
9616.897,True,False,ONE_FINGER,False,False,,,,,False,False,FAILED,wood_4
9617.089,True,False,ONE_FINGER,False,False,,,,,False,False,FAILED,wood_4
9617.296,True,False,ONE_FINGER,True,True,0.73202,0.02587,732,36,True,True,BLOCK_HOVER,wood_4
9617.489,True,False,ONE_FINGER,True,True,0.74194,0.00000,741,0,True,True,BLOCK_HOVER,wood_4
9617.699,True,False,ONE_FINGER,True,True,0.74529,0.00000,745,0,True,True,BLOCK_ARMED,wood_4
9617.889,True,False,ONE_FINGER,True,True,0.75257,0.00000,752,0,True,True,BLOCK_ARMED,wood_4
9618.098,True,False,ONE_FINGER,True,False,0.74605,0.00341,746,4,True,True,BLOCK_ARMED,wood_4
9618.290,True,False,ONE_FINGER,True,False,0.73112,0.06783,731,95,True,True,TRACKING,
9618.499,True,False,ONE_FINGER,True,False,0.71724,0.14287,717,201,True,True,BLOCK_HOVER,wood_4
9618.689,True,False,ONE_FINGER,True,False,0.71467,0.16025,714,226,True,True,BLOCK_ARMED,wood_4
9618.897,True,False,ONE_FINGER,True,False,0.71628,0.16949,716,239,True,True,BLOCK_ARMED,wood_4
9619.089,True,False,ONE_FINGER,True,False,0.71718,0.17237,717,243,True,True,TRACKING,
9619.296,True,False,ONE_FINGER,True,False,0.70292,0.23033,702,325,True,True,BLOCK_HOVER,wood_4
9619.489,True,False,ONE_FINGER,True,False,0.69069,0.26435,690,373,True,True,BLOCK_ARMED,wood_4
9619.699,True,False,ONE_FINGER,False,False,,,,,False,False,BLOCK_ARMED,wood_4
9619.889,True,False,ONE_FINGER,False,False,,,,,False,False,TRACKING,
9620.098,True,False,ONE_FINGER,False,False,,,,,False,False,TRACKING,
9620.290,True,False,ONE_FINGER,False,False,,,,,False,False,TRACKING,
9620.497,True,False,ONE_FINGER,False,False,,,,,False,False,TRACKING,
9620.688,True,False,ONE_FINGER,False,False,,,,,False,False,TRACKING,
9620.897,True,False,ONE_FINGER,False,False,,,,,False,False,TRACKING,
9621.090,True,False,ONE_FINGER,False,False,,,,,False,False,TRACKING,
9621.298,True,False,ONE_FINGER,True,False,0.47192,0.23837,471,336,True,True,BLOCK_HOVER,wood_4
9621.491,True,False,ONE_FINGER,True,False,0.50610,0.00000,506,0,True,True,BLOCK_ARMED,wood_4
9621.701,True,False,ONE_FINGER,True,False,0.50496,0.04542,504,64,True,True,SWIPING,wood_4
9621.890,True,False,ONE_FINGER,True,False,0.50524,0.12376,505,174,True,True,SWIPING,wood_4
9622.097,True,False,ONE_FINGER,False,False,,,,,False,False,SWIPING,wood_4
9622.291,True,False,ONE_FINGER,False,False,,,,,False,False,SWIPING,wood_4
9622.499,True,False,ONE_FINGER,False,False,,,,,False,False,FAILED,wood_4
9622.689,True,False,ONE_FINGER,False,False,,,,,False,False,FAILED,wood_4
9622.898,True,False,ONE_FINGER,False,False,,,,,False,False,TRACKING,
9623.090,True,False,ONE_FINGER,False,False,,,,,False,False,TRACKING,
9623.296,True,False,ONE_FINGER,False,False,,,,,False,False,TRACKING,
9623.490,True,False,ONE_FINGER,False,False,,,,,False,False,TRACKING,
9623.698,True,False,ONE_FINGER,False,False,,,,,False,False,TRACKING,
9623.891,True,False,ONE_FINGER,False,False,,,,,False,False,TRACKING,
9624.097,True,False,ONE_FINGER,False,False,,,,,False,False,TRACKING,
9624.289,True,False,ONE_FINGER,False,False,,,,,False,False,TRACKING,
9624.498,True,False,ONE_FINGER,False,False,,,,,False,False,TRACKING,
9624.688,True,False,ONE_FINGER,False,False,,,,,False,False,TRACKING,
9624.897,True,False,ONE_FINGER,False,False,,,,,False,False,TRACKING,
9625.090,True,False,ONE_FINGER,False,False,,,,,False,False,TRACKING,
9625.297,True,False,ONE_FINGER,False,False,,,,,False,False,TRACKING,
9625.488,True,False,ONE_FINGER,False,False,,,,,False,False,TRACKING,
9625.697,True,False,ONE_FINGER,True,True,0.41640,0.20713,416,292,True,True,BLOCK_HOVER,wood_4
9625.890,True,False,ONE_FINGER,True,True,0.53344,0.02922,533,41,True,True,BLOCK_HOVER,wood_4
9626.097,True,False,ONE_FINGER,True,False,0.50979,0.00000,509,0,True,True,SWIPING,wood_4
9626.202,True,False,ONE_FINGER,True,False,0.47094,0.04765,470,67,True,True,SWIPING,wood_4
9626.384,True,False,ONE_FINGER,True,False,0.49476,0.14546,494,205,True,True,SWIPING,wood_4
9626.498,True,False,ONE_FINGER,True,False,0.48603,0.33148,486,467,True,True,SWIPING,wood_4
9626.690,True,False,ONE_FINGER,True,False,0.47106,0.37452,471,528,True,True,SWIPING,wood_4
9626.898,True,False,ONE_FINGER,True,False,0.47324,0.38586,473,544,True,True,SWIPING,wood_4
9627.092,True,False,ONE_FINGER,True,False,0.48527,0.38778,485,547,True,True,SWIPING,wood_4
9627.299,True,False,ONE_FINGER,True,False,0.48990,0.39597,489,558,True,True,SWIPING,wood_4
9627.490,True,False,ONE_FINGER,True,False,0.49265,0.37836,492,533,True,True,SWIPING,wood_4
9627.699,True,False,ONE_FINGER,True,False,0.49089,0.39508,490,557,True,True,SWIPING,wood_4
9627.890,True,False,ONE_FINGER,True,False,0.64879,0.00000,648,0,True,True,SWIPING,wood_4
9628.099,True,False,ONE_FINGER,True,True,0.60787,0.00000,607,0,True,True,SWIPING,wood_4
9628.289,True,False,ONE_FINGER,True,False,0.50454,0.07591,504,107,True,True,SWIPING,wood_4
9628.497,True,False,ONE_FINGER,True,False,0.51027,0.22043,510,311,True,True,SWIPING,wood_4
9628.689,True,False,ONE_FINGER,True,False,0.52926,0.19831,529,279,True,True,FAILED,wood_4
9628.898,True,False,ONE_FINGER,True,False,0.56427,0.23568,564,332,True,True,FAILED,wood_4
9629.089,True,False,ONE_FINGER,True,False,0.51648,0.29377,516,414,True,True,BLOCK_HOVER,wood_4
9629.297,True,False,ONE_FINGER,True,False,0.50821,0.33019,508,465,True,True,BLOCK_HOVER,wood_4
9629.490,True,False,ONE_FINGER,True,False,0.51267,0.32267,512,455,True,True,BLOCK_ARMED,wood_4
9629.697,True,False,ONE_FINGER,True,False,0.51767,0.30659,517,432,True,True,BLOCK_ARMED,wood_4
9629.891,True,False,ONE_FINGER,True,False,0.51812,0.31454,518,443,True,True,BLOCK_ARMED,wood_4
9630.100,True,False,ONE_FINGER,True,False,0.54663,0.10702,546,151,True,True,SWIPING,wood_4
9630.289,True,False,ONE_FINGER,True,False,0.57895,0.00000,578,0,True,True,BLOCK_REMOVED,wood_4
9630.497,True,False,ONE_FINGER,True,False,0.58398,0.00000,583,0,True,True,BLOCK_HOVER,wood_3
9630.690,True,False,ONE_FINGER,True,False,0.58095,0.03678,580,51,True,True,BLOCK_ARMED,wood_3
9630.899,True,False,ONE_FINGER,True,False,0.57610,0.18925,576,267,True,True,BLOCK_HOVER,wood_3
9631.088,True,False,ONE_FINGER,True,False,0.56677,0.47671,566,672,True,True,BLOCK_HOVER,wood_3
9631.297,True,False,ONE_FINGER,True,False,0.54474,0.42951,544,606,True,True,TRACKING,
9631.490,True,False,ONE_FINGER,True,False,0.53933,0.40887,539,577,True,True,BLOCK_HOVER,wood_3
9631.698,True,False,ONE_FINGER,True,False,0.53874,0.41757,538,589,True,True,BLOCK_ARMED,wood_3
9631.889,True,False,ONE_FINGER,True,False,0.54258,0.37341,542,526,True,True,SWIPING,wood_3
9632.098,True,False,ONE_FINGER,True,False,0.56156,0.22375,561,315,True,True,SWIPING,wood_3
9632.295,True,False,ONE_FINGER,True,False,0.56664,0.00000,566,0,True,True,BLOCK_HOVER,wood_2
9632.498,True,False,ONE_FINGER,True,False,0.56335,0.00000,563,0,True,True,BLOCK_HOVER,wood_2
9632.690,True,False,ONE_FINGER,True,False,0.54055,0.10224,540,144,True,True,TRACKING,
9632.897,True,False,ONE_FINGER,True,False,0.55121,0.21515,551,303,True,True,BLOCK_HOVER,wood_2
9633.088,True,False,ONE_FINGER,True,False,0.55817,0.22505,558,317,True,True,BLOCK_ARMED,wood_2
9633.297,True,False,ONE_FINGER,True,False,0.55528,0.26865,555,379,True,True,TRACKING,
9633.490,True,False,ONE_FINGER,True,False,0.54983,0.30798,549,434,True,True,BLOCK_HOVER,wood_2
9633.698,True,False,ONE_FINGER,True,False,0.54582,0.39452,545,556,True,True,BLOCK_ARMED,wood_2
9633.890,True,False,ONE_FINGER,True,False,0.55149,0.40044,551,565,True,True,BLOCK_HOVER,wood_2
9634.098,True,False,ONE_FINGER,True,False,0.55204,0.39833,552,562,True,True,BLOCK_HOVER,wood_2
9634.289,True,False,ONE_FINGER,True,False,0.54751,0.20585,547,290,True,True,SWIPING,wood_2
9634.497,True,False,ONE_FINGER,True,False,0.58543,0.00000,585,0,True,True,SWIPING,wood_2
9634.693,True,False,ONE_FINGER,True,True,0.58986,0.00555,589,7,True,True,BLOCK_HOVER,wood_1
9634.898,True,False,ONE_FINGER,True,False,0.54119,0.09410,541,132,True,True,BLOCK_HOVER,wood_1
9635.089,True,False,ONE_FINGER,True,False,0.54751,0.21253,547,299,True,True,TRACKING,
9635.297,True,False,ONE_FINGER,True,False,0.57421,0.31310,574,441,True,True,BLOCK_HOVER,wood_1
9635.490,True,False,ONE_FINGER,True,False,0.56831,0.36435,568,514,True,True,BLOCK_ARMED,wood_1
9635.697,True,False,ONE_FINGER,True,False,0.55755,0.38767,557,547,True,True,TRACKING,
9635.890,True,False,ONE_FINGER,True,False,0.55022,0.41862,550,590,True,True,BLOCK_HOVER,wood_1
9636.096,True,False,ONE_FINGER,True,False,0.54977,0.38497,549,543,True,True,BLOCK_ARMED,wood_1
9636.290,True,False,ONE_FINGER,True,False,0.56149,0.11863,561,167,True,True,SWIPING,wood_1
9636.497,True,False,ONE_FINGER,True,True,0.61457,0.00000,614,0,True,True,BLOCK_REMOVED,wood_1
9636.690,True,False,ONE_FINGER,True,True,0.57905,0.00000,579,0,True,True,BLOCK_REMOVED,wood_1
9636.897,True,False,ONE_FINGER,True,False,0.58122,0.04051,581,57,True,True,BLOCK_REMOVED,wood_1
9637.090,True,False,ONE_FINGER,True,False,0.57925,0.24688,579,348,True,True,BLOCK_REMOVED,wood_1
9637.297,True,False,ONE_FINGER,False,False,,,,,False,False,BLOCK_REMOVED,wood_1
9637.490,True,False,ONE_FINGER,False,False,,,,,False,False,BLOCK_REMOVED,wood_1
9637.696,True,False,ONE_FINGER,False,False,,,,,False,False,BLOCK_REMOVED,wood_1
9637.889,True,False,ONE_FINGER,False,False,,,,,False,False,BLOCK_REMOVED,wood_1
9638.096,True,False,ONE_FINGER,True,False,0.55480,0.62462,554,875,False,True,BLOCK_REMOVED,wood_1
9638.288,False,False,ONE_FINGER,False,False,,,,,False,False,BLOCK_REMOVED,wood_1
9638.498,False,False,ONE_FINGER,False,False,,,,,False,False,BLOCK_REMOVED,wood_1
9638.691,False,False,ONE_FINGER,False,False,,,,,False,False,BLOCK_REMOVED,wood_1
9638.899,False,False,ONE_FINGER,False,False,,,,,False,False,BLOCK_REMOVED,wood_1
9639.090,False,False,ONE_FINGER,False,False,,,,,False,False,BLOCK_REMOVED,wood_1
9639.297,False,False,ONE_FINGER,False,False,,,,,False,False,BLOCK_REMOVED,wood_1
9639.490,False,False,ONE_FINGER,False,False,,,,,False,False,BLOCK_REMOVED,wood_1
9639.702,False,False,ONE_FINGER,False,False,,,,,False,False,BLOCK_REMOVED,wood_1
9639.897,True,False,ONE_FINGER,False,False,,,,,False,False,BLOCK_REMOVED,wood_1
9640.076,True,False,ONE_FINGER,True,True,0.85878,0.75444,858,875,False,True,BLOCK_HOVER,wood_5
9640.194,True,False,ONE_FINGER,True,True,0.84226,0.74206,842,875,False,True,BLOCK_HOVER,wood_5
9640.387,True,False,ONE_FINGER,True,True,0.80018,0.76019,800,875,False,True,BLOCK_ARMED,wood_5
9640.498,True,False,ONE_FINGER,True,False,0.79052,0.76315,790,875,False,True,BLOCK_ARMED,wood_5
9640.690,True,False,ONE_FINGER,False,False,,,,,False,False,BLOCK_ARMED,wood_5
9640.898,True,False,ONE_FINGER,False,False,,,,,False,False,BLOCK_ARMED,wood_5
9641.090,True,False,ONE_FINGER,False,False,,,,,False,False,TRACKING,
9641.297,True,False,ONE_FINGER,False,False,,,,,False,False,TRACKING,
9641.490,True,False,ONE_FINGER,False,False,,,,,False,False,TRACKING,
9641.699,True,False,ONE_FINGER,False,False,,,,,False,False,TRACKING,
9641.891,True,False,ONE_FINGER,False,False,,,,,False,False,TRACKING,
9642.098,True,False,ONE_FINGER,True,True,0.90137,0.83716,901,875,False,True,BLOCK_HOVER,wood_5
9642.202,True,False,ONE_FINGER,False,False,,,,,False,False,BLOCK_HOVER,wood_5
9642.307,True,False,ONE_FINGER,False,False,,,,,False,False,BLOCK_HOVER,wood_5
9642.510,True,False,ONE_FINGER,False,False,,,,,False,False,TRACKING,
9642.695,True,False,ONE_FINGER,False,False,,,,,False,False,TRACKING,
9642.900,True,False,ONE_FINGER,False,False,,,,,False,False,TRACKING,
9643.009,True,False,ONE_FINGER,False,False,,,,,False,False,TRACKING,
9643.195,True,False,ONE_FINGER,False,False,,,,,False,False,TRACKING,
9643.302,True,False,ONE_FINGER,False,False,,,,,False,False,TRACKING,
9643.402,True,False,ONE_FINGER,False,False,,,,,False,False,TRACKING,
9643.590,True,False,ONE_FINGER,False,False,,,,,False,False,TRACKING,
9643.702,True,False,ONE_FINGER,False,False,,,,,False,False,TRACKING,
9643.902,True,False,ONE_FINGER,False,False,,,,,False,False,TRACKING,
9644.102,True,False,ONE_FINGER,False,False,,,,,False,False,TRACKING,
9644.302,True,False,ONE_FINGER,True,False,0.90443,0.83595,904,875,False,True,BLOCK_HOVER,wood_5
9644.502,True,False,ONE_FINGER,False,False,,,,,False,False,BLOCK_HOVER,wood_5
9644.702,True,False,ONE_FINGER,False,False,,,,,False,False,BLOCK_HOVER,wood_5
9644.906,True,False,ONE_FINGER,False,False,,,,,False,False,TRACKING,
9645.094,True,False,ONE_FINGER,False,False,,,,,False,False,TRACKING,
9645.194,True,False,ONE_FINGER,False,False,,,,,False,False,TRACKING,
9645.306,True,False,ONE_FINGER,False,False,,,,,False,False,TRACKING,
9645.406,True,False,ONE_FINGER,False,False,,,,,False,False,TRACKING,
9645.594,True,False,ONE_FINGER,False,False,,,,,False,False,TRACKING,
9645.706,True,False,ONE_FINGER,False,False,,,,,False,False,TRACKING,
9645.806,True,False,ONE_FINGER,False,False,,,,,False,False,TRACKING,
9645.989,True,False,ONE_FINGER,False,False,,,,,False,False,TRACKING,
9646.106,True,False,ONE_FINGER,False,False,,,,,False,False,TRACKING,
9646.294,True,False,ONE_FINGER,False,False,,,,,False,False,TRACKING,
9646.502,True,False,ONE_FINGER,False,False,,,,,False,False,TRACKING,
9646.702,True,False,ONE_FINGER,False,False,,,,,False,False,TRACKING,
9646.902,True,False,ONE_FINGER,False,False,,,,,False,False,TRACKING,
9647.002,True,False,ONE_FINGER,False,False,,,,,False,False,TRACKING,
9647.102,True,False,ONE_FINGER,False,False,,,,,False,False,TRACKING,
9647.302,True,False,ONE_FINGER,False,False,,,,,False,False,TRACKING,
9647.502,True,False,ONE_FINGER,False,False,,,,,False,False,TRACKING,
9647.702,True,False,ONE_FINGER,False,False,,,,,False,False,TRACKING,
9647.806,True,False,ONE_FINGER,False,False,,,,,False,False,TRACKING,
9647.989,True,False,ONE_FINGER,False,False,,,,,False,False,TRACKING,
9648.110,True,False,ONE_FINGER,False,False,,,,,False,False,TRACKING,
9648.304,True,False,ONE_FINGER,False,False,,,,,False,False,TRACKING,
9648.506,True,False,ONE_FINGER,False,False,,,,,False,False,TRACKING,
9648.702,True,False,ONE_FINGER,False,False,,,,,False,False,TRACKING,
9648.910,True,False,ONE_FINGER,False,False,,,,,False,False,TRACKING,
9649.093,True,False,ONE_FINGER,False,False,,,,,False,False,TRACKING,
9649.198,True,False,ONE_FINGER,False,False,,,,,False,False,TRACKING,
9649.306,True,False,ONE_FINGER,False,False,,,,,False,False,TRACKING,
9649.406,True,False,ONE_FINGER,False,False,,,,,False,False,TRACKING,
9649.589,True,False,ONE_FINGER,False,False,,,,,False,False,TRACKING,
9649.702,True,False,ONE_FINGER,False,False,,,,,False,False,TRACKING,
9649.901,True,False,ONE_FINGER,False,False,,,,,False,False,TRACKING,
9650.106,True,False,ONE_FINGER,False,False,,,,,False,False,TRACKING,
9650.301,True,False,ONE_FINGER,False,False,,,,,False,False,TRACKING,
9650.502,True,False,ONE_FINGER,False,False,,,,,False,False,TRACKING,
9650.702,True,False,ONE_FINGER,False,False,,,,,False,False,TRACKING,
9650.910,True,False,ONE_FINGER,False,False,,,,,False,False,TRACKING,
9651.097,True,False,ONE_FINGER,False,False,,,,,False,False,TRACKING,
9651.306,True,False,ONE_FINGER,False,False,,,,,False,False,TRACKING,
9651.498,True,False,ONE_FINGER,False,False,,,,,False,False,TRACKING,
9651.702,True,False,ONE_FINGER,False,False,,,,,False,False,TRACKING,
9651.902,True,False,ONE_FINGER,False,False,,,,,False,False,TRACKING,
9652.102,True,False,ONE_FINGER,False,False,,,,,False,False,TRACKING,
9652.206,True,False,ONE_FINGER,False,False,,,,,False,False,TRACKING,
9652.394,True,False,ONE_FINGER,False,False,,,,,False,False,TRACKING,
9652.506,True,False,ONE_FINGER,False,False,,,,,False,False,TRACKING,
9652.698,True,False,ONE_FINGER,False,False,,,,,False,False,TRACKING,
9652.898,True,False,ONE_FINGER,False,False,,,,,False,False,TRACKING,
9653.094,True,False,ONE_FINGER,False,False,,,,,False,False,TRACKING,
9653.198,True,False,ONE_FINGER,False,False,,,,,False,False,TRACKING,
9653.302,True,False,ONE_FINGER,False,False,,,,,False,False,TRACKING,
9653.402,True,False,ONE_FINGER,False,False,,,,,False,False,TRACKING,
9653.594,True,False,ONE_FINGER,False,False,,,,,False,False,TRACKING,
9653.706,True,False,ONE_FINGER,False,False,,,,,False,False,TRACKING,
9653.894,True,False,ONE_FINGER,False,False,,,,,False,False,TRACKING,
9654.106,True,False,ONE_FINGER,False,False,,,,,False,False,TRACKING,
9654.298,True,False,ONE_FINGER,False,False,,,,,False,False,TRACKING,
9654.398,True,False,ONE_FINGER,False,False,,,,,False,False,TRACKING,
9654.510,True,False,ONE_FINGER,False,False,,,,,False,False,TRACKING,
9654.698,True,False,ONE_FINGER,False,False,,,,,False,False,TRACKING,
9654.798,True,False,ONE_FINGER,False,False,,,,,False,False,TRACKING,
9654.910,True,False,ONE_FINGER,False,False,,,,,False,False,TRACKING,
9655.102,True,False,ONE_FINGER,False,False,,,,,False,False,TRACKING,
9655.302,True,False,ONE_FINGER,False,False,,,,,False,False,TRACKING,
9655.502,True,False,ONE_FINGER,False,False,,,,,False,False,TRACKING,
9655.702,True,False,ONE_FINGER,False,False,,,,,False,False,TRACKING,
9655.898,True,False,ONE_FINGER,False,False,,,,,False,False,TRACKING,
9656.107,True,False,ONE_FINGER,False,False,,,,,False,False,TRACKING,
9656.302,True,False,ONE_FINGER,False,False,,,,,False,False,TRACKING,
9656.502,True,False,ONE_FINGER,False,False,,,,,False,False,TRACKING,
9656.602,True,False,ONE_FINGER,False,False,,,,,False,False,TRACKING,
9656.794,True,False,ONE_FINGER,False,False,,,,,False,False,TRACKING,
9656.911,True,False,ONE_FINGER,False,False,,,,,False,False,TRACKING,
9657.094,True,False,ONE_FINGER,False,False,,,,,False,False,TRACKING,
9657.302,True,False,ONE_FINGER,False,False,,,,,False,False,TRACKING,
9657.502,True,False,ONE_FINGER,True,True,0.92469,0.80761,924,875,False,True,BLOCK_HOVER,wood_5
9657.706,True,False,ONE_FINGER,True,True,0.90173,0.76023,901,875,False,True,BLOCK_HOVER,wood_5
9657.806,True,False,ONE_FINGER,True,True,0.87606,0.74319,876,875,False,True,BLOCK_ARMED,wood_5
9657.986,True,False,ONE_FINGER,True,True,0.83332,0.75206,833,875,False,True,TRACKING,
9658.106,True,False,ONE_FINGER,True,True,0.83663,0.76508,836,875,False,True,BLOCK_HOVER,wood_5
9658.302,True,False,ONE_FINGER,True,True,0.86828,0.80557,868,875,False,True,BLOCK_HOVER,wood_5
9658.511,True,False,ONE_FINGER,True,True,0.91109,0.86411,911,875,False,True,BLOCK_ARMED,wood_5
9658.698,False,False,ONE_FINGER,False,False,,,,,False,False,BLOCK_ARMED,wood_5
9658.798,True,False,ONE_FINGER,False,False,,,,,False,False,BLOCK_ARMED,wood_5
9658.906,True,False,ONE_FINGER,False,False,,,,,False,False,BLOCK_ARMED,wood_5
9659.102,True,False,ONE_FINGER,False,False,,,,,False,False,TRACKING,
9659.302,False,False,ONE_FINGER,False,False,,,,,False,False,TRACKING,
9659.402,False,False,ONE_FINGER,False,False,,,,,False,False,TRACKING,
9659.503,False,False,ONE_FINGER,False,False,,,,,False,False,TRACKING,
9659.615,False,False,ONE_FINGER,False,False,,,,,False,False,TRACKING,
9659.802,False,False,ONE_FINGER,False,False,,,,,False,False,TRACKING,
9660.018,False,False,ONE_FINGER,False,False,,,,,False,False,TRACKING,
9660.206,False,False,ONE_FINGER,False,False,,,,,False,False,TRACKING,
9660.411,True,False,ONE_FINGER,False,False,,,,,False,False,TRACKING,
9660.598,True,False,ONE_FINGER,False,False,,,,,False,False,BLOCK_HOVER,wood_5
9660.806,True,False,ONE_FINGER,True,False,0.75535,0.84773,755,875,False,True,BLOCK_ARMED,wood_5
9660.907,True,False,ONE_FINGER,True,True,0.76372,0.82853,763,875,False,True,BLOCK_ARMED,wood_5
9661.094,True,False,ONE_FINGER,False,False,,,,,False,False,BLOCK_ARMED,wood_5
9661.214,False,False,ONE_FINGER,False,False,,,,,False,False,BLOCK_ARMED,wood_5
9661.402,False,False,ONE_FINGER,False,False,,,,,False,False,TRACKING,
9661.615,False,False,ONE_FINGER,False,False,,,,,False,False,TRACKING,
9661.802,False,False,ONE_FINGER,False,False,,,,,False,False,TRACKING,
9661.902,False,False,ONE_FINGER,False,False,,,,,False,False,TRACKING,
9662.006,False,False,ONE_FINGER,False,False,,,,,False,False,TRACKING,
9662.107,True,False,ONE_FINGER,False,False,,,,,False,False,TRACKING,
9662.215,True,False,ONE_FINGER,False,False,,,,,False,False,TRACKING,
9662.414,True,False,ONE_FINGER,True,True,0.78032,0.84294,780,875,False,True,BLOCK_HOVER,wood_5
9662.602,True,False,ONE_FINGER,True,True,0.81672,0.84561,816,875,False,True,BLOCK_HOVER,wood_5
9662.702,True,False,ONE_FINGER,True,True,0.81814,0.85649,818,875,False,True,BLOCK_ARMED,wood_5
9662.807,False,True,ONE_FINGER,False,False,0.81814,0.85649,818,875,False,True,BLOCK_ARMED,wood_5
9662.907,True,False,ONE_FINGER,True,True,0.81822,0.87468,818,875,False,True,BLOCK_ARMED,wood_5
9663.007,True,False,ONE_FINGER,True,True,0.81415,0.86258,814,875,False,True,BLOCK_ARMED,wood_5
9663.215,False,False,ONE_FINGER,False,False,,,,,False,False,BLOCK_ARMED,wood_5
9663.403,False,False,ONE_FINGER,False,False,,,,,False,False,TRACKING,
9663.616,False,False,ONE_FINGER,False,False,,,,,False,False,TRACKING,
9663.802,False,False,ONE_FINGER,False,False,,,,,False,False,TRACKING,
9664.015,False,False,ONE_FINGER,False,False,,,,,False,False,TRACKING,
9664.203,False,False,ONE_FINGER,False,False,,,,,False,False,TRACKING,
9664.303,False,False,ONE_FINGER,False,False,,,,,False,False,TRACKING,
9664.415,False,False,ONE_FINGER,False,False,,,,,False,False,TRACKING,
9664.603,False,False,ONE_FINGER,False,False,,,,,False,False,TRACKING,
9664.814,False,False,ONE_FINGER,False,False,,,,,False,False,TRACKING,
9664.998,False,False,ONE_FINGER,False,False,,,,,False,False,TRACKING,
9665.098,False,False,ONE_FINGER,False,False,,,,,False,False,TRACKING,
9665.207,False,False,ONE_FINGER,False,False,,,,,False,False,TRACKING,
9665.407,True,False,ONE_FINGER,True,True,0.74810,0.84985,748,875,False,True,BLOCK_HOVER,wood_5
9665.607,False,False,ONE_FINGER,False,False,,,,,False,False,BLOCK_HOVER,wood_5
9665.711,False,False,ONE_FINGER,False,False,,,,,False,False,BLOCK_HOVER,wood_5
9665.903,False,False,ONE_FINGER,False,False,,,,,False,False,TRACKING,
9666.015,False,False,ONE_FINGER,False,False,,,,,False,False,TRACKING,
9666.203,False,True,ONE_FINGER,False,False,0.74835,0.85504,748,875,False,True,BLOCK_HOVER,wood_5
9666.411,True,False,ONE_FINGER,True,True,0.74962,0.85808,749,875,False,True,BLOCK_ARMED,wood_5
9666.515,True,False,ONE_FINGER,True,True,0.74845,0.85952,748,875,False,True,BLOCK_ARMED,wood_5
9666.698,True,False,ONE_FINGER,True,True,0.74605,0.86239,746,875,False,True,BLOCK_ARMED,wood_5
9666.811,False,True,ONE_FINGER,False,False,0.74605,0.86239,746,875,False,True,BLOCK_ARMED,wood_5
9667.007,True,False,ONE_FINGER,True,True,0.75151,0.87216,751,875,False,True,BLOCK_ARMED,wood_5
9667.211,False,True,ONE_FINGER,False,False,0.75052,0.86389,750,875,False,True,BLOCK_ARMED,wood_5
9667.403,True,False,ONE_FINGER,True,True,0.74017,0.89193,740,875,False,True,BLOCK_ARMED,wood_5
9667.615,True,False,ONE_FINGER,True,True,0.74306,0.88400,743,875,False,True,BLOCK_ARMED,wood_5
9667.803,False,False,ONE_FINGER,False,False,,,,,False,False,BLOCK_ARMED,wood_5
9668.015,True,False,ONE_FINGER,True,True,0.74743,0.89413,747,875,False,True,BLOCK_ARMED,wood_5
9668.119,True,False,ONE_FINGER,True,True,0.74651,0.87627,746,875,False,True,BLOCK_ARMED,wood_5
9668.299,False,True,ONE_FINGER,False,False,0.74731,0.89497,747,875,False,True,BLOCK_ARMED,wood_5
9668.411,False,False,ONE_FINGER,False,False,,,,,False,False,BLOCK_ARMED,wood_5
9668.511,False,False,ONE_FINGER,False,False,,,,,False,False,BLOCK_ARMED,wood_5
9668.698,True,False,ONE_FINGER,False,True,,,,,False,False,BLOCK_ARMED,wood_5
9668.808,False,False,ONE_FINGER,False,False,,,,,False,False,BLOCK_ARMED,wood_5
9669.007,True,False,ONE_FINGER,True,True,0.73816,0.90109,738,875,False,True,BLOCK_ARMED,wood_5
9669.211,True,False,ONE_FINGER,True,True,0.75589,0.85315,755,875,False,True,BLOCK_ARMED,wood_5
9669.311,False,True,ONE_FINGER,False,False,0.75589,0.85315,755,875,False,True,BLOCK_ARMED,wood_5
9669.507,True,False,ONE_FINGER,False,False,,,,,False,False,BLOCK_ARMED,wood_5
9669.707,True,False,ONE_FINGER,True,True,0.74327,0.87747,743,875,False,True,BLOCK_ARMED,wood_5
9669.894,False,False,ONE_FINGER,False,False,,,,,False,False,BLOCK_ARMED,wood_5
9670.019,False,False,ONE_FINGER,False,False,,,,,False,False,BLOCK_ARMED,wood_5
9670.215,False,False,ONE_FINGER,False,False,,,,,False,False,TRACKING,
9670.420,True,False,ONE_FINGER,True,True,0.74935,0.85817,749,875,False,True,BLOCK_HOVER,wood_5
9670.599,True,False,ONE_FINGER,True,True,0.74573,0.86484,745,875,False,True,BLOCK_ARMED,wood_5
9670.702,False,True,ONE_FINGER,False,False,0.74573,0.86484,745,875,False,True,BLOCK_ARMED,wood_5
9670.803,True,False,ONE_FINGER,True,True,0.74865,0.86052,748,875,False,True,BLOCK_ARMED,wood_5
9670.906,False,True,ONE_FINGER,False,False,0.74865,0.86052,748,875,False,True,BLOCK_ARMED,wood_5
9671.103,False,True,ONE_FINGER,False,False,0.75420,0.85726,754,875,False,True,BLOCK_ARMED,wood_5
9671.207,True,False,ONE_FINGER,True,True,0.75562,0.85536,755,875,False,True,BLOCK_ARMED,wood_5
9671.315,False,True,ONE_FINGER,False,False,0.75562,0.85536,755,875,False,True,BLOCK_ARMED,wood_5
9671.506,False,True,ONE_FINGER,False,False,0.75376,0.86469,753,875,False,True,BLOCK_ARMED,wood_5
9671.611,True,False,ONE_FINGER,True,True,0.74162,0.88413,741,875,False,True,BLOCK_ARMED,wood_5
9671.803,True,False,ONE_FINGER,True,True,0.74035,0.87761,740,875,False,True,BLOCK_ARMED,wood_5
9672.007,False,True,ONE_FINGER,False,False,0.73880,0.87630,738,875,False,True,BLOCK_ARMED,wood_5
9672.107,False,False,ONE_FINGER,False,False,,,,,False,False,BLOCK_ARMED,wood_5
9672.207,True,False,ONE_FINGER,True,True,0.73904,0.87417,739,875,False,True,BLOCK_ARMED,wood_5
9672.411,True,False,ONE_FINGER,False,True,,,,,False,False,BLOCK_ARMED,wood_5
9672.511,False,False,ONE_FINGER,False,False,,,,,False,False,BLOCK_ARMED,wood_5
9672.699,False,True,ONE_FINGER,False,False,0.75348,0.86062,753,875,False,True,BLOCK_ARMED,wood_5
9672.811,True,False,ONE_FINGER,True,True,0.74697,0.87079,746,875,False,True,BLOCK_ARMED,wood_5
9672.916,False,True,ONE_FINGER,False,False,0.74697,0.87079,746,875,False,True,BLOCK_ARMED,wood_5
9673.095,False,False,ONE_FINGER,False,False,,,,,False,False,BLOCK_ARMED,wood_5
9673.219,False,False,ONE_FINGER,False,False,,,,,False,False,BLOCK_ARMED,wood_5
9673.411,False,False,ONE_FINGER,False,False,,,,,False,False,TRACKING,
9673.608,False,False,ONE_FINGER,False,False,,,,,False,False,TRACKING,
9673.708,True,False,ONE_FINGER,True,True,0.74290,0.87177,742,875,False,True,BLOCK_HOVER,wood_5
9673.894,False,False,ONE_FINGER,False,False,,,,,False,False,BLOCK_HOVER,wood_5
9674.020,False,False,ONE_FINGER,False,False,,,,,False,False,BLOCK_HOVER,wood_5
9674.207,False,False,ONE_FINGER,False,False,,,,,False,False,TRACKING,
9674.314,False,False,ONE_FINGER,False,False,,,,,False,False,TRACKING,
9674.416,False,False,ONE_FINGER,False,False,,,,,False,False,TRACKING,
9674.603,False,False,ONE_FINGER,False,False,,,,,False,False,TRACKING,
9674.703,False,False,ONE_FINGER,False,False,,,,,False,False,TRACKING,
9674.820,False,False,ONE_FINGER,False,False,,,,,False,False,TRACKING,
9675.011,False,False,ONE_FINGER,False,False,,,,,False,False,TRACKING,
9675.211,False,False,ONE_FINGER,False,False,,,,,False,False,TRACKING,
9675.404,True,False,ONE_FINGER,True,True,0.73749,0.89608,737,875,False,True,BLOCK_HOVER,wood_5
9675.608,True,False,ONE_FINGER,False,False,,,,,False,False,BLOCK_HOVER,wood_5
9675.808,False,False,ONE_FINGER,False,False,,,,,False,False,BLOCK_HOVER,wood_5
9676.015,False,False,ONE_FINGER,False,False,,,,,False,False,TRACKING,
9676.204,False,False,ONE_FINGER,False,False,,,,,False,False,TRACKING,
9676.311,False,False,ONE_FINGER,False,False,,,,,False,False,TRACKING,
9676.416,False,False,ONE_FINGER,False,False,,,,,False,False,TRACKING,
9676.603,False,True,ONE_FINGER,False,False,0.73750,0.90457,737,875,False,True,BLOCK_HOVER,wood_5
9676.812,True,False,ONE_FINGER,False,False,,,,,False,False,BLOCK_HOVER,wood_5
9676.999,False,False,ONE_FINGER,False,False,,,,,False,False,BLOCK_HOVER,wood_5
9677.211,False,False,ONE_FINGER,False,False,,,,,False,False,TRACKING,
9677.411,False,False,ONE_FINGER,False,False,,,,,False,False,TRACKING,
9677.611,True,False,ONE_FINGER,False,False,,,,,False,False,TRACKING,
9677.798,True,False,ONE_FINGER,False,False,,,,,False,False,TRACKING,
9677.899,True,False,ONE_FINGER,False,False,,,,,False,False,TRACKING,
9678.011,True,False,ONE_FINGER,False,False,,,,,False,False,TRACKING,
9678.199,True,False,ONE_FINGER,False,False,,,,,False,False,TRACKING,
9678.302,True,False,ONE_FINGER,False,False,,,,,False,False,TRACKING,
9678.412,True,False,ONE_FINGER,False,False,,,,,False,False,TRACKING,
9678.607,True,False,ONE_FINGER,False,False,,,,,False,False,TRACKING,
9678.807,False,False,ONE_FINGER,False,False,,,,,False,False,TRACKING,
9678.917,False,False,ONE_FINGER,False,False,,,,,False,False,TRACKING,
9679.103,False,False,ONE_FINGER,False,False,,,,,False,False,TRACKING,
9679.215,False,False,ONE_FINGER,False,False,,,,,False,False,TRACKING,
9679.316,False,False,ONE_FINGER,False,False,,,,,False,False,TRACKING,
9679.507,False,False,ONE_FINGER,False,False,,,,,False,False,TRACKING,
9679.707,False,False,ONE_FINGER,False,False,,,,,False,False,TRACKING,
9679.893,False,False,ONE_FINGER,False,False,,,,,False,False,TRACKING,
9680.011,False,False,ONE_FINGER,False,False,,,,,False,False,TRACKING,
9680.111,False,False,ONE_FINGER,False,False,,,,,False,False,TRACKING,
9680.295,False,False,ONE_FINGER,False,False,,,,,False,False,TRACKING,
9680.415,False,False,ONE_FINGER,False,False,,,,,False,False,TRACKING,
9680.516,False,False,ONE_FINGER,False,False,,,,,False,False,TRACKING,
9680.695,False,False,ONE_FINGER,False,False,,,,,False,False,TRACKING,
9680.807,False,False,ONE_FINGER,False,False,,,,,False,False,TRACKING,
9680.907,False,False,ONE_FINGER,False,False,,,,,False,False,TRACKING,
9681.099,False,False,ONE_FINGER,False,False,,,,,False,False,TRACKING,
9681.211,False,False,ONE_FINGER,False,False,,,,,False,False,TRACKING,
9681.416,False,False,ONE_FINGER,False,False,,,,,False,False,TRACKING,
9681.616,False,False,ONE_FINGER,False,False,,,,,False,False,TRACKING,
9681.807,False,False,ONE_FINGER,False,False,,,,,False,False,TRACKING,
9682.022,False,False,ONE_FINGER,False,False,,,,,False,False,TRACKING,
9682.216,False,False,ONE_FINGER,False,False,,,,,False,False,TRACKING,
9682.419,False,True,ONE_FINGER,False,False,0.93288,0.82039,932,875,False,True,BLOCK_HOVER,wood_5
9682.611,False,False,ONE_FINGER,False,False,,,,,False,False,BLOCK_HOVER,wood_5
9682.816,False,False,ONE_FINGER,False,False,,,,,False,False,TRACKING,
9683.004,False,False,ONE_FINGER,False,False,,,,,False,False,TRACKING,
9683.207,False,False,ONE_FINGER,False,False,,,,,False,False,TRACKING,
9683.307,False,False,ONE_FINGER,False,False,,,,,False,False,TRACKING,
9683.503,False,False,ONE_FINGER,False,False,,,,,False,False,TRACKING,
9683.609,False,False,ONE_FINGER,False,False,,,,,False,False,TRACKING,
9683.711,True,False,ONE_FINGER,False,False,,,,,False,False,TRACKING,
9683.815,True,False,ONE_FINGER,False,False,,,,,False,False,TRACKING,
9684.015,True,False,ONE_FINGER,False,False,,,,,False,False,TRACKING,
9684.199,False,False,ONE_FINGER,False,False,,,,,False,False,TRACKING,
9684.299,True,False,ONE_FINGER,False,False,,,,,False,False,TRACKING,
9684.411,True,False,ONE_FINGER,False,False,,,,,False,False,TRACKING,
9684.603,False,False,ONE_FINGER,False,False,,,,,False,False,TRACKING,
9684.811,False,False,ONE_FINGER,False,False,,,,,False,False,TRACKING,
9685.003,False,False,ONE_FINGER,False,False,,,,,False,False,TRACKING,
9685.216,True,False,ONE_FINGER,True,True,0.73896,0.88416,738,875,False,True,BLOCK_HOVER,wood_5
9685.316,False,True,ONE_FINGER,False,False,0.73896,0.88416,738,875,False,True,BLOCK_HOVER,wood_5
9685.507,False,False,ONE_FINGER,False,False,,,,,False,False,BLOCK_HOVER,wood_5
9685.615,False,False,ONE_FINGER,False,False,,,,,False,False,BLOCK_HOVER,wood_5
9685.803,False,False,ONE_FINGER,False,False,,,,,False,False,TRACKING,
9686.020,False,False,ONE_FINGER,False,False,,,,,False,False,TRACKING,
9686.207,False,False,ONE_FINGER,False,False,,,,,False,False,TRACKING,
9686.307,False,False,ONE_FINGER,False,False,,,,,False,False,TRACKING,
9686.415,False,False,ONE_FINGER,False,False,,,,,False,False,TRACKING,
9686.608,False,False,ONE_FINGER,False,False,,,,,False,False,TRACKING,
9686.820,False,False,ONE_FINGER,False,False,,,,,False,False,TRACKING,
9687.007,False,False,ONE_FINGER,False,False,,,,,False,False,TRACKING,
9687.107,False,False,ONE_FINGER,False,False,,,,,False,False,TRACKING,
9687.216,False,False,ONE_FINGER,False,False,,,,,False,False,TRACKING,
9687.316,False,False,ONE_FINGER,False,False,,,,,False,False,TRACKING,
9687.499,False,False,ONE_FINGER,False,False,,,,,False,False,TRACKING,
9687.612,False,False,ONE_FINGER,False,False,,,,,False,False,TRACKING,
9687.812,False,False,ONE_FINGER,False,False,,,,,False,False,TRACKING,
9688.016,False,False,ONE_FINGER,False,False,,,,,False,False,TRACKING,
9688.208,False,False,ONE_FINGER,False,False,,,,,False,False,TRACKING,
9688.415,False,False,ONE_FINGER,False,False,,,,,False,False,TRACKING,
9688.516,False,False,ONE_FINGER,False,False,,,,,False,False,TRACKING,
9688.703,False,False,ONE_FINGER,False,False,,,,,False,False,TRACKING,
9688.816,False,False,ONE_FINGER,False,False,,,,,False,False,TRACKING,
9689.008,False,False,ONE_FINGER,False,False,,,,,False,False,TRACKING,
9689.212,False,False,ONE_FINGER,False,False,,,,,False,False,TRACKING,
9689.403,False,False,ONE_FINGER,False,False,,,,,False,False,TRACKING,
9689.611,False,False,ONE_FINGER,False,False,,,,,False,False,TRACKING,
9689.712,False,False,ONE_FINGER,False,False,,,,,False,False,TRACKING,
9689.903,False,False,ONE_FINGER,False,False,,,,,False,False,TRACKING,
9690.016,False,False,ONE_FINGER,False,False,,,,,False,False,TRACKING,
9690.204,False,False,ONE_FINGER,False,False,,,,,False,False,TRACKING,
9690.416,False,False,ONE_FINGER,False,False,,,,,False,False,TRACKING,
9690.607,False,False,ONE_FINGER,False,False,,,,,False,False,TRACKING,
9690.707,False,False,ONE_FINGER,False,False,,,,,False,False,TRACKING,
9690.820,False,False,ONE_FINGER,False,False,,,,,False,False,TRACKING,
9691.008,False,False,ONE_FINGER,False,False,,,,,False,False,TRACKING,
9691.216,False,False,ONE_FINGER,False,False,,,,,False,False,TRACKING,
9691.317,False,False,ONE_FINGER,False,False,,,,,False,False,TRACKING,
9691.499,False,False,ONE_FINGER,False,False,,,,,False,False,TRACKING,
9691.612,False,False,ONE_FINGER,False,False,,,,,False,False,TRACKING,
9691.712,False,False,ONE_FINGER,False,False,,,,,False,False,TRACKING,
9691.899,False,False,ONE_FINGER,False,False,,,,,False,False,TRACKING,
9692.012,False,False,ONE_FINGER,False,False,,,,,False,False,TRACKING,
9692.112,False,False,ONE_FINGER,False,False,,,,,False,False,TRACKING,
9692.303,False,False,ONE_FINGER,False,False,,,,,False,False,TRACKING,
9692.420,False,False,ONE_FINGER,False,False,,,,,False,False,TRACKING,
9692.612,False,False,ONE_FINGER,False,False,,,,,False,False,TRACKING,
9692.820,True,False,ONE_FINGER,True,True,0.75126,0.87639,751,875,False,True,BLOCK_HOVER,wood_5
9693.000,True,False,ONE_FINGER,True,True,0.74893,0.88065,748,875,False,True,BLOCK_HOVER,wood_5
9693.103,False,True,ONE_FINGER,False,False,0.74893,0.88065,748,875,False,True,BLOCK_ARMED,wood_5
9693.308,False,False,ONE_FINGER,False,False,,,,,False,False,BLOCK_ARMED,wood_5
9693.411,True,False,ONE_FINGER,True,True,0.74293,0.88903,742,875,False,True,BLOCK_ARMED,wood_5
9693.620,True,False,ONE_FINGER,True,True,0.74528,0.88343,745,875,False,True,BLOCK_ARMED,wood_5
9693.799,True,False,ONE_FINGER,True,True,0.74954,0.87986,749,875,False,True,BLOCK_ARMED,wood_5
9693.903,False,True,ONE_FINGER,False,False,0.74954,0.87986,749,875,False,True,BLOCK_ARMED,wood_5
9694.116,False,False,ONE_FINGER,False,False,,,,,False,False,BLOCK_ARMED,wood_5
9694.303,False,False,ONE_FINGER,False,False,,,,,False,False,TRACKING,
9694.416,False,False,ONE_FINGER,False,False,,,,,False,False,TRACKING,
9694.612,False,False,ONE_FINGER,False,False,,,,,False,False,TRACKING,
9694.812,False,False,ONE_FINGER,False,False,,,,,False,False,TRACKING,
9695.011,False,False,ONE_FINGER,False,False,,,,,False,False,TRACKING,
9695.212,False,False,ONE_FINGER,False,False,,,,,False,False,TRACKING,
9695.403,False,False,ONE_FINGER,False,False,,,,,False,False,TRACKING,
9695.612,False,False,ONE_FINGER,False,False,,,,,False,False,TRACKING,
9695.716,False,False,ONE_FINGER,False,False,,,,,False,False,TRACKING,
9695.903,False,False,ONE_FINGER,False,False,,,,,False,False,TRACKING,
9696.012,False,False,ONE_FINGER,False,False,,,,,False,False,TRACKING,
9696.212,False,False,ONE_FINGER,False,False,,,,,False,False,TRACKING,
9696.412,False,False,ONE_FINGER,False,False,,,,,False,False,TRACKING,
9696.604,False,False,ONE_FINGER,False,False,,,,,False,False,TRACKING,
9696.820,False,False,ONE_FINGER,False,False,,,,,False,False,TRACKING,
9697.008,False,False,ONE_FINGER,False,False,,,,,False,False,TRACKING,
9697.220,False,False,ONE_FINGER,False,False,,,,,False,False,TRACKING,
9697.411,False,True,ONE_FINGER,False,False,0.75008,0.85732,750,875,False,True,BLOCK_HOVER,wood_5
9697.616,False,False,ONE_FINGER,False,False,,,,,False,False,BLOCK_HOVER,wood_5
9697.812,False,False,ONE_FINGER,False,False,,,,,False,False,TRACKING,
9698.020,False,False,ONE_FINGER,False,False,,,,,False,False,TRACKING,
9698.208,False,False,ONE_FINGER,False,False,,,,,False,False,TRACKING,
9698.412,False,False,ONE_FINGER,False,False,,,,,False,False,TRACKING,
9698.612,False,False,ONE_FINGER,False,False,,,,,False,False,TRACKING,
9698.812,False,False,ONE_FINGER,False,False,,,,,False,False,TRACKING,
9698.912,False,False,ONE_FINGER,False,False,,,,,False,False,TRACKING,
9699.099,False,False,ONE_FINGER,False,False,,,,,False,False,TRACKING,
9699.212,False,False,ONE_FINGER,False,False,,,,,False,False,TRACKING,
9699.312,False,False,ONE_FINGER,False,False,,,,,False,False,TRACKING,
9699.503,False,False,ONE_FINGER,False,False,,,,,False,False,TRACKING,
9699.620,False,False,ONE_FINGER,False,False,,,,,False,False,TRACKING,
9699.812,False,False,ONE_FINGER,False,False,,,,,False,False,TRACKING,
9700.016,False,False,ONE_FINGER,False,False,,,,,False,False,TRACKING,
9700.208,True,False,ONE_FINGER,True,True,0.75142,0.88122,751,875,False,True,BLOCK_HOVER,wood_5
9700.308,False,True,ONE_FINGER,False,False,0.75142,0.88122,751,875,False,True,BLOCK_HOVER,wood_5
9700.512,True,False,ONE_FINGER,True,True,0.75479,0.86352,754,875,False,True,BLOCK_ARMED,wood_5
9700.704,False,False,ONE_FINGER,False,False,,,,,False,False,BLOCK_ARMED,wood_5
9700.816,False,False,ONE_FINGER,False,False,,,,,False,False,BLOCK_ARMED,wood_5
9701.004,False,False,ONE_FINGER,False,False,,,,,False,False,TRACKING,
9701.216,False,False,ONE_FINGER,False,False,,,,,False,False,TRACKING,
9701.408,False,False,ONE_FINGER,False,False,,,,,False,False,TRACKING,
9701.608,False,False,ONE_FINGER,False,False,,,,,False,False,TRACKING,
9701.808,False,False,ONE_FINGER,False,False,,,,,False,False,TRACKING,
9702.008,False,False,ONE_FINGER,False,False,,,,,False,False,TRACKING,
9702.108,False,False,ONE_FINGER,False,False,,,,,False,False,TRACKING,
9702.295,False,False,ONE_FINGER,False,False,,,,,False,False,TRACKING,
9702.409,False,False,ONE_FINGER,False,False,,,,,False,False,TRACKING,
9702.511,False,False,ONE_FINGER,False,False,,,,,False,False,TRACKING,
9702.697,False,False,ONE_FINGER,False,False,,,,,False,False,TRACKING,
9702.808,False,False,ONE_FINGER,False,False,,,,,False,False,TRACKING,
9703.006,False,False,ONE_FINGER,False,False,,,,,False,False,TRACKING,
9703.217,False,False,ONE_FINGER,False,False,,,,,False,False,TRACKING,
9703.401,False,False,ONE_FINGER,False,False,,,,,False,False,TRACKING,
9703.609,False,False,ONE_FINGER,False,False,,,,,False,False,TRACKING,
9703.801,False,False,ONE_FINGER,False,False,,,,,False,False,TRACKING,
9703.901,False,False,ONE_FINGER,False,False,,,,,False,False,TRACKING,
9704.013,False,False,ONE_FINGER,False,False,,,,,False,False,TRACKING,
9704.113,False,False,ONE_FINGER,False,False,,,,,False,False,TRACKING,
9704.304,False,False,ONE_FINGER,False,False,,,,,False,False,TRACKING,
9704.405,False,False,ONE_FINGER,False,False,,,,,False,False,TRACKING,
9704.517,False,False,ONE_FINGER,False,False,,,,,False,False,TRACKING,
9704.701,False,False,ONE_FINGER,False,False,,,,,False,False,TRACKING,
9704.821,False,False,ONE_FINGER,False,False,,,,,False,False,TRACKING,
9705.009,False,False,ONE_FINGER,False,False,,,,,False,False,TRACKING,
9705.213,False,False,ONE_FINGER,False,False,,,,,False,False,TRACKING,
9705.317,False,False,ONE_FINGER,False,False,,,,,False,False,TRACKING,
9705.504,False,False,ONE_FINGER,False,False,,,,,False,False,TRACKING,
9705.612,False,False,ONE_FINGER,False,False,,,,,False,False,TRACKING,
9705.804,True,False,ONE_FINGER,False,False,,,,,False,False,TRACKING,
9706.008,True,False,ONE_FINGER,False,False,,,,,False,False,TRACKING,
9706.204,True,False,ONE_FINGER,False,False,,,,,False,False,TRACKING,
9706.405,True,False,ONE_FINGER,False,False,,,,,False,False,TRACKING,
9706.508,True,False,ONE_FINGER,False,False,,,,,False,False,TRACKING,
9706.700,True,False,ONE_FINGER,False,False,,,,,False,False,TRACKING,
9706.816,True,False,ONE_FINGER,False,False,,,,,False,False,TRACKING,
9707.004,True,False,ONE_FINGER,False,False,,,,,False,False,TRACKING,
9707.204,True,False,ONE_FINGER,False,False,,,,,False,False,TRACKING,
9707.304,True,False,ONE_FINGER,False,False,,,,,False,False,TRACKING,
9707.504,True,False,ONE_FINGER,False,False,,,,,False,False,TRACKING,
9707.612,True,False,ONE_FINGER,False,False,,,,,False,False,TRACKING,
9707.804,True,False,ONE_FINGER,False,False,,,,,False,False,TRACKING,
9707.904,True,False,ONE_FINGER,False,False,,,,,False,False,TRACKING,
9708.004,True,False,ONE_FINGER,False,False,,,,,False,False,TRACKING,
9708.203,True,False,ONE_FINGER,False,False,,,,,False,False,TRACKING,
9708.416,True,False,ONE_FINGER,False,False,,,,,False,False,TRACKING,
9708.604,True,False,ONE_FINGER,False,False,,,,,False,False,TRACKING,
9708.812,True,False,ONE_FINGER,False,False,,,,,False,False,TRACKING,
9709.005,True,False,ONE_FINGER,False,False,,,,,False,False,TRACKING,
9709.208,True,False,ONE_FINGER,True,True,0.74565,0.80092,745,875,False,True,BLOCK_HOVER,wood_5
9709.396,True,False,ONE_FINGER,False,False,,,,,False,False,BLOCK_HOVER,wood_5
9709.608,True,False,ONE_FINGER,True,True,0.73556,0.83930,735,875,False,True,BLOCK_ARMED,wood_5
9709.708,False,True,ONE_FINGER,False,False,0.73556,0.83930,735,875,False,True,BLOCK_ARMED,wood_5
9709.908,True,False,ONE_FINGER,True,True,0.74896,0.84656,748,875,False,True,BLOCK_ARMED,wood_5
9710.021,True,False,ONE_FINGER,True,True,0.74287,0.82779,742,875,False,True,BLOCK_ARMED,wood_5
9710.200,True,False,ONE_FINGER,True,True,0.74249,0.82567,742,875,False,True,BLOCK_ARMED,wood_5
9710.300,True,False,ONE_FINGER,True,True,0.74366,0.82971,743,875,False,True,BLOCK_ARMED,wood_5
9710.412,True,False,ONE_FINGER,True,True,0.74265,0.82794,742,875,False,True,BLOCK_ARMED,wood_5
9710.604,True,False,ONE_FINGER,False,False,,,,,False,False,BLOCK_ARMED,wood_5
9710.704,True,False,ONE_FINGER,True,True,0.74314,0.82404,743,875,False,True,BLOCK_ARMED,wood_5
9710.804,True,False,ONE_FINGER,False,False,,,,,False,False,BLOCK_ARMED,wood_5
9711.004,True,False,ONE_FINGER,True,True,0.75013,0.83557,750,875,False,True,BLOCK_ARMED,wood_5
9711.204,True,False,ONE_FINGER,True,True,0.74389,0.82818,743,875,False,True,BLOCK_ARMED,wood_5
9711.404,True,False,ONE_FINGER,True,True,0.75174,0.83617,751,875,False,True,BLOCK_ARMED,wood_5
9711.504,True,False,ONE_FINGER,False,False,,,,,False,False,BLOCK_ARMED,wood_5
9711.616,False,False,ONE_FINGER,False,False,,,,,False,False,BLOCK_ARMED,wood_5
9711.816,True,False,ONE_FINGER,True,True,0.75764,0.83667,757,875,False,True,BLOCK_ARMED,wood_5
9712.016,False,False,ONE_FINGER,False,False,,,,,False,False,BLOCK_ARMED,wood_5
9712.204,False,False,ONE_FINGER,False,False,,,,,False,False,BLOCK_ARMED,wood_5
9712.304,False,False,ONE_FINGER,False,False,,,,,False,False,TRACKING,
9712.417,False,False,ONE_FINGER,False,False,,,,,False,False,TRACKING,
9712.612,True,False,ONE_FINGER,False,True,,,,,False,False,TRACKING,
9712.812,False,False,ONE_FINGER,False,False,,,,,False,False,TRACKING,
9712.912,False,False,ONE_FINGER,False,False,,,,,False,False,TRACKING,
9713.012,False,False,ONE_FINGER,False,False,,,,,False,False,TRACKING,
9713.212,True,False,ONE_FINGER,False,False,,,,,False,False,TRACKING,
9713.313,True,False,ONE_FINGER,False,False,,,,,False,False,TRACKING,
9713.500,True,False,ONE_FINGER,False,False,,,,,False,False,TRACKING,
9713.612,False,False,ONE_FINGER,False,False,,,,,False,False,TRACKING,
9713.804,True,False,ONE_FINGER,False,False,,,,,False,False,TRACKING,
9713.904,False,False,ONE_FINGER,False,False,,,,,False,False,TRACKING,
9714.104,False,False,ONE_FINGER,False,False,,,,,False,False,TRACKING,
9714.204,False,False,ONE_FINGER,False,False,,,,,False,False,TRACKING,
9714.408,False,False,ONE_FINGER,False,False,,,,,False,False,TRACKING,
9714.612,False,False,ONE_FINGER,False,False,,,,,False,False,TRACKING,
9714.812,False,False,ONE_FINGER,False,False,,,,,False,False,TRACKING,
9714.913,False,False,ONE_FINGER,False,False,,,,,False,False,TRACKING,
9715.096,False,False,ONE_FINGER,False,False,,,,,False,False,TRACKING,
9715.208,False,False,ONE_FINGER,False,False,,,,,False,False,TRACKING,
9715.308,False,False,ONE_FINGER,False,False,,,,,False,False,TRACKING,
9715.408,False,False,ONE_FINGER,False,False,,,,,False,False,TRACKING,
9715.617,False,False,ONE_FINGER,False,False,,,,,False,False,TRACKING,
9715.799,False,False,ONE_FINGER,False,False,,,,,False,False,TRACKING,
9716.013,False,False,ONE_FINGER,False,False,,,,,False,False,TRACKING,
9716.204,True,False,ONE_FINGER,True,True,0.73518,0.75936,735,875,False,True,BLOCK_HOVER,wood_5
9716.305,True,False,ONE_FINGER,True,False,0.73592,0.75492,735,875,False,True,BLOCK_HOVER,wood_5
9716.412,True,False,ONE_FINGER,True,True,0.73308,0.75540,733,875,False,True,BLOCK_HOVER,wood_5
9716.600,True,False,ONE_FINGER,False,False,,,,,False,False,BLOCK_ARMED,wood_5
9716.813,True,False,ONE_FINGER,False,False,,,,,False,False,BLOCK_ARMED,wood_5
9716.996,False,False,ONE_FINGER,False,False,,,,,False,False,TRACKING,
9717.100,False,False,ONE_FINGER,False,False,,,,,False,False,TRACKING,
9717.204,False,False,ONE_FINGER,False,False,,,,,False,False,TRACKING,
9717.308,False,False,ONE_FINGER,False,False,,,,,False,False,TRACKING,
9717.496,False,False,ONE_FINGER,False,False,,,,,False,False,TRACKING,
9717.621,False,False,ONE_FINGER,False,False,,,,,False,False,TRACKING,
9717.813,False,False,ONE_FINGER,False,False,,,,,False,False,TRACKING,
9718.017,False,False,ONE_FINGER,False,False,,,,,False,False,TRACKING,
9718.208,False,False,ONE_FINGER,False,False,,,,,False,False,TRACKING,
9718.421,False,False,ONE_FINGER,False,False,,,,,False,False,TRACKING,
9718.613,False,False,ONE_FINGER,False,False,,,,,False,False,TRACKING,
9718.813,False,False,ONE_FINGER,False,False,,,,,False,False,TRACKING,
9719.004,False,False,ONE_FINGER,False,False,,,,,False,False,TRACKING,
9719.217,False,False,ONE_FINGER,False,False,,,,,False,False,TRACKING,
9719.404,True,False,ONE_FINGER,False,False,,,,,False,False,TRACKING,
9719.504,False,False,ONE_FINGER,False,False,,,,,False,False,TRACKING,
9719.713,False,False,ONE_FINGER,False,False,,,,,False,False,TRACKING,
9719.813,True,False,ONE_FINGER,False,False,,,,,False,False,TRACKING,
9720.013,False,False,ONE_FINGER,False,False,,,,,False,False,TRACKING,
9720.117,False,False,ONE_FINGER,False,False,,,,,False,False,TRACKING,
9720.303,False,False,ONE_FINGER,False,False,,,,,False,False,TRACKING,
9720.417,False,False,ONE_FINGER,False,False,,,,,False,False,TRACKING,
9720.609,False,False,ONE_FINGER,False,False,,,,,False,False,TRACKING,
9720.809,False,False,ONE_FINGER,False,False,,,,,False,False,TRACKING,
9720.909,False,False,ONE_FINGER,False,False,,,,,False,False,TRACKING,
9721.104,False,False,ONE_FINGER,False,False,,,,,False,False,TRACKING,
9721.217,False,False,ONE_FINGER,False,False,,,,,False,False,TRACKING,
9721.404,False,False,ONE_FINGER,False,False,,,,,False,False,TRACKING,
9721.504,False,False,ONE_FINGER,False,False,,,,,False,False,TRACKING,
9721.617,False,False,ONE_FINGER,False,False,,,,,False,False,TRACKING,
9721.804,False,False,ONE_FINGER,False,False,,,,,False,False,TRACKING,
9721.904,False,False,ONE_FINGER,False,False,,,,,False,False,TRACKING,
9722.009,False,False,ONE_FINGER,False,False,,,,,False,False,TRACKING,
9722.196,False,False,ONE_FINGER,False,False,,,,,False,False,TRACKING,
9722.409,False,False,ONE_FINGER,False,False,,,,,False,False,TRACKING,
9722.608,False,False,ONE_FINGER,False,False,,,,,False,False,TRACKING,
9722.809,False,False,ONE_FINGER,False,False,,,,,False,False,TRACKING,
9722.996,False,False,ONE_FINGER,False,False,,,,,False,False,TRACKING,
9723.100,False,False,ONE_FINGER,False,False,,,,,False,False,TRACKING,
9723.204,False,False,ONE_FINGER,False,False,,,,,False,False,TRACKING,
9723.304,False,False,ONE_FINGER,False,False,,,,,False,False,TRACKING,
9723.405,False,False,ONE_FINGER,False,False,,,,,False,False,TRACKING,
9723.609,False,False,ONE_FINGER,False,False,,,,,False,False,TRACKING,
9723.800,False,False,ONE_FINGER,False,False,,,,,False,False,TRACKING,
9723.904,False,False,ONE_FINGER,False,False,,,,,False,False,TRACKING,
9724.013,False,False,ONE_FINGER,False,False,,,,,False,False,TRACKING,
9724.204,False,False,ONE_FINGER,False,False,,,,,False,False,TRACKING,
9724.304,False,False,ONE_FINGER,False,False,,,,,False,False,TRACKING,
9724.417,False,False,ONE_FINGER,False,False,,,,,False,False,TRACKING,
9724.604,False,False,ONE_FINGER,False,False,,,,,False,False,TRACKING,
9724.809,False,False,ONE_FINGER,False,False,,,,,False,False,TRACKING,
9724.913,False,False,ONE_FINGER,False,False,,,,,False,False,TRACKING,
9725.104,False,False,ONE_FINGER,False,False,,,,,False,False,TRACKING,
9725.217,False,False,ONE_FINGER,False,False,,,,,False,False,TRACKING,
9725.404,False,False,ONE_FINGER,False,False,,,,,False,False,TRACKING,
9725.604,False,False,ONE_FINGER,False,False,,,,,False,False,TRACKING,
9725.708,False,False,ONE_FINGER,False,False,,,,,False,False,TRACKING,
9725.900,False,False,ONE_FINGER,False,False,,,,,False,False,TRACKING,
9726.009,False,False,ONE_FINGER,False,False,,,,,False,False,TRACKING,
9726.109,False,False,ONE_FINGER,False,False,,,,,False,False,TRACKING,
9726.296,False,False,ONE_FINGER,False,False,,,,,False,False,TRACKING,
9726.409,False,False,ONE_FINGER,False,False,,,,,False,False,TRACKING,
9726.509,False,False,ONE_FINGER,False,False,,,,,False,False,TRACKING,
9726.696,False,False,ONE_FINGER,False,False,,,,,False,False,TRACKING,
9726.817,False,False,ONE_FINGER,False,False,,,,,False,False,TRACKING,
9727.005,False,False,ONE_FINGER,False,False,,,,,False,False,TRACKING,
9727.105,False,False,ONE_FINGER,False,False,,,,,False,False,TRACKING,
9727.217,False,False,ONE_FINGER,False,False,,,,,False,False,TRACKING,
9727.405,False,False,ONE_FINGER,False,False,,,,,False,False,TRACKING,
9727.609,False,False,ONE_FINGER,False,False,,,,,False,False,TRACKING,
9727.805,False,False,ONE_FINGER,False,False,,,,,False,False,TRACKING,
9728.009,False,False,ONE_FINGER,False,False,,,,,False,False,TRACKING,
9728.200,False,False,ONE_FINGER,False,False,,,,,False,False,TRACKING,
9728.405,False,False,ONE_FINGER,False,False,,,,,False,False,TRACKING,
9728.505,False,False,ONE_FINGER,False,False,,,,,False,False,TRACKING,
9728.704,False,False,ONE_FINGER,False,False,,,,,False,False,TRACKING,
9728.813,False,False,ONE_FINGER,False,False,,,,,False,False,TRACKING,
9729.005,False,False,ONE_FINGER,False,False,,,,,False,False,TRACKING,
9729.205,False,False,ONE_FINGER,False,False,,,,,False,False,TRACKING,
9729.404,False,False,ONE_FINGER,False,False,,,,,False,False,TRACKING,
9729.505,False,False,ONE_FINGER,False,False,,,,,False,False,TRACKING,
9729.617,False,False,ONE_FINGER,False,False,,,,,False,False,TRACKING,
9729.805,False,False,ONE_FINGER,False,False,,,,,False,False,TRACKING,
9730.009,False,False,ONE_FINGER,False,False,,,,,False,False,TRACKING,
9730.209,False,False,ONE_FINGER,False,False,,,,,False,False,TRACKING,
9730.409,False,False,ONE_FINGER,False,False,,,,,False,False,TRACKING,
9730.609,False,False,ONE_FINGER,False,False,,,,,False,False,TRACKING,
9730.813,False,False,ONE_FINGER,False,False,,,,,False,False,TRACKING,
9731.005,False,False,ONE_FINGER,False,False,,,,,False,False,TRACKING,
9731.204,False,False,ONE_FINGER,False,False,,,,,False,False,TRACKING,
9731.404,False,False,ONE_FINGER,False,False,,,,,False,False,TRACKING,
9731.606,False,False,ONE_FINGER,False,False,,,,,False,False,TRACKING,
9731.804,False,False,ONE_FINGER,False,False,,,,,False,False,TRACKING,
9731.905,False,False,ONE_FINGER,False,False,,,,,False,False,TRACKING,
9732.101,False,False,ONE_FINGER,False,False,,,,,False,False,TRACKING,
9732.205,False,False,ONE_FINGER,False,False,,,,,False,False,TRACKING,
9732.417,False,False,ONE_FINGER,False,False,,,,,False,False,TRACKING,
9732.605,False,False,ONE_FINGER,False,False,,,,,False,False,TRACKING,
9732.705,False,False,ONE_FINGER,False,False,,,,,False,False,TRACKING,
9732.813,False,False,ONE_FINGER,False,False,,,,,False,False,TRACKING,
9733.005,False,False,ONE_FINGER,False,False,,,,,False,False,TRACKING,
9733.205,False,False,ONE_FINGER,False,False,,,,,False,False,TRACKING,
9733.405,False,False,ONE_FINGER,False,False,,,,,False,False,TRACKING,
9733.609,False,False,ONE_FINGER,False,False,,,,,False,False,TRACKING,
9733.801,False,False,ONE_FINGER,False,False,,,,,False,False,TRACKING,
9733.901,False,False,ONE_FINGER,False,False,,,,,False,False,TRACKING,
9734.013,False,False,ONE_FINGER,False,False,,,,,False,False,TRACKING,
9734.209,False,False,ONE_FINGER,False,False,,,,,False,False,TRACKING,
9734.409,False,False,ONE_FINGER,False,False,,,,,False,False,TRACKING,
9734.597,False,False,ONE_FINGER,False,False,,,,,False,False,TRACKING,
9734.697,False,False,ONE_FINGER,False,False,,,,,False,False,TRACKING,
9734.808,False,False,ONE_FINGER,False,False,,,,,False,False,TRACKING,
9734.909,False,False,ONE_FINGER,False,False,,,,,False,False,TRACKING,
9735.100,False,False,ONE_FINGER,False,False,,,,,False,False,TRACKING,
9735.213,False,False,ONE_FINGER,False,False,,,,,False,False,TRACKING,
9735.401,False,False,ONE_FINGER,False,False,,,,,False,False,TRACKING,
9735.613,False,False,ONE_FINGER,False,False,,,,,False,False,TRACKING,
9735.714,False,False,ONE_FINGER,False,False,,,,,False,False,TRACKING,
9735.901,False,False,ONE_FINGER,False,False,,,,,False,False,TRACKING,
9736.017,False,False,ONE_FINGER,False,False,,,,,False,False,TRACKING,
9736.208,False,False,ONE_FINGER,False,False,,,,,False,False,TRACKING,
9736.408,False,False,ONE_FINGER,False,False,,,,,False,False,TRACKING,
9736.509,False,False,ONE_FINGER,False,False,,,,,False,False,TRACKING,
9736.701,False,False,ONE_FINGER,False,False,,,,,False,False,TRACKING,
9736.809,False,False,ONE_FINGER,False,False,,,,,False,False,TRACKING,
9736.909,False,False,ONE_FINGER,False,False,,,,,False,False,TRACKING,
9737.009,False,False,ONE_FINGER,False,False,,,,,False,False,TRACKING,
9737.218,False,False,ONE_FINGER,False,False,,,,,False,False,TRACKING,
9737.409,False,False,ONE_FINGER,False,False,,,,,False,False,TRACKING,
9737.613,False,False,ONE_FINGER,False,False,,,,,False,False,TRACKING,
9737.717,False,False,ONE_FINGER,False,False,,,,,False,False,TRACKING,
9737.897,False,False,ONE_FINGER,False,False,,,,,False,False,TRACKING,
9738.013,False,False,ONE_FINGER,False,False,,,,,False,False,TRACKING,
9738.201,False,False,ONE_FINGER,False,False,,,,,False,False,TRACKING,
9738.412,False,False,ONE_FINGER,False,False,,,,,False,False,TRACKING,
9738.601,False,False,ONE_FINGER,False,False,,,,,False,False,TRACKING,
9738.813,False,False,ONE_FINGER,False,False,,,,,False,False,TRACKING,
9738.997,False,False,ONE_FINGER,False,False,,,,,False,False,TRACKING,
9739.101,False,False,ONE_FINGER,False,False,,,,,False,False,TRACKING,
9739.213,False,False,ONE_FINGER,False,False,,,,,False,False,TRACKING,
9739.313,False,False,ONE_FINGER,False,False,,,,,False,False,TRACKING,
9739.501,False,False,ONE_FINGER,False,False,,,,,False,False,TRACKING,
9739.612,False,False,ONE_FINGER,False,False,,,,,False,False,TRACKING,
9739.713,False,False,ONE_FINGER,False,False,,,,,False,False,TRACKING,
9739.909,False,False,ONE_FINGER,False,False,,,,,False,False,TRACKING,
9740.012,False,False,ONE_FINGER,False,False,,,,,False,False,TRACKING,
9740.113,False,False,ONE_FINGER,False,False,,,,,False,False,TRACKING,
9740.309,False,False,ONE_FINGER,False,False,,,,,False,False,TRACKING,
9740.422,False,False,ONE_FINGER,False,False,,,,,False,False,TRACKING,
9740.597,False,False,ONE_FINGER,False,False,,,,,False,False,TRACKING,
9740.809,False,False,ONE_FINGER,False,False,,,,,False,False,TRACKING,
9741.001,False,False,ONE_FINGER,False,False,,,,,False,False,TRACKING,
9741.101,False,False,ONE_FINGER,False,False,,,,,False,False,TRACKING,
9741.213,False,False,ONE_FINGER,False,False,,,,,False,False,TRACKING,
9741.418,False,False,ONE_FINGER,False,False,,,,,False,False,TRACKING,
9741.613,False,False,ONE_FINGER,False,False,,,,,False,False,TRACKING,
9741.808,False,False,ONE_FINGER,False,False,,,,,False,False,TRACKING,
9742.016,False,False,ONE_FINGER,False,False,,,,,False,False,TRACKING,
9742.214,False,False,ONE_FINGER,False,False,,,,,False,False,TRACKING,
9742.418,False,False,ONE_FINGER,False,False,,,,,False,False,TRACKING,
9742.606,False,False,ONE_FINGER,False,False,,,,,False,False,TRACKING,
9742.805,False,False,ONE_FINGER,False,False,,,,,False,False,TRACKING,
9742.913,False,False,ONE_FINGER,False,False,,,,,False,False,TRACKING,
9743.101,False,False,ONE_FINGER,False,False,,,,,False,False,TRACKING,
9743.213,False,False,ONE_FINGER,False,False,,,,,False,False,TRACKING,
9743.405,False,False,ONE_FINGER,False,False,,,,,False,False,TRACKING,
9743.618,False,False,ONE_FINGER,False,False,,,,,False,False,TRACKING,
9743.805,False,False,ONE_FINGER,False,False,,,,,False,False,TRACKING,
9744.009,False,False,ONE_FINGER,False,False,,,,,False,False,TRACKING,
9744.197,False,False,ONE_FINGER,False,False,,,,,False,False,TRACKING,
9744.297,False,False,ONE_FINGER,False,False,,,,,False,False,TRACKING,
9744.409,False,False,ONE_FINGER,False,False,,,,,False,False,TRACKING,
9744.597,False,False,ONE_FINGER,False,False,,,,,False,False,TRACKING,
9744.810,False,False,ONE_FINGER,False,False,,,,,False,False,TRACKING,
9744.910,False,False,ONE_FINGER,False,False,,,,,False,False,TRACKING,
9745.105,False,False,ONE_FINGER,False,False,,,,,False,False,TRACKING,
9745.205,False,False,ONE_FINGER,False,False,,,,,False,False,TRACKING,
9745.405,False,False,ONE_FINGER,False,False,,,,,False,False,TRACKING,
9745.617,False,False,ONE_FINGER,False,False,,,,,False,False,TRACKING,
9745.809,False,False,ONE_FINGER,False,False,,,,,False,False,TRACKING,
9746.014,False,False,ONE_FINGER,False,False,,,,,False,False,TRACKING,
9746.114,False,False,ONE_FINGER,False,False,,,,,False,False,TRACKING,
9746.301,False,False,ONE_FINGER,False,False,,,,,False,False,TRACKING,
9746.413,False,False,ONE_FINGER,False,False,,,,,False,False,TRACKING,
9746.606,False,False,ONE_FINGER,False,False,,,,,False,False,TRACKING,
9746.818,False,False,ONE_FINGER,False,False,,,,,False,False,TRACKING,
9747.005,False,False,ONE_FINGER,False,False,,,,,False,False,TRACKING,
9747.205,False,False,ONE_FINGER,False,False,,,,,False,False,TRACKING,
9747.412,True,False,ONE_FINGER,False,False,,,,,False,False,TRACKING,
9747.614,False,False,ONE_FINGER,False,False,,,,,False,False,TRACKING,
9747.806,False,False,ONE_FINGER,False,False,,,,,False,False,TRACKING,
9748.009,False,False,ONE_FINGER,False,False,,,,,False,False,TRACKING,
9748.201,False,False,ONE_FINGER,False,False,,,,,False,False,TRACKING,
9748.414,False,False,ONE_FINGER,False,False,,,,,False,False,TRACKING,
9748.612,True,False,ONE_FINGER,False,False,,,,,False,False,TRACKING,
9748.806,False,False,ONE_FINGER,False,False,,,,,False,False,TRACKING,
9749.010,False,False,ONE_FINGER,False,False,,,,,False,False,TRACKING,
9749.218,False,False,ONE_FINGER,False,False,,,,,False,False,TRACKING,
9749.400,False,False,ONE_FINGER,False,False,,,,,False,False,TRACKING,
9749.501,False,False,ONE_FINGER,False,False,,,,,False,False,TRACKING,
9749.613,True,False,ONE_FINGER,False,False,,,,,False,False,TRACKING,
9749.714,True,False,ONE_FINGER,False,False,,,,,False,False,TRACKING,
9749.897,True,False,ONE_FINGER,False,False,,,,,False,False,TRACKING,
9750.005,True,False,ONE_FINGER,False,False,,,,,False,False,TRACKING,
9750.203,True,False,ONE_FINGER,False,False,,,,,False,False,TRACKING,
9750.418,True,False,ONE_FINGER,False,False,,,,,False,False,TRACKING,
9750.596,True,False,ONE_FINGER,False,False,,,,,False,False,TRACKING,
9750.804,True,False,ONE_FINGER,False,False,,,,,False,False,TRACKING,
9750.998,True,False,ONE_FINGER,False,False,,,,,False,False,TRACKING,
9751.205,True,False,ONE_FINGER,False,False,,,,,False,False,TRACKING,
9751.396,True,False,ONE_FINGER,False,False,,,,,False,False,TRACKING,
9751.605,True,False,ONE_FINGER,False,False,,,,,False,False,TRACKING,
9751.795,True,False,ONE_FINGER,False,False,,,,,False,False,TRACKING,
9752.004,True,False,ONE_FINGER,False,False,,,,,False,False,TRACKING,
9752.195,True,False,ONE_FINGER,False,False,,,,,False,False,TRACKING,
9752.403,True,False,ONE_FINGER,False,False,,,,,False,False,TRACKING,
9752.595,True,False,ONE_FINGER,False,False,,,,,False,False,TRACKING,
9752.806,True,False,ONE_FINGER,False,False,,,,,False,False,TRACKING,
9752.995,True,False,ONE_FINGER,False,False,,,,,False,False,TRACKING,
9753.204,True,False,ONE_FINGER,False,False,,,,,False,False,TRACKING,
9753.394,True,False,ONE_FINGER,False,False,,,,,False,False,TRACKING,
9753.603,True,False,ONE_FINGER,False,False,,,,,False,False,TRACKING,
9753.794,True,False,ONE_FINGER,False,False,,,,,False,False,TRACKING,
9754.003,True,False,ONE_FINGER,False,False,,,,,False,False,TRACKING,
9754.194,True,False,ONE_FINGER,False,False,,,,,False,False,TRACKING,
9754.404,True,False,ONE_FINGER,False,False,,,,,False,False,TRACKING,
9754.594,True,False,ONE_FINGER,False,False,,,,,False,False,TRACKING,
9754.802,True,False,ONE_FINGER,False,False,,,,,False,False,TRACKING,
9754.997,True,False,ONE_FINGER,False,False,,,,,False,False,TRACKING,
9755.203,True,False,ONE_FINGER,False,False,,,,,False,False,TRACKING,
9755.395,True,False,ONE_FINGER,False,False,,,,,False,False,TRACKING,
9755.605,True,False,ONE_FINGER,False,False,,,,,False,False,TRACKING,
9755.794,True,False,ONE_FINGER,False,False,,,,,False,False,TRACKING,
9756.004,True,False,ONE_FINGER,False,False,,,,,False,False,TRACKING,
9756.194,True,False,ONE_FINGER,False,False,,,,,False,False,TRACKING,
9756.403,True,False,ONE_FINGER,True,True,0.60367,0.18314,603,258,True,True,TRACKING,
9756.506,True,False,ONE_FINGER,True,True,0.59535,0.09115,595,128,True,True,TRACKING,
9756.690,True,False,ONE_FINGER,True,True,0.54415,0.26364,544,372,True,True,TRACKING,
9756.803,True,False,ONE_FINGER,True,True,0.58005,0.30174,580,425,True,True,TRACKING,
9756.995,True,False,ONE_FINGER,True,True,0.59589,0.29081,595,410,True,True,TRACKING,
9757.202,True,False,ONE_FINGER,True,True,0.58788,0.31900,587,450,True,True,TRACKING,
9757.396,True,False,ONE_FINGER,True,True,0.53044,0.46843,530,661,True,True,TRACKING,
9757.603,True,False,ONE_FINGER,True,True,0.54629,0.43025,546,607,True,True,TRACKING,
9757.796,True,False,ONE_FINGER,True,True,0.54936,0.41038,549,579,True,True,TRACKING,
9758.002,True,False,ONE_FINGER,True,True,0.55251,0.42790,552,603,True,True,TRACKING,
9758.194,True,False,ONE_FINGER,True,True,0.55818,0.43474,558,613,True,True,TRACKING,
9758.403,True,False,ONE_FINGER,True,True,0.55730,0.43208,557,609,True,True,TRACKING,
9758.595,True,False,ONE_FINGER,True,True,0.54426,0.47774,544,674,True,True,TRACKING,
9758.803,True,False,ONE_FINGER,True,True,0.51416,0.49281,514,695,True,True,TRACKING,
9758.994,True,False,ONE_FINGER,True,True,0.53305,0.42688,533,602,True,True,TRACKING,
9759.202,True,False,ONE_FINGER,True,True,0.53901,0.43210,539,609,True,True,TRACKING,
9759.394,True,False,ONE_FINGER,True,True,0.54043,0.42584,540,600,True,True,TRACKING,
9759.603,True,False,ONE_FINGER,True,True,0.54394,0.42760,543,603,True,True,TRACKING,
9759.795,True,False,ONE_FINGER,True,True,0.55026,0.40246,550,567,True,True,TRACKING,
9760.003,True,False,ONE_FINGER,True,True,0.54432,0.33731,544,476,True,True,TRACKING,
9760.195,True,False,ONE_FINGER,True,True,0.51313,0.33735,513,476,True,True,TRACKING,
9760.403,True,False,ONE_FINGER,True,True,0.51139,0.36594,511,516,True,True,TRACKING,
9760.594,True,False,ONE_FINGER,True,True,0.50528,0.37644,505,531,True,True,TRACKING,
9760.801,True,False,ONE_FINGER,True,True,0.50279,0.37144,502,524,True,True,TRACKING,
9760.994,True,False,ONE_FINGER,True,True,0.50736,0.46621,507,657,True,True,TRACKING,
9761.204,True,False,ONE_FINGER,True,True,0.51153,0.46357,511,654,True,True,TRACKING,
9761.394,True,False,ONE_FINGER,True,True,0.51488,0.46386,514,654,True,True,TRACKING,
9761.603,True,False,ONE_FINGER,True,True,0.51430,0.46849,514,661,True,True,TRACKING,
9761.794,True,False,ONE_FINGER,True,True,0.51447,0.47024,514,663,True,True,TRACKING,
9762.003,True,False,ONE_FINGER,True,True,0.51266,0.48848,512,689,True,True,BLOCK_HOVER,wood_5
9762.195,True,False,ONE_FINGER,True,True,0.51314,0.50452,513,712,False,True,BLOCK_ARMED,wood_5
9762.403,True,False,ONE_FINGER,False,True,,,,,False,False,BLOCK_ARMED,wood_5
9762.596,True,False,ONE_FINGER,True,True,0.51487,0.51073,514,720,False,True,BLOCK_ARMED,wood_5
9762.804,True,False,ONE_FINGER,True,True,0.50535,0.35318,505,498,True,True,SWIPING,wood_5
9762.995,True,False,ONE_FINGER,True,True,0.53905,0.29951,539,422,True,True,SWIPING,wood_5
9763.206,True,False,ONE_FINGER,True,True,0.53470,0.31948,534,450,True,True,BLOCK_HOVER,wood_4
9763.396,True,False,ONE_FINGER,False,True,,,,,False,False,BLOCK_HOVER,wood_4
9763.604,True,False,ONE_FINGER,True,True,0.51754,0.40412,517,570,True,True,BLOCK_ARMED,wood_4
9763.796,True,False,ONE_FINGER,True,True,0.54315,0.32014,543,451,True,True,SWIPING,wood_4
9764.004,True,False,ONE_FINGER,True,True,0.52820,0.34546,528,487,True,True,SWIPING,wood_4
9764.197,True,False,ONE_FINGER,False,True,,,,,False,False,SWIPING,wood_4
9764.404,True,False,ONE_FINGER,True,True,0.52565,0.45430,525,641,True,True,SWIPING,wood_4
9764.596,True,False,ONE_FINGER,True,True,0.55319,0.31718,553,447,True,True,SWIPING,wood_4
9764.804,True,False,ONE_FINGER,True,True,0.55771,0.33528,557,473,True,True,SWIPING,wood_4
9764.996,True,False,ONE_FINGER,True,True,0.54245,0.32311,542,455,True,True,SWIPING,wood_4
9765.204,True,False,ONE_FINGER,True,False,0.53320,0.35650,533,503,True,True,SWIPING,wood_4
9765.395,True,False,ONE_FINGER,True,False,0.51240,0.41053,512,579,True,True,SWIPING,wood_4
9765.605,True,False,ONE_FINGER,True,True,0.48684,0.45366,486,640,True,True,SWIPING,wood_4
9765.795,True,False,ONE_FINGER,True,True,0.47352,0.49783,473,702,False,True,SWIPING,wood_4
9766.004,True,False,ONE_FINGER,True,True,0.48480,0.48496,484,684,True,True,SWIPING,wood_4
9766.195,True,False,ONE_FINGER,True,True,0.49376,0.47916,493,676,True,True,SWIPING,wood_4
9766.405,True,False,ONE_FINGER,True,True,0.52068,0.50407,520,711,False,True,FAILED,wood_4
9766.595,True,False,ONE_FINGER,True,True,0.51506,0.45663,515,644,True,True,FAILED,wood_4
9766.804,True,False,ONE_FINGER,True,True,0.50510,0.28633,505,404,True,True,BLOCK_HOVER,wood_4
9766.995,True,False,ONE_FINGER,True,True,0.51494,0.20312,514,286,True,True,BLOCK_HOVER,wood_4
9767.205,True,False,ONE_FINGER,True,True,0.51283,0.21292,512,300,True,True,BLOCK_ARMED,wood_4
9767.395,True,False,ONE_FINGER,True,True,0.51113,0.23347,511,329,True,True,BLOCK_ARMED,wood_4
9767.603,True,False,ONE_FINGER,True,True,0.50574,0.26635,505,375,True,True,BLOCK_ARMED,wood_4
9767.795,True,False,ONE_FINGER,True,True,0.49816,0.30588,498,431,True,True,BLOCK_HOVER,wood_4
9768.004,True,False,ONE_FINGER,True,True,0.48979,0.39045,489,551,True,True,BLOCK_HOVER,wood_4
9768.195,True,False,ONE_FINGER,True,True,0.50618,0.36742,506,518,True,True,BLOCK_ARMED,wood_4
9768.404,True,False,ONE_FINGER,True,True,0.50590,0.41087,505,579,True,True,BLOCK_ARMED,wood_4
9768.596,True,False,ONE_FINGER,True,True,0.51716,0.41953,517,592,True,True,BLOCK_HOVER,wood_4
9768.804,True,False,ONE_FINGER,True,True,0.51822,0.42825,518,604,True,True,BLOCK_HOVER,wood_4
9768.996,True,False,ONE_FINGER,True,True,0.51801,0.43307,518,611,True,True,BLOCK_ARMED,wood_4
9769.204,True,False,ONE_FINGER,True,True,0.52162,0.42311,521,597,True,True,BLOCK_ARMED,wood_4
9769.396,True,False,ONE_FINGER,True,True,0.52558,0.41505,525,585,True,True,BLOCK_ARMED,wood_4
9769.604,True,False,ONE_FINGER,True,True,0.52851,0.41309,528,582,True,True,BLOCK_ARMED,wood_4
9769.796,True,False,ONE_FINGER,True,True,0.52501,0.27981,525,394,True,True,SWIPING,wood_4
9770.004,True,False,ONE_FINGER,True,True,0.52505,0.16482,525,232,True,True,BLOCK_REMOVED,wood_4
9770.195,True,False,ONE_FINGER,True,True,0.52447,0.21602,524,304,True,True,BLOCK_HOVER,wood_3
9770.404,True,False,ONE_FINGER,True,True,0.51127,0.29130,511,411,True,True,BLOCK_ARMED,wood_3
9770.596,True,False,ONE_FINGER,True,True,0.50611,0.34469,506,486,True,True,BLOCK_HOVER,wood_3
9770.803,True,False,ONE_FINGER,True,True,0.51311,0.34815,513,491,True,True,BLOCK_HOVER,wood_3
9770.996,True,False,ONE_FINGER,True,True,0.51546,0.34765,515,490,True,True,BLOCK_ARMED,wood_3
9771.203,True,False,ONE_FINGER,True,True,0.51655,0.33398,516,471,True,True,BLOCK_ARMED,wood_3
9771.396,True,False,ONE_FINGER,True,True,0.50349,0.26545,503,374,True,True,SWIPING,wood_3
9771.604,True,False,ONE_FINGER,True,True,0.50801,0.33080,508,466,True,True,SWIPING,wood_3
9771.796,True,False,ONE_FINGER,True,True,0.50240,0.28885,502,407,True,True,SWIPING,wood_3
9772.004,True,False,ONE_FINGER,True,True,0.51109,0.31144,511,439,True,True,SWIPING,wood_3
9772.197,True,False,ONE_FINGER,True,True,0.52516,0.34282,525,483,True,True,SWIPING,wood_3
9772.403,True,False,ONE_FINGER,True,True,0.53038,0.36852,530,520,True,True,SWIPING,wood_3
9772.596,True,False,ONE_FINGER,True,True,0.53351,0.33819,533,477,True,True,SWIPING,wood_3
9772.804,True,False,ONE_FINGER,True,True,0.52339,0.33511,523,472,True,True,SWIPING,wood_3
9772.995,True,False,ONE_FINGER,True,True,0.51336,0.19106,513,269,True,True,SWIPING,wood_3
9773.205,True,False,ONE_FINGER,True,True,0.51401,0.21181,514,298,True,True,SWIPING,wood_3
9773.396,True,False,ONE_FINGER,True,True,0.50548,0.23474,505,331,True,True,SWIPING,wood_3
9773.604,True,False,ONE_FINGER,True,True,0.50671,0.23857,506,336,True,True,SWIPING,wood_3
9773.796,True,False,ONE_FINGER,True,True,0.50865,0.22540,508,318,True,True,SWIPING,wood_3
9774.004,True,False,ONE_FINGER,True,True,0.51527,0.18443,515,260,True,True,FAILED,wood_3
9774.195,True,False,ONE_FINGER,True,True,0.51519,0.18769,515,264,True,True,FAILED,wood_3
9774.403,True,False,ONE_FINGER,True,True,0.51504,0.19743,515,278,True,True,BLOCK_HOVER,wood_3
9774.597,True,False,ONE_FINGER,True,True,0.50652,0.23507,506,331,True,True,BLOCK_ARMED,wood_3
9774.804,True,False,ONE_FINGER,True,True,0.48605,0.29400,486,414,True,True,TRACKING,
9774.995,True,False,ONE_FINGER,True,True,0.47785,0.33258,477,469,True,True,BLOCK_HOVER,wood_3
9775.204,True,False,ONE_FINGER,True,True,0.48024,0.35730,480,504,True,True,BLOCK_ARMED,wood_3
9775.396,True,False,ONE_FINGER,True,True,0.48256,0.39137,482,552,True,True,TRACKING,
9775.604,True,False,ONE_FINGER,True,True,0.48391,0.41382,483,584,True,True,BLOCK_HOVER,wood_3
9775.796,True,False,ONE_FINGER,True,True,0.48516,0.44827,485,632,True,True,BLOCK_ARMED,wood_3
9776.004,True,False,ONE_FINGER,True,True,0.48164,0.43744,481,617,True,True,BLOCK_ARMED,wood_3
9776.195,True,False,ONE_FINGER,True,True,0.48185,0.43908,481,619,True,True,BLOCK_ARMED,wood_3
9776.404,True,False,ONE_FINGER,True,True,0.48442,0.44370,484,626,True,True,BLOCK_ARMED,wood_3
9776.595,True,False,ONE_FINGER,True,True,0.50001,0.38009,500,536,True,True,BLOCK_ARMED,wood_3
9776.805,True,False,ONE_FINGER,True,True,0.49714,0.21013,497,296,True,True,SWIPING,wood_3
9776.996,True,False,ONE_FINGER,True,True,0.50998,0.20993,509,296,True,True,SWIPING,wood_3
9777.205,True,False,ONE_FINGER,True,True,0.50677,0.22901,506,323,True,True,SWIPING,wood_3
9777.396,True,False,ONE_FINGER,True,True,0.50131,0.22345,501,315,True,True,BLOCK_HOVER,wood_2
9777.604,True,False,ONE_FINGER,True,True,0.50304,0.21198,503,299,True,True,BLOCK_HOVER,wood_2
9777.795,True,False,ONE_FINGER,True,True,0.50145,0.20588,501,290,True,True,BLOCK_ARMED,wood_2
9778.004,True,False,ONE_FINGER,True,True,0.49547,0.22219,495,313,True,True,BLOCK_ARMED,wood_2
9778.196,True,False,ONE_FINGER,True,True,0.48073,0.24312,480,343,True,True,BLOCK_ARMED,wood_2
9778.404,True,False,ONE_FINGER,True,True,0.47062,0.28705,470,405,True,True,BLOCK_HOVER,wood_2
9778.595,True,False,ONE_FINGER,True,True,0.46899,0.32251,468,455,True,True,BLOCK_HOVER,wood_2
9778.804,True,False,ONE_FINGER,True,True,0.46633,0.36649,466,517,True,True,BLOCK_ARMED,wood_2
9778.995,True,False,ONE_FINGER,True,True,0.46696,0.40521,466,571,True,True,BLOCK_HOVER,wood_2
9779.203,True,False,ONE_FINGER,True,True,0.46768,0.41275,467,582,True,True,BLOCK_HOVER,wood_2
9779.395,True,False,ONE_FINGER,True,True,0.48668,0.43766,486,617,True,True,BLOCK_ARMED,wood_2
9779.603,True,False,ONE_FINGER,True,True,0.49120,0.46194,491,651,True,True,TRACKING,
9779.795,True,False,ONE_FINGER,True,True,0.50480,0.39459,504,556,True,True,BLOCK_HOVER,wood_2
9780.003,True,False,ONE_FINGER,True,True,0.51860,0.39855,518,562,True,True,BLOCK_ARMED,wood_2
9780.195,True,False,ONE_FINGER,True,True,0.52975,0.45054,529,635,True,True,BLOCK_ARMED,wood_2
9780.403,True,False,ONE_FINGER,True,True,0.52654,0.46691,526,658,True,True,BLOCK_HOVER,wood_2
9780.596,True,False,ONE_FINGER,True,True,0.51928,0.25272,519,356,True,True,BLOCK_HOVER,wood_2
9780.804,True,False,ONE_FINGER,True,True,0.50029,0.04270,500,60,True,True,SWIPING,wood_2
9780.995,True,False,ONE_FINGER,True,True,0.48657,0.00000,486,0,True,True,SWIPING,wood_2
9781.203,True,False,ONE_FINGER,True,True,0.49026,0.00000,490,0,True,True,SWIPING,wood_2
9781.397,True,False,ONE_FINGER,True,True,0.48369,0.00043,483,0,True,True,BLOCK_HOVER,wood_1
9781.603,True,False,ONE_FINGER,True,True,0.46704,0.11644,467,164,True,True,BLOCK_HOVER,wood_1
9781.796,True,False,ONE_FINGER,True,True,0.47586,0.13899,475,196,True,True,BLOCK_ARMED,wood_1
9782.003,True,False,ONE_FINGER,True,True,0.47901,0.19314,479,272,True,True,BLOCK_HOVER,wood_1
9782.196,True,False,ONE_FINGER,True,True,0.48396,0.27358,483,386,True,True,BLOCK_HOVER,wood_1
9782.404,True,False,ONE_FINGER,True,True,0.47941,0.43565,479,614,True,True,BLOCK_ARMED,wood_1
9782.595,True,False,ONE_FINGER,True,True,0.48654,0.44498,486,627,True,True,BLOCK_HOVER,wood_1
9782.803,True,False,ONE_FINGER,True,True,0.49609,0.45784,496,646,True,True,BLOCK_HOVER,wood_1
9782.995,True,False,ONE_FINGER,True,True,0.50040,0.46506,500,656,True,True,BLOCK_ARMED,wood_1
9783.203,True,False,ONE_FINGER,True,True,0.49246,0.30662,492,432,True,True,SWIPING,wood_1
9783.395,True,False,ONE_FINGER,True,True,0.47252,0.09981,472,140,True,True,SWIPING,wood_1
9783.604,True,False,ONE_FINGER,True,True,0.48141,0.06139,481,86,True,True,BLOCK_REMOVED,wood_1
9783.795,True,False,ONE_FINGER,True,True,0.49206,0.06780,492,95,True,True,BLOCK_REMOVED,wood_1
9784.002,True,False,ONE_FINGER,True,True,0.48605,0.09011,486,127,True,True,BLOCK_REMOVED,wood_1
9784.196,True,False,ONE_FINGER,True,True,0.47772,0.13481,477,190,True,True,BLOCK_REMOVED,wood_1
9784.404,True,False,ONE_FINGER,True,True,0.48001,0.26390,480,372,True,True,BLOCK_REMOVED,wood_1
9784.594,True,False,ONE_FINGER,True,True,0.47394,0.36125,473,509,True,True,BLOCK_REMOVED,wood_1
9784.803,True,False,ONE_FINGER,True,True,0.49792,0.37204,497,525,True,True,BLOCK_REMOVED,wood_1
9784.994,True,False,ONE_FINGER,True,True,0.50677,0.38962,506,549,True,True,BLOCK_REMOVED,wood_1
9785.203,True,False,ONE_FINGER,True,True,0.52710,0.42419,527,598,True,True,BLOCK_REMOVED,wood_1
9785.394,True,False,ONE_FINGER,True,True,0.53030,0.43499,530,613,True,True,BLOCK_REMOVED,wood_1
9785.604,True,False,ONE_FINGER,True,True,0.53109,0.43987,531,620,True,True,BLOCK_HOVER,wood_5
9785.797,True,False,ONE_FINGER,True,True,0.53045,0.45566,530,643,True,True,BLOCK_ARMED,wood_5
9786.005,True,False,ONE_FINGER,True,True,0.53413,0.45428,534,641,True,True,BLOCK_ARMED,wood_5
9786.197,True,False,ONE_FINGER,True,True,0.53011,0.44342,530,625,True,True,BLOCK_ARMED,wood_5
9786.404,True,False,ONE_FINGER,True,True,0.52059,0.46178,520,651,True,True,BLOCK_ARMED,wood_5
9786.596,True,False,ONE_FINGER,True,True,0.52070,0.15828,520,223,True,True,SWIPING,wood_5
9786.807,True,False,ONE_FINGER,True,True,0.53123,0.14935,531,210,True,True,BLOCK_HOVER,wood_4
9786.996,True,False,ONE_FINGER,True,True,0.51205,0.19662,512,277,True,True,BLOCK_HOVER,wood_4
9787.205,True,False,ONE_FINGER,False,True,,,,,False,False,BLOCK_ARMED,wood_4
9787.396,True,False,ONE_FINGER,True,True,0.50977,0.33752,509,476,True,True,TRACKING,
9787.603,True,False,ONE_FINGER,True,True,0.50058,0.14292,500,201,True,True,BLOCK_HOVER,wood_4
9787.796,True,False,ONE_FINGER,True,True,0.51678,0.18579,516,262,True,True,BLOCK_ARMED,wood_4
9788.004,True,False,ONE_FINGER,True,True,0.51112,0.20057,511,283,True,True,BLOCK_ARMED,wood_4
9788.196,True,False,ONE_FINGER,True,True,0.52237,0.33464,522,472,True,True,BLOCK_HOVER,wood_4
9788.404,True,False,ONE_FINGER,True,True,0.51173,0.39568,511,558,True,True,BLOCK_HOVER,wood_4
9788.595,True,False,ONE_FINGER,True,True,0.51221,0.46361,512,654,True,True,BLOCK_ARMED,wood_4
9788.803,True,False,ONE_FINGER,True,True,0.51543,0.42880,515,605,True,True,TRACKING,
9788.997,True,False,ONE_FINGER,True,True,0.52022,0.41426,520,584,True,True,BLOCK_HOVER,wood_4
9789.203,True,False,ONE_FINGER,True,True,0.54523,0.34452,545,486,True,True,BLOCK_ARMED,wood_4
9789.395,True,False,ONE_FINGER,True,True,0.52800,0.16533,528,233,True,True,SWIPING,wood_4
9789.606,True,False,ONE_FINGER,True,True,0.51092,0.15946,510,225,True,True,BLOCK_HOVER,wood_3
9789.797,True,False,ONE_FINGER,True,True,0.51380,0.18637,513,263,True,True,BLOCK_HOVER,wood_3
9790.003,True,False,ONE_FINGER,True,True,0.51695,0.26173,516,369,True,True,TRACKING,
9790.199,True,False,ONE_FINGER,True,True,0.51487,0.39143,514,552,True,True,BLOCK_HOVER,wood_3
9790.405,True,False,ONE_FINGER,True,True,0.52405,0.39663,524,559,True,True,BLOCK_ARMED,wood_3
9790.598,True,False,ONE_FINGER,True,True,0.52629,0.38547,526,544,True,True,BLOCK_ARMED,wood_3
9790.804,True,False,ONE_FINGER,True,True,0.52053,0.29802,520,420,True,True,SWIPING,wood_3
9790.995,True,False,ONE_FINGER,True,True,0.51236,0.16821,512,237,True,True,SWIPING,wood_3
9791.203,True,False,ONE_FINGER,True,True,0.51128,0.22220,511,313,True,True,SWIPING,wood_3
9791.396,True,False,ONE_FINGER,True,True,0.51093,0.21149,510,298,True,True,SWIPING,wood_3
9791.604,True,False,ONE_FINGER,True,True,0.50754,0.22714,507,320,True,True,SWIPING,wood_3
9791.797,True,False,ONE_FINGER,True,True,0.51136,0.21788,511,307,True,True,SWIPING,wood_3
9792.005,True,False,ONE_FINGER,True,True,0.50770,0.16071,507,226,True,True,BLOCK_HOVER,wood_2
9792.195,True,False,ONE_FINGER,True,True,0.50142,0.13603,501,191,True,True,BLOCK_HOVER,wood_2
9792.405,True,False,ONE_FINGER,True,True,0.50021,0.14232,500,200,True,True,BLOCK_ARMED,wood_2
9792.597,True,False,ONE_FINGER,True,True,0.49546,0.19605,495,276,True,True,TRACKING,
9792.805,True,False,ONE_FINGER,True,True,0.48640,0.27987,486,394,True,True,BLOCK_HOVER,wood_2
9792.996,True,False,ONE_FINGER,True,True,0.49370,0.36828,493,519,True,True,BLOCK_ARMED,wood_2
9793.203,True,False,ONE_FINGER,True,True,0.49269,0.41708,492,588,True,True,BLOCK_HOVER,wood_2
9793.396,True,False,ONE_FINGER,True,True,0.49157,0.41650,491,587,True,True,BLOCK_HOVER,wood_2
9793.605,True,False,ONE_FINGER,True,True,0.49109,0.39075,491,551,True,True,BLOCK_ARMED,wood_2
9793.797,True,False,ONE_FINGER,True,True,0.49876,0.39225,498,553,True,True,SWIPING,wood_2
9794.004,True,False,ONE_FINGER,True,True,0.50910,0.36343,509,512,True,True,SWIPING,wood_2
9794.197,True,False,ONE_FINGER,True,True,0.50085,0.15029,500,212,True,True,SWIPING,wood_2
9794.404,True,False,ONE_FINGER,True,True,0.52067,0.14900,520,210,True,True,BLOCK_REMOVED,wood_2
9794.504,True,False,ONE_FINGER,True,True,0.51919,0.14139,519,199,True,True,BLOCK_HOVER,wood_1
9794.692,True,False,ONE_FINGER,True,True,0.51331,0.14451,513,203,True,True,BLOCK_HOVER,wood_1
9794.804,True,False,ONE_FINGER,True,True,0.51220,0.14228,512,200,True,True,BLOCK_ARMED,wood_1
9794.995,True,False,ONE_FINGER,True,True,0.50546,0.15553,505,219,True,True,BLOCK_ARMED,wood_1
9795.204,True,False,ONE_FINGER,True,True,0.47903,0.26163,479,369,True,True,BLOCK_HOVER,wood_1
9795.397,True,False,ONE_FINGER,True,True,0.46635,0.38511,466,543,True,True,BLOCK_HOVER,wood_1
9795.603,True,False,ONE_FINGER,True,True,0.48156,0.40309,481,568,True,True,BLOCK_ARMED,wood_1
9795.796,True,False,ONE_FINGER,True,True,0.48532,0.40614,485,573,True,True,BLOCK_HOVER,wood_1
9796.003,True,False,ONE_FINGER,True,True,0.48327,0.42895,483,605,True,True,BLOCK_HOVER,wood_1
9796.196,True,False,ONE_FINGER,True,True,0.50393,0.41079,503,579,True,True,BLOCK_ARMED,wood_1
9796.404,True,False,ONE_FINGER,True,True,0.48895,0.15292,488,215,True,True,SWIPING,wood_1
9796.595,True,False,ONE_FINGER,True,True,0.48649,0.13698,486,193,True,True,SWIPING,wood_1
9796.803,True,False,ONE_FINGER,True,True,0.50460,0.23998,504,338,True,True,SWIPING,wood_1
9796.995,True,False,ONE_FINGER,True,True,0.49994,0.21918,499,309,True,True,SWIPING,wood_1
9797.205,True,False,ONE_FINGER,True,True,0.49466,0.21307,494,300,True,True,SWIPING,wood_1
9797.396,True,False,ONE_FINGER,True,True,0.48833,0.17662,488,249,True,True,SWIPING,wood_1
9797.603,True,False,ONE_FINGER,True,True,0.47641,0.11565,476,163,True,True,BLOCK_REMOVED,wood_1
9797.704,True,False,ONE_FINGER,True,True,0.47732,0.08636,477,121,True,True,BLOCK_REMOVED,wood_1
9797.891,True,False,ONE_FINGER,True,True,0.49057,0.06877,490,97,True,True,BLOCK_REMOVED,wood_1
9798.004,True,False,ONE_FINGER,True,True,0.49456,0.06475,494,91,True,True,BLOCK_REMOVED,wood_1
9798.195,True,False,ONE_FINGER,True,True,0.50175,0.05646,501,79,True,True,BLOCK_REMOVED,wood_1
9798.405,True,False,ONE_FINGER,True,True,0.48918,0.11384,489,160,True,True,BLOCK_REMOVED,wood_1
9798.596,True,False,ONE_FINGER,False,False,,,,,False,False,BLOCK_REMOVED,wood_1
9798.805,True,False,ONE_FINGER,False,False,,,,,False,False,BLOCK_REMOVED,wood_1
9798.995,True,False,ONE_FINGER,False,False,,,,,False,False,BLOCK_REMOVED,wood_1
9799.203,True,False,ONE_FINGER,True,True,0.47628,0.36855,476,520,True,True,BLOCK_REMOVED,wood_1
9799.396,True,False,ONE_FINGER,True,True,0.47479,0.31280,474,441,True,True,BLOCK_REMOVED,wood_1
9799.603,True,False,ONE_FINGER,True,True,0.50505,0.34458,505,486,True,True,BLOCK_REMOVED,wood_1
9799.796,True,False,ONE_FINGER,True,True,0.51044,0.35718,510,504,True,True,BLOCK_REMOVED,wood_1
9800.003,True,False,ONE_FINGER,True,True,0.52421,0.36894,524,520,True,True,BLOCK_REMOVED,wood_1
9800.194,True,False,ONE_FINGER,False,True,,,,,False,False,BLOCK_REMOVED,wood_1
9800.404,True,False,ONE_FINGER,False,False,,,,,False,False,BLOCK_REMOVED,wood_1
9800.595,True,False,ONE_FINGER,False,False,,,,,False,False,BLOCK_REMOVED,wood_1
9800.804,True,False,ONE_FINGER,False,False,,,,,False,False,BLOCK_REMOVED,wood_1
9800.995,True,False,ONE_FINGER,False,False,,,,,False,False,BLOCK_REMOVED,wood_1
9801.204,True,False,ONE_FINGER,False,False,,,,,False,False,BLOCK_REMOVED,wood_1
9801.395,True,False,ONE_FINGER,False,False,,,,,False,False,BLOCK_REMOVED,wood_1
9801.604,False,False,ONE_FINGER,False,False,,,,,False,False,BLOCK_REMOVED,wood_1
9801.801,True,False,ONE_FINGER,False,False,,,,,False,False,BLOCK_REMOVED,wood_1
9802.004,False,False,ONE_FINGER,False,False,,,,,False,False,BLOCK_REMOVED,wood_1
9802.204,True,False,ONE_FINGER,False,False,,,,,False,False,BLOCK_REMOVED,wood_1
9802.403,True,False,ONE_FINGER,False,False,,,,,False,False,BLOCK_REMOVED,wood_1
9802.594,True,False,ONE_FINGER,False,False,,,,,False,False,BLOCK_REMOVED,wood_1
9802.803,True,False,ONE_FINGER,False,False,,,,,False,False,BLOCK_REMOVED,wood_1
9802.994,True,False,ONE_FINGER,False,False,,,,,False,False,BLOCK_REMOVED,wood_1
9803.204,True,False,ONE_FINGER,False,False,,,,,False,False,BLOCK_REMOVED,wood_1
9803.395,True,False,ONE_FINGER,False,False,,,,,False,False,BLOCK_REMOVED,wood_1
9803.602,True,False,ONE_FINGER,False,False,,,,,False,False,BLOCK_REMOVED,wood_1
9803.795,True,False,ONE_FINGER,False,False,,,,,False,False,BLOCK_REMOVED,wood_1
9804.005,True,False,ONE_FINGER,False,False,,,,,False,False,BLOCK_REMOVED,wood_1
9804.195,True,False,ONE_FINGER,False,False,,,,,False,False,BLOCK_REMOVED,wood_1
9804.404,True,False,ONE_FINGER,False,False,,,,,False,False,BLOCK_REMOVED,wood_1
9804.595,True,False,ONE_FINGER,False,False,,,,,False,False,BLOCK_REMOVED,wood_1
9804.803,True,False,ONE_FINGER,False,False,,,,,False,False,BLOCK_REMOVED,wood_1
9804.994,True,False,ONE_FINGER,False,False,,,,,False,False,BLOCK_REMOVED,wood_1
9805.203,True,False,ONE_FINGER,False,False,,,,,False,False,BLOCK_REMOVED,wood_1
9805.396,True,False,ONE_FINGER,False,False,,,,,False,False,BLOCK_REMOVED,wood_1
9805.604,True,False,ONE_FINGER,False,False,,,,,False,False,BLOCK_REMOVED,wood_1
9805.795,True,False,ONE_FINGER,False,False,,,,,False,False,BLOCK_REMOVED,wood_1
9806.004,True,False,ONE_FINGER,False,False,,,,,False,False,BLOCK_REMOVED,wood_1
9806.196,True,False,ONE_FINGER,False,False,,,,,False,False,BLOCK_REMOVED,wood_1
9806.403,True,False,ONE_FINGER,True,True,0.61127,0.27550,611,388,True,True,BLOCK_REMOVED,wood_1
9806.505,True,False,ONE_FINGER,True,True,0.60269,0.30854,602,435,True,True,BLOCK_REMOVED,wood_1
9806.691,True,False,ONE_FINGER,True,True,0.61618,0.37525,616,529,True,True,BLOCK_REMOVED,wood_1
9806.901,True,False,ONE_FINGER,True,True,0.63525,0.43349,635,611,True,True,BLOCK_HOVER,wood_5
9807.093,True,False,ONE_FINGER,True,True,0.64416,0.43003,644,606,True,True,BLOCK_ARMED,wood_5
9807.205,True,False,ONE_FINGER,True,True,0.63340,0.43263,633,610,True,True,BLOCK_ARMED,wood_5
9807.398,True,False,ONE_FINGER,True,True,0.58958,0.41855,589,590,True,True,BLOCK_ARMED,wood_5
9807.605,True,False,ONE_FINGER,True,True,0.52551,0.32086,525,452,True,True,SWIPING,wood_5
9807.796,True,False,ONE_FINGER,True,True,0.53832,0.27250,538,384,True,True,SWIPING,wood_5
9808.006,True,False,ONE_FINGER,True,True,0.55060,0.28046,550,395,True,True,BLOCK_HOVER,wood_4
9808.198,True,False,ONE_FINGER,True,True,0.55299,0.27202,552,383,True,True,BLOCK_HOVER,wood_4
9808.405,True,False,ONE_FINGER,True,True,0.53535,0.05185,535,73,True,True,SWIPING,wood_4
9808.597,True,False,ONE_FINGER,True,True,0.53608,0.00672,536,9,True,True,SWIPING,wood_4
9808.805,True,False,ONE_FINGER,True,True,0.54199,0.24056,541,339,True,True,SWIPING,wood_4
9808.998,True,False,ONE_FINGER,True,True,0.55102,0.32871,551,463,True,True,SWIPING,wood_4
9809.205,True,False,ONE_FINGER,True,True,0.55350,0.24669,553,348,True,True,SWIPING,wood_4
9809.395,True,False,ONE_FINGER,True,True,0.55392,0.23912,553,337,True,True,SWIPING,wood_4
9809.605,True,False,ONE_FINGER,True,True,0.54634,0.10166,546,143,True,True,SWIPING,wood_4
9809.796,True,False,ONE_FINGER,True,True,0.55612,0.09514,556,134,True,True,SWIPING,wood_4
9810.004,True,False,ONE_FINGER,True,True,0.56103,0.13528,561,190,True,True,SWIPING,wood_4
9810.197,True,False,ONE_FINGER,True,True,0.53073,0.25665,530,362,True,True,SWIPING,wood_4
9810.405,True,False,ONE_FINGER,True,True,0.53193,0.34856,531,491,True,True,SWIPING,wood_4
9810.596,True,False,ONE_FINGER,True,True,0.51678,0.34781,516,490,True,True,SWIPING,wood_4
9810.806,True,False,ONE_FINGER,True,True,0.52037,0.39379,520,555,True,True,SWIPING,wood_4
9810.997,True,False,ONE_FINGER,True,True,0.54993,0.42798,549,603,True,True,FAILED,wood_4
9811.206,True,False,ONE_FINGER,True,True,0.55250,0.45655,552,644,True,True,FAILED,wood_4
9811.398,True,False,ONE_FINGER,True,True,0.55102,0.48425,551,683,True,True,BLOCK_HOVER,wood_4
9811.605,True,False,ONE_FINGER,True,True,0.54112,0.47008,541,663,True,True,BLOCK_HOVER,wood_5
9811.797,True,False,ONE_FINGER,True,True,0.53369,0.47410,533,669,True,True,BLOCK_ARMED,wood_5
9812.005,True,False,ONE_FINGER,True,True,0.53530,0.48442,535,683,True,True,BLOCK_ARMED,wood_5
9812.197,True,False,ONE_FINGER,True,True,0.51766,0.40364,517,569,True,True,SWIPING,wood_5
9812.404,True,False,ONE_FINGER,True,True,0.51383,0.30712,513,433,True,True,SWIPING,wood_5
9812.600,True,False,ONE_FINGER,True,True,0.51739,0.26373,517,372,True,True,BLOCK_HOVER,wood_4
9812.805,True,False,ONE_FINGER,True,True,0.51510,0.27712,515,391,True,True,BLOCK_HOVER,wood_4
9812.996,True,False,ONE_FINGER,True,True,0.51756,0.27909,517,393,True,True,BLOCK_ARMED,wood_4
9813.206,True,False,ONE_FINGER,True,True,0.52099,0.20072,520,283,True,True,SWIPING,wood_4
9813.397,True,False,ONE_FINGER,True,True,0.51278,0.19546,512,275,True,True,SWIPING,wood_4
9813.604,True,False,ONE_FINGER,True,True,0.51240,0.28208,512,398,True,True,SWIPING,wood_4
9813.797,True,False,ONE_FINGER,True,True,0.51998,0.39258,519,554,True,True,SWIPING,wood_4
9814.004,True,False,ONE_FINGER,True,True,0.52675,0.47437,526,669,True,True,SWIPING,wood_4
9814.197,True,False,ONE_FINGER,True,True,0.52859,0.55683,528,785,False,True,SWIPING,wood_4
9814.405,True,False,ONE_FINGER,True,True,0.51470,0.54648,514,771,False,True,SWIPING,wood_4
9814.596,True,False,ONE_FINGER,True,True,0.52342,0.63558,523,875,False,True,SWIPING,wood_4
9814.805,True,False,ONE_FINGER,False,True,,,,,False,False,SWIPING,wood_4
9814.996,True,False,ONE_FINGER,True,True,0.52141,0.62491,521,875,False,True,SWIPING,wood_4
9815.206,True,False,ONE_FINGER,True,True,0.49771,0.37216,497,525,True,True,SWIPING,wood_4
9815.398,True,False,ONE_FINGER,True,True,0.49313,0.17346,493,244,True,True,SWIPING,wood_4
9815.605,True,False,ONE_FINGER,True,True,0.52188,0.14790,521,208,True,True,SWIPING,wood_4
9815.796,True,False,ONE_FINGER,True,True,0.51078,0.21529,510,303,True,True,FAILED,wood_4
9816.005,True,False,ONE_FINGER,True,True,0.50122,0.39029,501,550,True,True,FAILED,wood_4
9816.197,True,False,ONE_FINGER,True,True,0.51059,0.54366,510,767,False,True,BLOCK_HOVER,wood_4
9816.404,True,False,ONE_FINGER,True,True,0.51436,0.62944,514,875,False,True,BLOCK_HOVER,wood_4
9816.597,True,False,ONE_FINGER,True,True,0.51857,0.67394,518,875,False,True,BLOCK_ARMED,wood_4
9816.805,True,False,ONE_FINGER,True,True,0.52181,0.69967,521,875,False,True,BLOCK_ARMED,wood_4
9816.995,True,False,ONE_FINGER,True,True,0.51011,0.64086,510,875,False,True,TRACKING,
9817.205,True,False,ONE_FINGER,True,True,0.50160,0.47557,501,671,True,True,BLOCK_HOVER,wood_4
9817.397,True,False,ONE_FINGER,True,True,0.50390,0.26583,503,375,True,True,BLOCK_ARMED,wood_4
9817.605,True,False,ONE_FINGER,True,True,0.52559,0.14533,525,205,True,True,SWIPING,wood_4
9817.796,True,False,ONE_FINGER,True,True,0.53747,0.17293,537,244,True,True,BLOCK_REMOVED,wood_4
9818.003,True,False,ONE_FINGER,True,True,0.52678,0.24227,526,341,True,True,BLOCK_HOVER,wood_3
9818.196,True,False,ONE_FINGER,True,True,0.52192,0.37037,521,522,True,True,BLOCK_ARMED,wood_3
9818.405,True,False,ONE_FINGER,True,True,0.51946,0.49710,519,701,False,True,BLOCK_HOVER,wood_3
9818.596,True,False,ONE_FINGER,True,True,0.51739,0.53882,517,760,False,True,BLOCK_HOVER,wood_3
9818.805,True,False,ONE_FINGER,True,True,0.51944,0.50250,519,709,False,True,BLOCK_ARMED,wood_3
9818.994,True,False,ONE_FINGER,True,True,0.52154,0.46367,521,654,True,True,SWIPING,wood_3
9819.205,True,False,ONE_FINGER,True,True,0.51234,0.31843,512,449,True,True,SWIPING,wood_3
9819.400,True,False,ONE_FINGER,True,True,0.50574,0.06552,505,92,True,True,BLOCK_HOVER,wood_2
9819.605,True,False,ONE_FINGER,True,True,0.49416,0.04680,494,66,True,True,BLOCK_HOVER,wood_2
9819.796,True,False,ONE_FINGER,True,True,0.48708,0.16436,487,231,True,True,TRACKING,
9820.004,True,False,ONE_FINGER,True,True,0.49871,0.29433,498,415,True,True,BLOCK_HOVER,wood_2
9820.196,True,False,ONE_FINGER,True,True,0.50745,0.33768,507,476,True,True,BLOCK_ARMED,wood_2
9820.405,True,False,ONE_FINGER,True,True,0.51600,0.35216,516,496,True,True,TRACKING,
9820.596,True,False,ONE_FINGER,True,True,0.50847,0.34727,508,490,True,True,BLOCK_HOVER,wood_2
9820.805,True,False,ONE_FINGER,True,True,0.49918,0.17442,499,246,True,True,BLOCK_ARMED,wood_2
9820.996,True,False,ONE_FINGER,True,True,0.50895,0.11583,508,163,True,True,SWIPING,wood_2
9821.204,True,False,ONE_FINGER,True,True,0.52375,0.16267,523,229,True,True,SWIPING,wood_2
9821.396,True,False,ONE_FINGER,True,True,0.51921,0.18172,519,256,True,True,SWIPING,wood_2
9821.605,True,False,ONE_FINGER,True,True,0.51675,0.20663,516,291,True,True,SWIPING,wood_2
9821.796,True,False,ONE_FINGER,True,True,0.51012,0.24482,510,345,True,True,SWIPING,wood_2
9822.004,True,False,ONE_FINGER,True,True,0.48821,0.35906,488,506,True,True,SWIPING,wood_2
9822.195,True,False,ONE_FINGER,True,True,0.48741,0.43850,487,618,True,True,SWIPING,wood_2
9822.405,True,False,ONE_FINGER,True,True,0.49696,0.50943,496,718,False,True,SWIPING,wood_2
9822.597,True,False,ONE_FINGER,True,True,0.50223,0.55176,502,778,False,True,SWIPING,wood_2
9822.804,True,False,ONE_FINGER,False,True,,,,,False,False,SWIPING,wood_2
9822.995,True,False,ONE_FINGER,False,True,,,,,False,False,SWIPING,wood_2
9823.207,True,False,ONE_FINGER,False,True,,,,,False,False,FAILED,wood_2
9823.396,True,False,ONE_FINGER,True,True,0.51430,0.58377,514,823,False,True,FAILED,wood_2
9823.605,True,False,ONE_FINGER,True,True,0.52217,0.41826,522,590,True,True,BLOCK_HOVER,wood_2
9823.796,True,False,ONE_FINGER,True,True,0.51101,0.16478,511,232,True,True,BLOCK_ARMED,wood_2
9824.005,True,False,ONE_FINGER,True,True,0.50866,0.06056,508,85,True,True,SWIPING,wood_2
9824.197,True,False,ONE_FINGER,True,True,0.50604,0.13198,506,186,True,True,SWIPING,wood_2
9824.404,True,False,ONE_FINGER,True,True,0.49763,0.16150,497,227,True,True,SWIPING,wood_2
9824.597,True,False,ONE_FINGER,True,True,0.49063,0.20808,490,293,True,True,SWIPING,wood_2
9824.805,True,False,ONE_FINGER,True,True,0.49112,0.21775,491,307,True,True,SWIPING,wood_2
9824.998,True,False,ONE_FINGER,True,True,0.49699,0.31085,496,438,True,True,SWIPING,wood_2
9825.204,True,False,ONE_FINGER,True,True,0.50597,0.39305,505,554,True,True,SWIPING,wood_2
9825.397,True,False,ONE_FINGER,True,True,0.50964,0.41993,509,592,True,True,SWIPING,wood_2
9825.605,True,False,ONE_FINGER,True,True,0.50891,0.46152,508,651,True,True,SWIPING,wood_2
9825.797,True,False,ONE_FINGER,False,True,,,,,False,False,SWIPING,wood_2
9826.005,True,False,ONE_FINGER,False,True,,,,,False,False,FAILED,wood_2
9826.196,True,False,ONE_FINGER,False,True,,,,,False,False,FAILED,wood_2
9826.405,True,False,ONE_FINGER,True,True,0.49129,0.54562,491,770,False,True,BLOCK_HOVER,wood_2
9826.598,True,False,ONE_FINGER,True,True,0.48079,0.32103,480,453,True,True,BLOCK_HOVER,wood_2
9826.804,True,False,ONE_FINGER,True,True,0.50794,0.14678,507,207,True,True,SWIPING,wood_2
9826.996,True,False,ONE_FINGER,True,True,0.51452,0.18676,514,263,True,True,SWIPING,wood_2
9827.205,True,False,ONE_FINGER,True,True,0.50314,0.17797,503,251,True,True,SWIPING,wood_2
9827.397,True,False,ONE_FINGER,True,True,0.48777,0.18344,487,258,True,True,SWIPING,wood_2
9827.605,True,False,ONE_FINGER,True,True,0.48413,0.17387,484,245,True,True,SWIPING,wood_2
9827.796,True,False,ONE_FINGER,True,True,0.48286,0.15224,482,214,True,True,SWIPING,wood_2
9828.006,True,False,ONE_FINGER,True,True,0.48075,0.10671,480,150,True,True,SWIPING,wood_2
9828.196,True,False,ONE_FINGER,True,True,0.48416,0.04917,484,69,True,True,BLOCK_REMOVED,wood_2
9828.405,True,False,ONE_FINGER,True,True,0.48617,0.06571,486,92,True,True,BLOCK_HOVER,wood_1
9828.597,True,False,ONE_FINGER,True,True,0.49855,0.12059,498,170,True,True,BLOCK_ARMED,wood_1
9828.804,True,False,ONE_FINGER,True,True,0.50047,0.23123,500,326,True,True,BLOCK_HOVER,wood_1
9828.996,True,False,ONE_FINGER,True,True,0.49321,0.37261,493,525,True,True,BLOCK_HOVER,wood_1
9829.204,True,False,ONE_FINGER,True,True,0.47815,0.38556,478,544,True,True,BLOCK_ARMED,wood_1
9829.397,True,False,ONE_FINGER,True,True,0.48621,0.33496,486,472,True,True,BLOCK_ARMED,wood_1
9829.604,True,False,ONE_FINGER,True,True,0.49506,0.34530,495,487,True,True,BLOCK_ARMED,wood_1
9829.797,True,False,ONE_FINGER,True,True,0.50129,0.30668,501,432,True,True,BLOCK_ARMED,wood_1
9830.003,True,False,ONE_FINGER,True,True,0.51979,0.07105,519,100,True,True,SWIPING,wood_1
9830.196,True,False,ONE_FINGER,True,True,0.50935,0.10660,509,150,True,True,SWIPING,wood_1
9830.404,True,False,ONE_FINGER,True,True,0.50332,0.12496,503,176,True,True,SWIPING,wood_1
9830.597,True,False,ONE_FINGER,True,True,0.49654,0.15227,496,214,True,True,SWIPING,wood_1
9830.804,True,False,ONE_FINGER,True,True,0.49282,0.16875,492,238,True,True,SWIPING,wood_1
9830.996,True,False,ONE_FINGER,True,True,0.48324,0.16163,483,228,True,True,SWIPING,wood_1
9831.205,True,False,ONE_FINGER,True,True,0.48114,0.08975,481,126,True,True,SWIPING,wood_1
9831.398,True,False,ONE_FINGER,True,True,0.48398,0.02964,483,41,True,True,SWIPING,wood_1
9831.607,True,False,ONE_FINGER,True,True,0.50487,0.04628,504,65,True,True,BLOCK_REMOVED,wood_1
9831.797,True,False,ONE_FINGER,True,True,0.50249,0.08204,502,115,True,True,BLOCK_REMOVED,wood_1
9832.005,True,False,ONE_FINGER,True,True,0.49502,0.10415,495,146,True,True,BLOCK_REMOVED,wood_1
9832.197,True,False,ONE_FINGER,True,True,0.48228,0.16157,482,228,True,True,BLOCK_REMOVED,wood_1
9832.403,True,False,ONE_FINGER,True,True,0.48144,0.23172,481,327,True,True,BLOCK_REMOVED,wood_1
9832.597,True,False,ONE_FINGER,True,True,0.48318,0.27075,483,382,True,True,BLOCK_REMOVED,wood_1
9832.806,True,False,ONE_FINGER,True,True,0.50103,0.33692,501,475,True,True,BLOCK_REMOVED,wood_1
9832.996,False,True,ONE_FINGER,False,False,0.53210,0.38927,532,549,True,True,BLOCK_REMOVED,wood_1
9833.212,True,False,ONE_FINGER,False,False,,,,,False,False,BLOCK_REMOVED,wood_1
9833.396,True,False,ONE_FINGER,False,False,,,,,False,False,BLOCK_REMOVED,wood_1
9833.603,True,False,ONE_FINGER,False,False,,,,,False,False,BLOCK_REMOVED,wood_1
9833.796,True,False,ONE_FINGER,False,False,,,,,False,False,BLOCK_REMOVED,wood_1
9834.004,True,False,ONE_FINGER,False,False,,,,,False,False,BLOCK_REMOVED,wood_1
9834.197,True,False,ONE_FINGER,False,False,,,,,False,False,BLOCK_REMOVED,wood_1
9834.405,True,False,ONE_FINGER,False,False,,,,,False,False,BLOCK_REMOVED,wood_1
9834.596,True,False,ONE_FINGER,False,False,,,,,False,False,BLOCK_REMOVED,wood_1
9834.804,True,False,ONE_FINGER,False,False,,,,,False,False,BLOCK_REMOVED,wood_1
9834.995,True,False,ONE_FINGER,False,False,,,,,False,False,BLOCK_REMOVED,wood_1
9835.203,True,False,ONE_FINGER,False,False,,,,,False,False,BLOCK_REMOVED,wood_1
9835.397,True,False,ONE_FINGER,False,False,,,,,False,False,BLOCK_REMOVED,wood_1
9835.603,True,False,ONE_FINGER,False,False,,,,,False,False,BLOCK_REMOVED,wood_1
9835.797,True,False,ONE_FINGER,False,False,,,,,False,False,BLOCK_REMOVED,wood_1
9836.003,True,False,ONE_FINGER,False,False,,,,,False,False,BLOCK_REMOVED,wood_1
9836.196,True,False,ONE_FINGER,False,False,,,,,False,False,BLOCK_REMOVED,wood_1
9836.405,True,False,ONE_FINGER,False,False,,,,,False,False,BLOCK_REMOVED,wood_1
9836.595,True,False,ONE_FINGER,False,False,,,,,False,False,BLOCK_REMOVED,wood_1
9836.805,True,False,ONE_FINGER,False,False,,,,,False,False,BLOCK_REMOVED,wood_1
9836.996,True,False,ONE_FINGER,False,False,,,,,False,False,BLOCK_REMOVED,wood_1
9837.206,True,False,ONE_FINGER,False,False,,,,,False,False,BLOCK_REMOVED,wood_1
9837.398,False,False,ONE_FINGER,False,False,,,,,False,False,BLOCK_REMOVED,wood_1
9837.611,True,False,ONE_FINGER,False,False,,,,,False,False,BLOCK_REMOVED,wood_1
9837.797,True,False,ONE_FINGER,False,False,,,,,False,False,BLOCK_REMOVED,wood_1
9838.002,True,False,ONE_FINGER,True,False,0.64576,0.66495,645,875,False,True,BLOCK_REMOVED,wood_1
9838.196,True,False,ONE_FINGER,False,False,,,,,False,False,BLOCK_REMOVED,wood_1
9838.403,False,False,ONE_FINGER,False,False,,,,,False,False,BLOCK_REMOVED,wood_1
9838.598,False,False,ONE_FINGER,False,False,,,,,False,False,BLOCK_REMOVED,wood_1
9838.806,False,False,ONE_FINGER,False,False,,,,,False,False,BLOCK_REMOVED,wood_1
9838.997,False,False,ONE_FINGER,False,False,,,,,False,False,BLOCK_REMOVED,wood_1
9839.204,False,False,ONE_FINGER,False,False,,,,,False,False,BLOCK_REMOVED,wood_1
9839.398,False,False,ONE_FINGER,False,False,,,,,False,False,BLOCK_REMOVED,wood_1
9839.605,False,False,ONE_FINGER,False,False,,,,,False,False,BLOCK_REMOVED,wood_1
9839.797,False,False,ONE_FINGER,False,False,,,,,False,False,BLOCK_REMOVED,wood_1
9840.005,False,False,ONE_FINGER,False,False,,,,,False,False,BLOCK_REMOVED,wood_1
9840.199,False,False,ONE_FINGER,False,False,,,,,False,False,BLOCK_REMOVED,wood_1
9840.406,False,False,ONE_FINGER,False,False,,,,,False,False,BLOCK_REMOVED,wood_1
9840.597,False,False,ONE_FINGER,False,False,,,,,False,False,BLOCK_REMOVED,wood_1
9840.805,False,False,ONE_FINGER,False,False,,,,,False,False,BLOCK_REMOVED,wood_1
9840.998,False,False,ONE_FINGER,False,False,,,,,False,False,BLOCK_REMOVED,wood_1
9841.209,False,False,ONE_FINGER,False,False,,,,,False,False,BLOCK_REMOVED,wood_1
9841.401,False,False,ONE_FINGER,False,False,,,,,False,False,BLOCK_REMOVED,wood_1
9841.613,False,False,ONE_FINGER,False,False,,,,,False,False,BLOCK_REMOVED,wood_1
9841.801,False,False,ONE_FINGER,False,False,,,,,False,False,BLOCK_REMOVED,wood_1
9842.013,False,False,ONE_FINGER,False,False,,,,,False,False,BLOCK_REMOVED,wood_1
9842.203,False,False,ONE_FINGER,False,False,,,,,False,False,BLOCK_REMOVED,wood_1
9842.410,False,False,ONE_FINGER,False,False,,,,,False,False,BLOCK_REMOVED,wood_1
9842.600,False,False,ONE_FINGER,False,False,,,,,False,False,BLOCK_REMOVED,wood_1
9842.809,False,False,ONE_FINGER,False,False,,,,,False,False,BLOCK_REMOVED,wood_1
9843.008,False,False,ONE_FINGER,False,False,,,,,False,False,BLOCK_REMOVED,wood_1
9843.209,False,False,ONE_FINGER,False,False,,,,,False,False,BLOCK_REMOVED,wood_1
9843.408,False,False,ONE_FINGER,False,False,,,,,False,False,BLOCK_REMOVED,wood_1
9843.610,False,False,ONE_FINGER,False,False,,,,,False,False,BLOCK_REMOVED,wood_1
9843.796,False,False,ONE_FINGER,False,False,,,,,False,False,BLOCK_REMOVED,wood_1
9843.908,False,False,ONE_FINGER,False,False,,,,,False,False,BLOCK_REMOVED,wood_1
9844.009,False,False,ONE_FINGER,False,False,,,,,False,False,BLOCK_REMOVED,wood_1
9844.201,False,False,ONE_FINGER,False,False,,,,,False,False,BLOCK_REMOVED,wood_1
9844.409,False,False,ONE_FINGER,False,False,,,,,False,False,BLOCK_REMOVED,wood_1
9844.601,False,False,ONE_FINGER,False,False,,,,,False,False,BLOCK_REMOVED,wood_1
9844.809,False,False,ONE_FINGER,False,False,,,,,False,False,BLOCK_REMOVED,wood_1
9845.000,False,False,ONE_FINGER,False,False,,,,,False,False,BLOCK_REMOVED,wood_1
9845.209,False,False,ONE_FINGER,False,False,,,,,False,False,BLOCK_REMOVED,wood_1
9845.401,False,False,ONE_FINGER,False,False,,,,,False,False,BLOCK_REMOVED,wood_1
9845.609,False,False,ONE_FINGER,False,False,,,,,False,False,BLOCK_REMOVED,wood_1
9845.801,False,False,ONE_FINGER,False,False,,,,,False,False,BLOCK_REMOVED,wood_1
9845.904,False,False,ONE_FINGER,False,False,,,,,False,False,BLOCK_REMOVED,wood_1
9846.009,False,False,ONE_FINGER,False,False,,,,,False,False,BLOCK_REMOVED,wood_1
9846.116,False,False,ONE_FINGER,False,False,,,,,False,False,BLOCK_REMOVED,wood_1
9846.296,False,False,ONE_FINGER,False,False,,,,,False,False,BLOCK_REMOVED,wood_1
9846.409,False,False,ONE_FINGER,False,False,,,,,False,False,BLOCK_REMOVED,wood_1
9846.612,False,False,ONE_FINGER,False,False,,,,,False,False,BLOCK_REMOVED,wood_1
9846.809,False,False,ONE_FINGER,False,False,,,,,False,False,BLOCK_REMOVED,wood_1
9846.909,False,False,ONE_FINGER,False,False,,,,,False,False,BLOCK_REMOVED,wood_1
9847.097,False,False,ONE_FINGER,False,False,,,,,False,False,BLOCK_REMOVED,wood_1
9847.209,False,False,ONE_FINGER,False,False,,,,,False,False,BLOCK_REMOVED,wood_1
9847.401,False,False,ONE_FINGER,False,False,,,,,False,False,BLOCK_REMOVED,wood_1
9847.609,False,False,ONE_FINGER,False,False,,,,,False,False,BLOCK_REMOVED,wood_1
9847.801,False,False,ONE_FINGER,False,False,,,,,False,False,BLOCK_REMOVED,wood_1
9848.009,False,False,ONE_FINGER,False,False,,,,,False,False,BLOCK_REMOVED,wood_1
9848.201,False,False,ONE_FINGER,False,False,,,,,False,False,BLOCK_REMOVED,wood_1
9848.409,False,False,ONE_FINGER,False,False,,,,,False,False,BLOCK_REMOVED,wood_1
9848.600,False,False,ONE_FINGER,False,False,,,,,False,False,BLOCK_REMOVED,wood_1
9848.809,False,False,ONE_FINGER,False,False,,,,,False,False,BLOCK_REMOVED,wood_1
9849.001,False,False,ONE_FINGER,False,False,,,,,False,False,BLOCK_REMOVED,wood_1
9849.104,False,False,ONE_FINGER,False,False,,,,,False,False,BLOCK_REMOVED,wood_1
9849.209,False,False,ONE_FINGER,False,False,,,,,False,False,BLOCK_REMOVED,wood_1
9849.401,False,False,ONE_FINGER,False,False,,,,,False,False,BLOCK_REMOVED,wood_1
9849.610,False,False,ONE_FINGER,False,False,,,,,False,False,BLOCK_REMOVED,wood_1
9849.801,False,False,ONE_FINGER,False,False,,,,,False,False,BLOCK_REMOVED,wood_1
9849.904,False,False,ONE_FINGER,False,False,,,,,False,False,BLOCK_REMOVED,wood_1
9850.009,False,False,ONE_FINGER,False,False,,,,,False,False,BLOCK_REMOVED,wood_1
9850.205,False,False,ONE_FINGER,False,False,,,,,False,False,BLOCK_REMOVED,wood_1
9850.406,False,False,ONE_FINGER,False,False,,,,,False,False,BLOCK_REMOVED,wood_1
9850.601,False,False,ONE_FINGER,False,False,,,,,False,False,BLOCK_REMOVED,wood_1
9850.704,False,False,ONE_FINGER,False,False,,,,,False,False,BLOCK_REMOVED,wood_1
9850.809,False,False,ONE_FINGER,False,False,,,,,False,False,BLOCK_REMOVED,wood_1
9851.013,False,False,ONE_FINGER,False,False,,,,,False,False,BLOCK_REMOVED,wood_1
9851.214,False,False,ONE_FINGER,False,False,,,,,False,False,BLOCK_REMOVED,wood_1
9851.401,False,False,ONE_FINGER,False,False,,,,,False,False,BLOCK_REMOVED,wood_1
9851.504,False,False,ONE_FINGER,False,False,,,,,False,False,BLOCK_REMOVED,wood_1
9851.617,False,False,ONE_FINGER,False,False,,,,,False,False,BLOCK_REMOVED,wood_1
9851.801,False,False,ONE_FINGER,False,False,,,,,False,False,BLOCK_REMOVED,wood_1
9852.014,False,False,ONE_FINGER,False,False,,,,,False,False,BLOCK_REMOVED,wood_1
9852.201,False,False,ONE_FINGER,False,False,,,,,False,False,BLOCK_REMOVED,wood_1
9852.408,False,False,ONE_FINGER,False,False,,,,,False,False,BLOCK_REMOVED,wood_1
9852.601,False,False,ONE_FINGER,False,False,,,,,False,False,BLOCK_REMOVED,wood_1
9852.708,False,False,ONE_FINGER,False,False,,,,,False,False,BLOCK_REMOVED,wood_1
9852.808,False,False,ONE_FINGER,False,False,,,,,False,False,BLOCK_REMOVED,wood_1
9853.001,False,False,ONE_FINGER,False,False,,,,,False,False,BLOCK_REMOVED,wood_1
9853.213,False,False,ONE_FINGER,False,False,,,,,False,False,BLOCK_REMOVED,wood_1
9853.401,False,False,ONE_FINGER,False,False,,,,,False,False,BLOCK_REMOVED,wood_1
9853.608,False,False,ONE_FINGER,False,False,,,,,False,False,BLOCK_REMOVED,wood_1
9853.801,False,False,ONE_FINGER,False,False,,,,,False,False,BLOCK_REMOVED,wood_1
9854.009,False,False,ONE_FINGER,False,False,,,,,False,False,BLOCK_REMOVED,wood_1
9854.109,False,False,ONE_FINGER,False,False,,,,,False,False,BLOCK_REMOVED,wood_1
9854.213,False,False,ONE_FINGER,False,False,,,,,False,False,BLOCK_REMOVED,wood_1
9854.409,False,False,ONE_FINGER,False,False,,,,,False,False,BLOCK_REMOVED,wood_1
9854.605,False,False,ONE_FINGER,False,False,,,,,False,False,BLOCK_REMOVED,wood_1
9854.821,False,False,ONE_FINGER,False,False,,,,,False,False,BLOCK_REMOVED,wood_1
9855.001,False,False,ONE_FINGER,False,False,,,,,False,False,BLOCK_REMOVED,wood_1
9855.221,False,False,ONE_FINGER,False,False,,,,,False,False,BLOCK_REMOVED,wood_1
9855.401,False,False,ONE_FINGER,False,False,,,,,False,False,BLOCK_REMOVED,wood_1
9855.609,False,False,ONE_FINGER,False,False,,,,,False,False,BLOCK_REMOVED,wood_1
9855.801,False,False,ONE_FINGER,False,False,,,,,False,False,BLOCK_REMOVED,wood_1
9856.014,False,False,ONE_FINGER,False,False,,,,,False,False,BLOCK_REMOVED,wood_1
9856.201,False,False,ONE_FINGER,False,False,,,,,False,False,BLOCK_REMOVED,wood_1
9856.412,False,False,ONE_FINGER,False,False,,,,,False,False,BLOCK_REMOVED,wood_1
9856.605,False,False,ONE_FINGER,False,False,,,,,False,False,BLOCK_REMOVED,wood_1
9856.814,False,False,ONE_FINGER,False,False,,,,,False,False,BLOCK_REMOVED,wood_1
9857.001,False,False,ONE_FINGER,False,False,,,,,False,False,BLOCK_REMOVED,wood_1
9857.209,False,False,ONE_FINGER,False,False,,,,,False,False,BLOCK_REMOVED,wood_1
9857.401,False,False,ONE_FINGER,False,False,,,,,False,False,BLOCK_REMOVED,wood_1
9857.609,False,False,ONE_FINGER,False,False,,,,,False,False,BLOCK_REMOVED,wood_1
9857.800,False,False,ONE_FINGER,False,False,,,,,False,False,BLOCK_REMOVED,wood_1
9858.008,False,False,ONE_FINGER,False,False,,,,,False,False,BLOCK_REMOVED,wood_1
9858.201,False,False,ONE_FINGER,False,False,,,,,False,False,BLOCK_REMOVED,wood_1
9858.409,False,False,ONE_FINGER,False,False,,,,,False,False,BLOCK_REMOVED,wood_1
9858.513,False,False,ONE_FINGER,False,False,,,,,False,False,BLOCK_REMOVED,wood_1
9858.697,False,False,ONE_FINGER,False,False,,,,,False,False,BLOCK_REMOVED,wood_1
9858.809,False,False,ONE_FINGER,False,False,,,,,False,False,BLOCK_REMOVED,wood_1
9858.910,False,False,ONE_FINGER,False,False,,,,,False,False,BLOCK_REMOVED,wood_1
9859.100,False,False,ONE_FINGER,False,False,,,,,False,False,BLOCK_REMOVED,wood_1
9859.210,False,False,ONE_FINGER,False,False,,,,,False,False,BLOCK_REMOVED,wood_1
9859.316,False,False,ONE_FINGER,False,False,,,,,False,False,BLOCK_REMOVED,wood_1
9859.506,True,False,ONE_FINGER,False,False,,,,,False,False,BLOCK_REMOVED,wood_1
9859.613,True,False,ONE_FINGER,False,False,,,,,False,False,BLOCK_REMOVED,wood_1
9859.796,True,False,ONE_FINGER,False,False,,,,,False,False,BLOCK_REMOVED,wood_1
9860.009,True,False,ONE_FINGER,False,False,,,,,False,False,BLOCK_REMOVED,wood_1
9860.205,True,False,ONE_FINGER,False,False,,,,,False,False,BLOCK_REMOVED,wood_1
9860.305,True,False,ONE_FINGER,False,False,,,,,False,False,BLOCK_REMOVED,wood_1
9860.517,False,False,ONE_FINGER,False,False,,,,,False,False,BLOCK_REMOVED,wood_1
9860.704,False,False,ONE_FINGER,False,False,,,,,False,False,BLOCK_REMOVED,wood_1
9860.804,True,False,ONE_FINGER,False,False,,,,,False,False,BLOCK_REMOVED,wood_1
9860.913,True,False,ONE_FINGER,False,False,,,,,False,False,BLOCK_REMOVED,wood_1
9861.100,False,False,ONE_FINGER,False,False,,,,,False,False,BLOCK_REMOVED,wood_1
9861.217,True,False,ONE_FINGER,False,False,,,,,False,False,BLOCK_REMOVED,wood_1
9861.400,True,False,ONE_FINGER,False,False,,,,,False,False,BLOCK_REMOVED,wood_1
9861.613,True,False,ONE_FINGER,False,False,,,,,False,False,BLOCK_REMOVED,wood_1
9861.809,True,False,ONE_FINGER,False,False,,,,,False,False,BLOCK_REMOVED,wood_1
9862.009,False,False,ONE_FINGER,False,False,,,,,False,False,BLOCK_REMOVED,wood_1
9862.110,False,False,ONE_FINGER,False,False,,,,,False,False,BLOCK_REMOVED,wood_1
9862.297,False,False,ONE_FINGER,False,False,,,,,False,False,BLOCK_REMOVED,wood_1
9862.413,False,False,ONE_FINGER,False,False,,,,,False,False,BLOCK_REMOVED,wood_1
9862.517,False,False,ONE_FINGER,False,False,,,,,False,False,BLOCK_REMOVED,wood_1
9862.705,False,False,ONE_FINGER,False,False,,,,,False,False,BLOCK_REMOVED,wood_1
9862.818,False,False,ONE_FINGER,False,False,,,,,False,False,BLOCK_REMOVED,wood_1
9863.005,False,False,ONE_FINGER,False,False,,,,,False,False,BLOCK_REMOVED,wood_1
9863.105,False,False,ONE_FINGER,False,False,,,,,False,False,BLOCK_REMOVED,wood_1
9863.221,False,False,ONE_FINGER,False,False,,,,,False,False,BLOCK_REMOVED,wood_1
9863.409,False,False,ONE_FINGER,False,False,,,,,False,False,BLOCK_REMOVED,wood_1
9863.607,False,False,ONE_FINGER,False,False,,,,,False,False,BLOCK_REMOVED,wood_1
9863.721,False,False,ONE_FINGER,False,False,,,,,False,False,BLOCK_REMOVED,wood_1
9863.896,False,False,ONE_FINGER,False,False,,,,,False,False,BLOCK_REMOVED,wood_1
9864.017,False,False,ONE_FINGER,False,False,,,,,False,False,BLOCK_REMOVED,wood_1
9864.213,False,False,ONE_FINGER,False,False,,,,,False,False,BLOCK_REMOVED,wood_1
9864.413,False,False,ONE_FINGER,False,False,,,,,False,False,BLOCK_REMOVED,wood_1
9864.605,False,False,ONE_FINGER,False,False,,,,,False,False,BLOCK_REMOVED,wood_1
9864.809,False,False,ONE_FINGER,False,False,,,,,False,False,BLOCK_REMOVED,wood_1
9865.012,False,False,ONE_FINGER,False,False,,,,,False,False,BLOCK_REMOVED,wood_1
9865.210,False,False,ONE_FINGER,False,False,,,,,False,False,BLOCK_REMOVED,wood_1
9865.401,False,False,ONE_FINGER,False,False,,,,,False,False,BLOCK_REMOVED,wood_1
9865.609,False,False,ONE_FINGER,False,False,,,,,False,False,BLOCK_REMOVED,wood_1
9865.805,False,False,ONE_FINGER,False,False,,,,,False,False,BLOCK_REMOVED,wood_1
9866.006,False,False,ONE_FINGER,False,False,,,,,False,False,BLOCK_REMOVED,wood_1
9866.205,False,False,ONE_FINGER,False,False,,,,,False,False,BLOCK_REMOVED,wood_1
9866.418,False,False,ONE_FINGER,False,False,,,,,False,False,BLOCK_REMOVED,wood_1
9866.609,False,False,ONE_FINGER,False,False,,,,,False,False,BLOCK_REMOVED,wood_1
9866.821,False,False,ONE_FINGER,False,False,,,,,False,False,BLOCK_REMOVED,wood_1
9867.001,False,False,ONE_FINGER,False,False,,,,,False,False,BLOCK_REMOVED,wood_1
9867.218,False,False,ONE_FINGER,False,False,,,,,False,False,BLOCK_REMOVED,wood_1
9867.401,False,False,ONE_FINGER,False,False,,,,,False,False,BLOCK_REMOVED,wood_1
9867.609,False,False,ONE_FINGER,False,False,,,,,False,False,BLOCK_REMOVED,wood_1
9867.713,False,False,ONE_FINGER,False,False,,,,,False,False,BLOCK_REMOVED,wood_1
9867.904,False,False,ONE_FINGER,False,False,,,,,False,False,BLOCK_REMOVED,wood_1
9868.006,False,False,ONE_FINGER,False,False,,,,,False,False,BLOCK_REMOVED,wood_1
9868.198,False,False,ONE_FINGER,False,False,,,,,False,False,BLOCK_REMOVED,wood_1
9868.302,False,False,ONE_FINGER,False,False,,,,,False,False,BLOCK_REMOVED,wood_1
9868.405,False,False,ONE_FINGER,False,False,,,,,False,False,BLOCK_REMOVED,wood_1
9868.505,False,False,ONE_FINGER,False,False,,,,,False,False,BLOCK_REMOVED,wood_1
9868.705,False,False,ONE_FINGER,False,False,,,,,False,False,BLOCK_REMOVED,wood_1
9868.807,False,False,ONE_FINGER,False,False,,,,,False,False,BLOCK_REMOVED,wood_1
9869.005,False,False,ONE_FINGER,False,False,,,,,False,False,BLOCK_REMOVED,wood_1
9869.209,False,False,ONE_FINGER,False,False,,,,,False,False,BLOCK_REMOVED,wood_1
9869.405,False,False,ONE_FINGER,False,False,,,,,False,False,BLOCK_REMOVED,wood_1
9869.613,True,False,ONE_FINGER,True,False,0.66178,0.78554,661,875,False,True,BLOCK_REMOVED,wood_1
9869.797,True,False,ONE_FINGER,True,False,0.65517,0.78470,655,875,False,True,BLOCK_REMOVED,wood_1
9870.006,True,False,ONE_FINGER,True,True,0.65587,0.76101,655,875,False,True,BLOCK_REMOVED,wood_1
9870.201,True,False,ONE_FINGER,True,True,0.66336,0.76792,663,875,False,True,BLOCK_REMOVED,wood_1
9870.409,True,False,ONE_FINGER,False,False,,,,,False,False,BLOCK_REMOVED,wood_1
9870.605,False,False,ONE_FINGER,False,False,,,,,False,False,BLOCK_REMOVED,wood_1
9870.813,False,False,ONE_FINGER,False,False,,,,,False,False,BLOCK_REMOVED,wood_1
9871.006,False,False,ONE_FINGER,False,False,,,,,False,False,BLOCK_REMOVED,wood_1
9871.208,False,False,ONE_FINGER,False,False,,,,,False,False,BLOCK_REMOVED,wood_1
9871.317,False,False,ONE_FINGER,False,False,,,,,False,False,BLOCK_REMOVED,wood_1
9871.497,False,False,ONE_FINGER,False,False,,,,,False,False,BLOCK_REMOVED,wood_1
9871.610,False,False,ONE_FINGER,False,False,,,,,False,False,BLOCK_REMOVED,wood_1
9871.805,True,False,ONE_FINGER,False,False,,,,,False,False,BLOCK_REMOVED,wood_1
9871.905,True,False,ONE_FINGER,False,False,,,,,False,False,BLOCK_REMOVED,wood_1
9872.005,True,False,ONE_FINGER,False,False,,,,,False,False,BLOCK_REMOVED,wood_1
9872.126,True,False,ONE_FINGER,False,False,,,,,False,False,BLOCK_REMOVED,wood_1
9872.297,True,False,ONE_FINGER,False,False,,,,,False,False,BLOCK_REMOVED,wood_1
9872.424,True,False,ONE_FINGER,False,False,,,,,False,False,BLOCK_REMOVED,wood_1
9872.597,True,False,ONE_FINGER,False,False,,,,,False,False,BLOCK_REMOVED,wood_1
9872.813,False,False,ONE_FINGER,False,False,,,,,False,False,BLOCK_REMOVED,wood_1
9873.017,False,False,ONE_FINGER,False,False,,,,,False,False,BLOCK_REMOVED,wood_1
9873.213,False,False,ONE_FINGER,False,False,,,,,False,False,BLOCK_REMOVED,wood_1
9873.317,False,False,ONE_FINGER,False,False,,,,,False,False,BLOCK_REMOVED,wood_1
9873.501,True,False,ONE_FINGER,False,False,,,,,False,False,BLOCK_REMOVED,wood_1
9873.622,True,False,ONE_FINGER,False,False,,,,,False,False,BLOCK_REMOVED,wood_1
9873.801,True,False,ONE_FINGER,False,False,,,,,False,False,BLOCK_REMOVED,wood_1
9874.013,True,False,ONE_FINGER,False,False,,,,,False,False,BLOCK_REMOVED,wood_1
9874.201,True,False,ONE_FINGER,False,False,,,,,False,False,BLOCK_REMOVED,wood_1
9874.405,False,False,ONE_FINGER,False,False,,,,,False,False,BLOCK_REMOVED,wood_1
9874.605,False,False,ONE_FINGER,False,False,,,,,False,False,BLOCK_REMOVED,wood_1
9874.816,False,False,ONE_FINGER,False,False,,,,,False,False,BLOCK_REMOVED,wood_1
9874.999,True,False,ONE_FINGER,False,False,,,,,False,False,BLOCK_REMOVED,wood_1
9875.117,True,False,ONE_FINGER,False,False,,,,,False,False,BLOCK_REMOVED,wood_1
9875.315,False,False,ONE_FINGER,False,False,,,,,False,False,BLOCK_REMOVED,wood_1
9875.495,False,False,ONE_FINGER,False,False,,,,,False,False,BLOCK_REMOVED,wood_1
9875.623,False,False,ONE_FINGER,False,False,,,,,False,False,BLOCK_REMOVED,wood_1
9875.805,False,False,ONE_FINGER,False,False,,,,,False,False,BLOCK_REMOVED,wood_1
9876.025,False,False,ONE_FINGER,False,False,,,,,False,False,BLOCK_REMOVED,wood_1
9876.208,False,False,ONE_FINGER,False,False,,,,,False,False,BLOCK_REMOVED,wood_1
9876.417,True,False,ONE_FINGER,False,False,,,,,False,False,BLOCK_REMOVED,wood_1
9876.602,True,False,ONE_FINGER,False,False,,,,,False,False,BLOCK_REMOVED,wood_1
9876.706,True,False,ONE_FINGER,False,False,,,,,False,False,BLOCK_REMOVED,wood_1
9876.905,True,False,ONE_FINGER,True,True,0.67748,0.85154,677,875,False,True,BLOCK_REMOVED,wood_1
9877.009,False,True,ONE_FINGER,False,False,0.67748,0.85154,677,875,False,True,BLOCK_REMOVED,wood_1
9877.217,False,False,ONE_FINGER,False,False,,,,,False,False,BLOCK_REMOVED,wood_1
9877.319,False,False,ONE_FINGER,False,False,,,,,False,False,BLOCK_REMOVED,wood_1
9877.517,False,False,ONE_FINGER,False,False,,,,,False,False,BLOCK_REMOVED,wood_1
9877.715,False,False,ONE_FINGER,False,False,,,,,False,False,BLOCK_REMOVED,wood_1
9877.909,False,False,ONE_FINGER,False,False,,,,,False,False,BLOCK_REMOVED,wood_1
9878.018,False,False,ONE_FINGER,False,False,,,,,False,False,BLOCK_REMOVED,wood_1
9878.118,False,False,ONE_FINGER,False,False,,,,,False,False,BLOCK_REMOVED,wood_1
9878.303,True,False,ONE_FINGER,False,False,,,,,False,False,BLOCK_REMOVED,wood_1
9878.413,False,False,ONE_FINGER,False,False,,,,,False,False,BLOCK_REMOVED,wood_1
9878.609,False,False,ONE_FINGER,False,False,,,,,False,False,BLOCK_REMOVED,wood_1
9878.814,False,False,ONE_FINGER,False,False,,,,,False,False,BLOCK_REMOVED,wood_1
9879.010,False,False,ONE_FINGER,False,False,,,,,False,False,BLOCK_REMOVED,wood_1
9879.214,False,False,ONE_FINGER,False,False,,,,,False,False,BLOCK_REMOVED,wood_1
9879.406,False,False,ONE_FINGER,False,False,,,,,False,False,BLOCK_REMOVED,wood_1
9879.619,False,False,ONE_FINGER,False,False,,,,,False,False,BLOCK_REMOVED,wood_1
9879.810,False,False,ONE_FINGER,False,False,,,,,False,False,BLOCK_REMOVED,wood_1
9880.019,True,False,ONE_FINGER,False,False,,,,,False,False,BLOCK_REMOVED,wood_1
9880.202,True,False,ONE_FINGER,False,False,,,,,False,False,BLOCK_REMOVED,wood_1
9880.410,True,False,ONE_FINGER,False,False,,,,,False,False,BLOCK_REMOVED,wood_1
9880.614,True,False,ONE_FINGER,False,False,,,,,False,False,BLOCK_REMOVED,wood_1
9880.818,True,False,ONE_FINGER,False,False,,,,,False,False,BLOCK_REMOVED,wood_1
9881.002,True,False,ONE_FINGER,False,False,,,,,False,False,BLOCK_REMOVED,wood_1
9881.206,True,False,ONE_FINGER,False,False,,,,,False,False,BLOCK_REMOVED,wood_1
9881.402,False,False,ONE_FINGER,False,False,,,,,False,False,BLOCK_REMOVED,wood_1
9881.606,False,False,ONE_FINGER,False,False,,,,,False,False,BLOCK_REMOVED,wood_1
9881.798,False,False,ONE_FINGER,False,False,,,,,False,False,BLOCK_REMOVED,wood_1
9881.902,False,False,ONE_FINGER,False,False,,,,,False,False,BLOCK_REMOVED,wood_1
9882.019,False,False,ONE_FINGER,False,False,,,,,False,False,BLOCK_REMOVED,wood_1
9882.206,False,False,ONE_FINGER,False,False,,,,,False,False,BLOCK_REMOVED,wood_1
9882.419,False,False,ONE_FINGER,False,False,,,,,False,False,BLOCK_REMOVED,wood_1
9882.606,True,False,ONE_FINGER,False,False,,,,,False,False,BLOCK_REMOVED,wood_1
9882.806,True,False,ONE_FINGER,False,False,,,,,False,False,BLOCK_REMOVED,wood_1
9882.998,False,False,ONE_FINGER,False,False,,,,,False,False,BLOCK_REMOVED,wood_1
9883.222,False,False,ONE_FINGER,False,False,,,,,False,False,BLOCK_REMOVED,wood_1
9883.406,True,False,ONE_FINGER,False,False,,,,,False,False,BLOCK_REMOVED,wood_1
9883.606,True,False,ONE_FINGER,False,False,,,,,False,False,BLOCK_REMOVED,wood_1
9883.802,True,False,ONE_FINGER,False,False,,,,,False,False,BLOCK_REMOVED,wood_1
9884.006,True,False,ONE_FINGER,False,False,,,,,False,False,BLOCK_REMOVED,wood_1
9884.209,True,False,ONE_FINGER,False,False,,,,,False,False,BLOCK_REMOVED,wood_1
9884.406,True,False,ONE_FINGER,False,False,,,,,False,False,BLOCK_REMOVED,wood_1
9884.598,False,False,ONE_FINGER,False,False,,,,,False,False,BLOCK_REMOVED,wood_1
9884.818,False,False,ONE_FINGER,False,False,,,,,False,False,BLOCK_REMOVED,wood_1
9885.006,False,False,ONE_FINGER,False,False,,,,,False,False,BLOCK_REMOVED,wood_1
9885.218,True,False,ONE_FINGER,False,False,,,,,False,False,BLOCK_REMOVED,wood_1
9885.397,True,False,ONE_FINGER,False,False,,,,,False,False,BLOCK_REMOVED,wood_1
9885.606,True,False,ONE_FINGER,False,False,,,,,False,False,BLOCK_REMOVED,wood_1
9885.798,True,False,ONE_FINGER,False,False,,,,,False,False,BLOCK_REMOVED,wood_1
9885.901,True,False,ONE_FINGER,False,False,,,,,False,False,BLOCK_REMOVED,wood_1
9886.006,True,False,ONE_FINGER,False,False,,,,,False,False,BLOCK_REMOVED,wood_1
9886.202,True,False,ONE_FINGER,False,False,,,,,False,False,BLOCK_REMOVED,wood_1
9886.409,True,False,ONE_FINGER,False,False,,,,,False,False,BLOCK_REMOVED,wood_1
9886.597,True,False,ONE_FINGER,False,False,,,,,False,False,BLOCK_REMOVED,wood_1
9886.806,True,False,ONE_FINGER,False,False,,,,,False,False,BLOCK_REMOVED,wood_1
9887.010,True,False,ONE_FINGER,False,False,,,,,False,False,BLOCK_REMOVED,wood_1
9887.214,True,False,ONE_FINGER,False,False,,,,,False,False,BLOCK_REMOVED,wood_1
9887.406,False,False,ONE_FINGER,False,False,,,,,False,False,BLOCK_REMOVED,wood_1
9887.509,False,False,ONE_FINGER,False,False,,,,,False,False,BLOCK_REMOVED,wood_1
9887.610,False,False,ONE_FINGER,False,False,,,,,False,False,BLOCK_REMOVED,wood_1
9887.802,False,False,ONE_FINGER,False,False,,,,,False,False,BLOCK_REMOVED,wood_1
9888.014,False,False,ONE_FINGER,False,False,,,,,False,False,BLOCK_REMOVED,wood_1
9888.214,False,False,ONE_FINGER,False,False,,,,,False,False,BLOCK_REMOVED,wood_1
9888.406,False,False,ONE_FINGER,False,False,,,,,False,False,BLOCK_REMOVED,wood_1
9888.515,False,False,ONE_FINGER,False,False,,,,,False,False,BLOCK_REMOVED,wood_1
9888.706,True,False,ONE_FINGER,False,False,,,,,False,False,BLOCK_REMOVED,wood_1
9888.806,False,False,ONE_FINGER,False,False,,,,,False,False,BLOCK_REMOVED,wood_1
9888.909,False,False,ONE_FINGER,False,False,,,,,False,False,BLOCK_REMOVED,wood_1
9889.098,False,False,ONE_FINGER,False,False,,,,,False,False,BLOCK_REMOVED,wood_1
9889.210,False,False,ONE_FINGER,False,False,,,,,False,False,BLOCK_REMOVED,wood_1
9889.406,False,False,ONE_FINGER,False,False,,,,,False,False,BLOCK_REMOVED,wood_1
9889.606,False,False,ONE_FINGER,False,False,,,,,False,False,BLOCK_REMOVED,wood_1
9889.706,False,False,ONE_FINGER,False,False,,,,,False,False,BLOCK_REMOVED,wood_1
9889.814,True,False,ONE_FINGER,False,False,,,,,False,False,BLOCK_REMOVED,wood_1
9889.914,True,False,ONE_FINGER,False,False,,,,,False,False,BLOCK_REMOVED,wood_1
9890.106,True,False,ONE_FINGER,False,False,,,,,False,False,BLOCK_REMOVED,wood_1
9890.298,True,False,ONE_FINGER,False,False,,,,,False,False,BLOCK_REMOVED,wood_1
9890.418,True,False,ONE_FINGER,False,False,,,,,False,False,BLOCK_REMOVED,wood_1
9890.610,True,False,ONE_FINGER,False,False,,,,,False,False,BLOCK_REMOVED,wood_1
9890.806,False,False,ONE_FINGER,False,False,,,,,False,False,BLOCK_REMOVED,wood_1
9890.907,False,False,ONE_FINGER,False,False,,,,,False,False,BLOCK_REMOVED,wood_1
9891.098,False,False,ONE_FINGER,False,False,,,,,False,False,BLOCK_REMOVED,wood_1
9891.211,False,False,ONE_FINGER,False,False,,,,,False,False,BLOCK_REMOVED,wood_1
9891.318,False,False,ONE_FINGER,False,False,,,,,False,False,BLOCK_REMOVED,wood_1
9891.498,False,False,ONE_FINGER,False,False,,,,,False,False,BLOCK_REMOVED,wood_1
9891.611,True,False,ONE_FINGER,True,True,0.96896,0.84293,968,875,False,True,BLOCK_REMOVED,wood_1
9891.715,False,True,ONE_FINGER,False,False,0.96896,0.84293,968,875,False,True,BLOCK_REMOVED,wood_1
9891.905,False,False,ONE_FINGER,False,False,,,,,False,False,BLOCK_REMOVED,wood_1
9892.006,False,False,ONE_FINGER,False,False,,,,,False,False,BLOCK_REMOVED,wood_1
9892.107,False,False,ONE_FINGER,False,False,,,,,False,False,BLOCK_REMOVED,wood_1
9892.294,False,False,ONE_FINGER,False,False,,,,,False,False,BLOCK_REMOVED,wood_1
9892.421,False,False,ONE_FINGER,False,False,,,,,False,False,BLOCK_REMOVED,wood_1
9892.606,False,False,ONE_FINGER,False,False,,,,,False,False,BLOCK_REMOVED,wood_1
9892.706,False,False,ONE_FINGER,False,False,,,,,False,False,BLOCK_REMOVED,wood_1
9892.811,False,False,ONE_FINGER,False,False,,,,,False,False,BLOCK_REMOVED,wood_1
9893.007,True,False,ONE_FINGER,True,True,0.41086,0.53383,410,753,False,True,BLOCK_REMOVED,wood_1
9893.207,True,False,ONE_FINGER,True,True,0.42246,0.56127,422,792,False,True,BLOCK_REMOVED,wood_1
9893.398,False,True,ONE_FINGER,False,False,0.43449,0.58458,434,825,False,True,BLOCK_REMOVED,wood_1
9893.611,False,False,ONE_FINGER,False,False,,,,,False,False,BLOCK_REMOVED,wood_1
9893.817,False,False,ONE_FINGER,False,False,,,,,False,False,BLOCK_REMOVED,wood_1
9894.011,False,False,ONE_FINGER,False,False,,,,,False,False,BLOCK_REMOVED,wood_1
9894.202,False,False,ONE_FINGER,False,False,,,,,False,False,BLOCK_REMOVED,wood_1
9894.419,True,False,ONE_FINGER,False,False,,,,,False,False,BLOCK_REMOVED,wood_1
9894.599,True,False,ONE_FINGER,False,False,,,,,False,False,BLOCK_REMOVED,wood_1
9894.809,True,False,ONE_FINGER,False,False,,,,,False,False,BLOCK_REMOVED,wood_1
9894.914,True,False,ONE_FINGER,True,False,0.90281,0.73540,902,875,False,True,BLOCK_REMOVED,wood_1
9895.098,True,False,ONE_FINGER,False,False,,,,,False,False,BLOCK_REMOVED,wood_1
9895.211,True,False,ONE_FINGER,False,False,,,,,False,False,BLOCK_REMOVED,wood_1
9895.398,False,False,ONE_FINGER,False,False,,,,,False,False,BLOCK_REMOVED,wood_1
9895.500,False,False,ONE_FINGER,False,False,,,,,False,False,BLOCK_REMOVED,wood_1
9895.619,False,False,ONE_FINGER,False,False,,,,,False,False,BLOCK_REMOVED,wood_1
9895.802,False,False,ONE_FINGER,False,False,,,,,False,False,BLOCK_REMOVED,wood_1
9896.010,False,False,ONE_FINGER,False,False,,,,,False,False,BLOCK_REMOVED,wood_1
9896.198,False,False,ONE_FINGER,False,False,,,,,False,False,BLOCK_REMOVED,wood_1
9896.306,False,False,ONE_FINGER,False,False,,,,,False,False,BLOCK_REMOVED,wood_1
9896.418,False,False,ONE_FINGER,False,False,,,,,False,False,BLOCK_REMOVED,wood_1
9896.603,False,False,ONE_FINGER,False,False,,,,,False,False,BLOCK_REMOVED,wood_1
9896.814,False,False,ONE_FINGER,False,False,,,,,False,False,BLOCK_REMOVED,wood_1
9897.003,False,False,ONE_FINGER,False,False,,,,,False,False,BLOCK_REMOVED,wood_1
9897.210,False,False,ONE_FINGER,False,False,,,,,False,False,BLOCK_REMOVED,wood_1
9897.403,False,False,ONE_FINGER,False,False,,,,,False,False,BLOCK_REMOVED,wood_1
9897.611,False,False,ONE_FINGER,False,False,,,,,False,False,BLOCK_REMOVED,wood_1
9897.806,False,False,ONE_FINGER,False,False,,,,,False,False,BLOCK_REMOVED,wood_1
9898.010,False,False,ONE_FINGER,False,False,,,,,False,False,BLOCK_REMOVED,wood_1
9898.198,False,False,ONE_FINGER,False,False,,,,,False,False,BLOCK_REMOVED,wood_1
9898.299,False,False,ONE_FINGER,False,False,,,,,False,False,BLOCK_REMOVED,wood_1
9898.411,False,False,ONE_FINGER,False,False,,,,,False,False,BLOCK_REMOVED,wood_1
9898.607,True,False,ONE_FINGER,True,True,0.89823,0.85429,898,875,False,True,BLOCK_REMOVED,wood_1
9898.811,True,False,ONE_FINGER,True,True,0.88654,0.80253,886,875,False,True,BLOCK_REMOVED,wood_1
9899.003,False,False,ONE_FINGER,False,False,,,,,False,False,BLOCK_REMOVED,wood_1
9899.227,False,False,ONE_FINGER,False,False,,,,,False,False,BLOCK_REMOVED,wood_1
9899.398,False,False,ONE_FINGER,False,False,,,,,False,False,BLOCK_REMOVED,wood_1
9899.610,False,False,ONE_FINGER,False,False,,,,,False,False,BLOCK_REMOVED,wood_1
9899.798,True,False,ONE_FINGER,False,False,,,,,False,False,BLOCK_REMOVED,wood_1
9899.902,True,False,ONE_FINGER,False,False,,,,,False,False,BLOCK_REMOVED,wood_1
9900.015,True,False,ONE_FINGER,False,False,,,,,False,False,BLOCK_REMOVED,wood_1
9900.203,True,False,ONE_FINGER,False,False,,,,,False,False,BLOCK_REMOVED,wood_1
9900.407,True,False,ONE_FINGER,False,False,,,,,False,False,BLOCK_REMOVED,wood_1
9900.602,True,False,ONE_FINGER,False,False,,,,,False,False,BLOCK_REMOVED,wood_1
9900.706,False,False,ONE_FINGER,False,False,,,,,False,False,BLOCK_REMOVED,wood_1
9900.807,False,False,ONE_FINGER,False,False,,,,,False,False,BLOCK_REMOVED,wood_1
9900.915,False,False,ONE_FINGER,False,False,,,,,False,False,BLOCK_REMOVED,wood_1
9901.099,False,False,ONE_FINGER,False,False,,,,,False,False,BLOCK_REMOVED,wood_1
9901.207,False,False,ONE_FINGER,False,False,,,,,False,False,BLOCK_REMOVED,wood_1
9901.402,False,False,ONE_FINGER,False,False,,,,,False,False,BLOCK_REMOVED,wood_1
9901.607,False,False,ONE_FINGER,False,False,,,,,False,False,BLOCK_REMOVED,wood_1
9901.707,False,False,ONE_FINGER,False,False,,,,,False,False,BLOCK_REMOVED,wood_1
9901.903,False,False,ONE_FINGER,False,False,,,,,False,False,BLOCK_REMOVED,wood_1
9902.019,False,False,ONE_FINGER,False,False,,,,,False,False,BLOCK_REMOVED,wood_1
9902.203,False,False,ONE_FINGER,False,False,,,,,False,False,BLOCK_REMOVED,wood_1
9902.407,False,False,ONE_FINGER,False,False,,,,,False,False,BLOCK_REMOVED,wood_1
9902.606,False,False,ONE_FINGER,False,False,,,,,False,False,BLOCK_REMOVED,wood_1
9902.811,False,False,ONE_FINGER,False,False,,,,,False,False,BLOCK_REMOVED,wood_1
9903.006,False,False,ONE_FINGER,False,False,,,,,False,False,BLOCK_REMOVED,wood_1
9903.207,False,False,ONE_FINGER,False,False,,,,,False,False,BLOCK_REMOVED,wood_1
9903.398,False,False,ONE_FINGER,False,False,,,,,False,False,BLOCK_REMOVED,wood_1
9903.499,False,False,ONE_FINGER,False,False,,,,,False,False,BLOCK_REMOVED,wood_1
9903.611,False,False,ONE_FINGER,False,False,,,,,False,False,BLOCK_REMOVED,wood_1
9903.806,False,False,ONE_FINGER,False,False,,,,,False,False,BLOCK_REMOVED,wood_1
9904.011,False,False,ONE_FINGER,False,False,,,,,False,False,BLOCK_REMOVED,wood_1
9904.198,False,False,ONE_FINGER,False,False,,,,,False,False,BLOCK_REMOVED,wood_1
9904.299,False,False,ONE_FINGER,False,False,,,,,False,False,BLOCK_REMOVED,wood_1
9904.411,False,False,ONE_FINGER,False,False,,,,,False,False,BLOCK_REMOVED,wood_1
9904.606,True,False,ONE_FINGER,False,False,,,,,False,False,BLOCK_REMOVED,wood_1
9904.807,True,False,ONE_FINGER,False,False,,,,,False,False,BLOCK_REMOVED,wood_1
9904.998,True,False,ONE_FINGER,False,False,,,,,False,False,BLOCK_REMOVED,wood_1
9905.103,True,False,ONE_FINGER,False,False,,,,,False,False,BLOCK_REMOVED,wood_1
9905.207,True,False,ONE_FINGER,False,False,,,,,False,False,BLOCK_REMOVED,wood_1
9905.311,True,False,ONE_FINGER,False,False,,,,,False,False,BLOCK_REMOVED,wood_1
9905.411,True,False,ONE_FINGER,False,False,,,,,False,False,BLOCK_REMOVED,wood_1
9905.610,True,False,ONE_FINGER,False,False,,,,,False,False,BLOCK_REMOVED,wood_1
9905.806,True,False,ONE_FINGER,False,False,,,,,False,False,BLOCK_REMOVED,wood_1
9906.006,True,False,ONE_FINGER,False,False,,,,,False,False,BLOCK_REMOVED,wood_1
9906.203,True,False,ONE_FINGER,False,False,,,,,False,False,BLOCK_REMOVED,wood_1
9906.410,True,False,ONE_FINGER,False,False,,,,,False,False,BLOCK_REMOVED,wood_1
9906.598,True,False,ONE_FINGER,False,False,,,,,False,False,BLOCK_REMOVED,wood_1
9906.699,True,False,ONE_FINGER,False,False,,,,,False,False,BLOCK_REMOVED,wood_1
9906.807,True,False,ONE_FINGER,False,False,,,,,False,False,BLOCK_REMOVED,wood_1
9906.914,True,False,ONE_FINGER,False,False,,,,,False,False,BLOCK_REMOVED,wood_1
9907.095,True,False,ONE_FINGER,False,False,,,,,False,False,BLOCK_REMOVED,wood_1
9907.207,True,False,ONE_FINGER,False,False,,,,,False,False,BLOCK_REMOVED,wood_1
9907.398,True,False,ONE_FINGER,False,False,,,,,False,False,BLOCK_REMOVED,wood_1
9907.607,True,False,ONE_FINGER,True,False,0.52085,0.57754,520,815,False,True,BLOCK_REMOVED,wood_1
9907.799,True,False,ONE_FINGER,True,False,0.50371,0.61914,503,873,False,True,BLOCK_REMOVED,wood_1
9908.007,True,False,ONE_FINGER,False,False,,,,,False,False,BLOCK_REMOVED,wood_1
9908.199,False,False,ONE_FINGER,False,False,,,,,False,False,BLOCK_REMOVED,wood_1
9908.299,False,False,ONE_FINGER,False,False,,,,,False,False,BLOCK_REMOVED,wood_1
9908.407,False,False,ONE_FINGER,False,False,,,,,False,False,BLOCK_REMOVED,wood_1
9908.507,False,False,ONE_FINGER,False,False,,,,,False,False,BLOCK_REMOVED,wood_1
9908.612,False,False,ONE_FINGER,False,False,,,,,False,False,BLOCK_REMOVED,wood_1
9908.807,False,False,ONE_FINGER,False,False,,,,,False,False,BLOCK_REMOVED,wood_1
9909.011,False,False,ONE_FINGER,False,False,,,,,False,False,BLOCK_REMOVED,wood_1
9909.211,False,False,ONE_FINGER,False,False,,,,,False,False,BLOCK_REMOVED,wood_1
9909.403,False,False,ONE_FINGER,False,False,,,,,False,False,BLOCK_REMOVED,wood_1
9909.612,False,False,ONE_FINGER,False,False,,,,,False,False,BLOCK_REMOVED,wood_1
9909.712,False,False,ONE_FINGER,False,False,,,,,False,False,BLOCK_REMOVED,wood_1
9909.899,False,False,ONE_FINGER,False,False,,,,,False,False,BLOCK_REMOVED,wood_1
9910.011,False,False,ONE_FINGER,False,False,,,,,False,False,BLOCK_REMOVED,wood_1
9910.211,False,False,ONE_FINGER,False,False,,,,,False,False,BLOCK_REMOVED,wood_1
9910.411,False,False,ONE_FINGER,False,False,,,,,False,False,BLOCK_REMOVED,wood_1
9910.603,False,False,ONE_FINGER,False,False,,,,,False,False,BLOCK_REMOVED,wood_1
9910.810,False,False,ONE_FINGER,False,False,,,,,False,False,BLOCK_REMOVED,wood_1
9910.915,False,False,ONE_FINGER,False,False,,,,,False,False,BLOCK_REMOVED,wood_1
9911.098,False,False,ONE_FINGER,False,False,,,,,False,False,BLOCK_REMOVED,wood_1
9911.215,False,False,ONE_FINGER,False,False,,,,,False,False,BLOCK_REMOVED,wood_1
9911.399,False,False,ONE_FINGER,False,False,,,,,False,False,BLOCK_REMOVED,wood_1
9911.499,False,False,ONE_FINGER,False,False,,,,,False,False,BLOCK_REMOVED,wood_1
9911.607,False,False,ONE_FINGER,False,False,,,,,False,False,BLOCK_REMOVED,wood_1
9911.803,False,False,ONE_FINGER,False,False,,,,,False,False,BLOCK_REMOVED,wood_1
9912.015,False,False,ONE_FINGER,False,False,,,,,False,False,BLOCK_REMOVED,wood_1
9912.201,False,False,ONE_FINGER,False,False,,,,,False,False,BLOCK_REMOVED,wood_1
9912.407,False,False,ONE_FINGER,False,False,,,,,False,False,BLOCK_REMOVED,wood_1
9912.507,False,False,ONE_FINGER,False,False,,,,,False,False,BLOCK_REMOVED,wood_1
9912.699,False,False,ONE_FINGER,False,False,,,,,False,False,BLOCK_REMOVED,wood_1
9912.807,False,False,ONE_FINGER,False,False,,,,,False,False,BLOCK_REMOVED,wood_1
9912.914,False,False,ONE_FINGER,False,False,,,,,False,False,BLOCK_REMOVED,wood_1
9913.103,True,False,ONE_FINGER,False,False,,,,,False,False,BLOCK_REMOVED,wood_1
9913.207,True,False,ONE_FINGER,False,False,,,,,False,False,BLOCK_REMOVED,wood_1
9913.399,True,False,ONE_FINGER,False,False,,,,,False,False,BLOCK_REMOVED,wood_1
9913.607,True,False,ONE_FINGER,False,False,,,,,False,False,BLOCK_REMOVED,wood_1
9913.798,False,False,ONE_FINGER,False,False,,,,,False,False,BLOCK_REMOVED,wood_1
9913.899,False,False,ONE_FINGER,False,False,,,,,False,False,BLOCK_REMOVED,wood_1
9914.013,False,False,ONE_FINGER,False,False,,,,,False,False,BLOCK_REMOVED,wood_1
9914.203,False,False,ONE_FINGER,False,False,,,,,False,False,BLOCK_REMOVED,wood_1
9914.411,False,False,ONE_FINGER,False,False,,,,,False,False,BLOCK_REMOVED,wood_1
9914.608,False,False,ONE_FINGER,False,False,,,,,False,False,BLOCK_REMOVED,wood_1
9914.811,False,False,ONE_FINGER,False,False,,,,,False,False,BLOCK_REMOVED,wood_1
9915.003,False,False,ONE_FINGER,False,False,,,,,False,False,BLOCK_REMOVED,wood_1
9915.103,False,False,ONE_FINGER,False,False,,,,,False,False,BLOCK_REMOVED,wood_1
9915.211,False,False,ONE_FINGER,False,False,,,,,False,False,BLOCK_REMOVED,wood_1
9915.399,False,False,ONE_FINGER,False,False,,,,,False,False,BLOCK_REMOVED,wood_1
9915.499,False,False,ONE_FINGER,False,False,,,,,False,False,BLOCK_REMOVED,wood_1
9915.611,False,False,ONE_FINGER,False,False,,,,,False,False,BLOCK_REMOVED,wood_1
9915.803,False,False,ONE_FINGER,False,False,,,,,False,False,BLOCK_REMOVED,wood_1
9915.907,False,False,ONE_FINGER,False,False,,,,,False,False,BLOCK_REMOVED,wood_1
9916.007,False,False,ONE_FINGER,False,False,,,,,False,False,BLOCK_REMOVED,wood_1
9916.203,False,False,ONE_FINGER,False,False,,,,,False,False,BLOCK_REMOVED,wood_1
9916.411,False,False,ONE_FINGER,False,False,,,,,False,False,BLOCK_REMOVED,wood_1
9916.611,False,False,ONE_FINGER,False,False,,,,,False,False,BLOCK_REMOVED,wood_1
9916.811,False,False,ONE_FINGER,False,False,,,,,False,False,BLOCK_REMOVED,wood_1
9917.013,False,False,ONE_FINGER,False,False,,,,,False,False,BLOCK_REMOVED,wood_1
9917.211,False,False,ONE_FINGER,False,False,,,,,False,False,BLOCK_REMOVED,wood_1
9917.316,False,False,ONE_FINGER,False,False,,,,,False,False,BLOCK_REMOVED,wood_1
9917.502,False,False,ONE_FINGER,False,False,,,,,False,False,BLOCK_REMOVED,wood_1
9917.611,False,False,ONE_FINGER,False,False,,,,,False,False,BLOCK_REMOVED,wood_1
9917.803,False,False,ONE_FINGER,False,False,,,,,False,False,BLOCK_REMOVED,wood_1
9918.007,False,False,ONE_FINGER,False,False,,,,,False,False,BLOCK_REMOVED,wood_1
9918.202,False,False,ONE_FINGER,False,False,,,,,False,False,BLOCK_REMOVED,wood_1
9918.310,False,False,ONE_FINGER,False,False,,,,,False,False,BLOCK_REMOVED,wood_1
9918.411,False,False,ONE_FINGER,False,False,,,,,False,False,BLOCK_REMOVED,wood_1
9918.603,False,False,ONE_FINGER,False,False,,,,,False,False,BLOCK_REMOVED,wood_1
9918.703,False,False,ONE_FINGER,False,False,,,,,False,False,BLOCK_REMOVED,wood_1
9918.811,False,False,ONE_FINGER,False,False,,,,,False,False,BLOCK_REMOVED,wood_1
9919.000,False,False,ONE_FINGER,False,False,,,,,False,False,BLOCK_REMOVED,wood_1
9919.211,False,False,ONE_FINGER,False,False,,,,,False,False,BLOCK_REMOVED,wood_1
9919.404,False,False,ONE_FINGER,False,False,,,,,False,False,BLOCK_REMOVED,wood_1
9919.608,False,False,ONE_FINGER,False,False,,,,,False,False,BLOCK_REMOVED,wood_1
9919.798,False,False,ONE_FINGER,False,False,,,,,False,False,BLOCK_REMOVED,wood_1
9919.899,False,False,ONE_FINGER,False,False,,,,,False,False,BLOCK_REMOVED,wood_1
9920.008,False,False,ONE_FINGER,False,False,,,,,False,False,BLOCK_REMOVED,wood_1
9920.199,False,False,ONE_FINGER,False,False,,,,,False,False,BLOCK_REMOVED,wood_1
9920.415,False,False,ONE_FINGER,False,False,,,,,False,False,BLOCK_REMOVED,wood_1
9920.607,False,False,ONE_FINGER,False,False,,,,,False,False,BLOCK_REMOVED,wood_1
9920.827,False,False,ONE_FINGER,False,False,,,,,False,False,BLOCK_REMOVED,wood_1
9920.998,False,False,ONE_FINGER,False,False,,,,,False,False,BLOCK_REMOVED,wood_1
9921.103,False,False,ONE_FINGER,False,False,,,,,False,False,BLOCK_REMOVED,wood_1
9921.223,False,False,ONE_FINGER,False,False,,,,,False,False,BLOCK_REMOVED,wood_1
9921.399,False,False,ONE_FINGER,False,False,,,,,False,False,BLOCK_REMOVED,wood_1
9921.620,False,False,ONE_FINGER,False,False,,,,,False,False,BLOCK_REMOVED,wood_1
9921.815,False,False,ONE_FINGER,False,False,,,,,False,False,BLOCK_REMOVED,wood_1
9922.023,False,False,ONE_FINGER,False,False,,,,,False,False,BLOCK_REMOVED,wood_1
9922.219,False,False,ONE_FINGER,False,False,,,,,False,False,BLOCK_REMOVED,wood_1
9922.415,False,False,ONE_FINGER,False,False,,,,,False,False,BLOCK_REMOVED,wood_1
9922.611,False,False,ONE_FINGER,False,False,,,,,False,False,BLOCK_REMOVED,wood_1
9922.815,False,False,ONE_FINGER,False,False,,,,,False,False,BLOCK_REMOVED,wood_1
9922.919,False,False,ONE_FINGER,False,False,,,,,False,False,BLOCK_REMOVED,wood_1
9923.108,False,False,ONE_FINGER,False,False,,,,,False,False,BLOCK_REMOVED,wood_1
9923.228,False,False,ONE_FINGER,False,False,,,,,False,False,BLOCK_REMOVED,wood_1
9923.407,False,False,ONE_FINGER,False,False,,,,,False,False,BLOCK_REMOVED,wood_1
9923.608,False,False,ONE_FINGER,False,False,,,,,False,False,BLOCK_REMOVED,wood_1
9923.807,False,False,ONE_FINGER,False,False,,,,,False,False,BLOCK_REMOVED,wood_1
9924.023,False,False,ONE_FINGER,False,False,,,,,False,False,BLOCK_REMOVED,wood_1
9924.203,False,False,ONE_FINGER,False,False,,,,,False,False,BLOCK_REMOVED,wood_1
9924.307,False,False,ONE_FINGER,False,False,,,,,False,False,BLOCK_REMOVED,wood_1
9924.419,False,False,ONE_FINGER,False,False,,,,,False,False,BLOCK_REMOVED,wood_1
9924.608,False,False,ONE_FINGER,False,False,,,,,False,False,BLOCK_REMOVED,wood_1
9924.815,False,False,ONE_FINGER,False,False,,,,,False,False,BLOCK_REMOVED,wood_1
9925.019,False,False,ONE_FINGER,False,False,,,,,False,False,BLOCK_REMOVED,wood_1
9925.223,False,False,ONE_FINGER,False,False,,,,,False,False,BLOCK_REMOVED,wood_1
9925.404,False,False,ONE_FINGER,False,False,,,,,False,False,BLOCK_REMOVED,wood_1
9925.619,False,False,ONE_FINGER,False,False,,,,,False,False,BLOCK_REMOVED,wood_1
9925.807,False,False,ONE_FINGER,False,False,,,,,False,False,BLOCK_REMOVED,wood_1
9926.019,False,False,ONE_FINGER,False,False,,,,,False,False,BLOCK_REMOVED,wood_1
9926.203,False,False,ONE_FINGER,False,False,,,,,False,False,BLOCK_REMOVED,wood_1
9926.416,False,False,ONE_FINGER,False,False,,,,,False,False,BLOCK_REMOVED,wood_1
9926.603,False,False,ONE_FINGER,False,False,,,,,False,False,BLOCK_REMOVED,wood_1
9926.703,False,False,ONE_FINGER,False,False,,,,,False,False,BLOCK_REMOVED,wood_1
9926.811,False,False,ONE_FINGER,False,False,,,,,False,False,BLOCK_REMOVED,wood_1
9927.008,False,False,ONE_FINGER,False,False,,,,,False,False,BLOCK_REMOVED,wood_1
9927.208,False,False,ONE_FINGER,False,False,,,,,False,False,BLOCK_REMOVED,wood_1
9927.403,False,False,ONE_FINGER,False,False,,,,,False,False,BLOCK_REMOVED,wood_1
9927.616,False,False,ONE_FINGER,False,False,,,,,False,False,BLOCK_REMOVED,wood_1
9927.716,False,False,ONE_FINGER,False,False,,,,,False,False,BLOCK_REMOVED,wood_1
9927.899,False,False,ONE_FINGER,False,False,,,,,False,False,BLOCK_REMOVED,wood_1
9928.012,False,False,ONE_FINGER,False,False,,,,,False,False,BLOCK_REMOVED,wood_1
9928.207,False,False,ONE_FINGER,False,False,,,,,False,False,BLOCK_REMOVED,wood_1
9928.311,False,False,ONE_FINGER,False,False,,,,,False,False,BLOCK_REMOVED,wood_1
9928.508,False,False,ONE_FINGER,False,False,,,,,False,False,BLOCK_REMOVED,wood_1
9928.703,False,False,ONE_FINGER,False,False,,,,,False,False,BLOCK_REMOVED,wood_1
9928.815,False,False,ONE_FINGER,False,False,,,,,False,False,BLOCK_REMOVED,wood_1
9929.004,False,False,ONE_FINGER,False,False,,,,,False,False,BLOCK_REMOVED,wood_1
9929.215,False,False,ONE_FINGER,False,False,,,,,False,False,BLOCK_REMOVED,wood_1
9929.411,False,False,ONE_FINGER,False,False,,,,,False,False,BLOCK_REMOVED,wood_1
9929.607,False,False,ONE_FINGER,False,False,,,,,False,False,BLOCK_REMOVED,wood_1
9929.707,False,False,ONE_FINGER,False,False,,,,,False,False,BLOCK_REMOVED,wood_1
9929.811,False,False,ONE_FINGER,False,False,,,,,False,False,BLOCK_REMOVED,wood_1
9930.015,False,False,ONE_FINGER,False,False,,,,,False,False,BLOCK_REMOVED,wood_1
9930.115,False,False,ONE_FINGER,False,False,,,,,False,False,BLOCK_REMOVED,wood_1
9930.304,False,False,ONE_FINGER,False,False,,,,,False,False,BLOCK_REMOVED,wood_1
9930.413,False,False,ONE_FINGER,False,False,,,,,False,False,BLOCK_REMOVED,wood_1
9930.612,False,False,ONE_FINGER,False,False,,,,,False,False,BLOCK_REMOVED,wood_1
9930.812,False,False,ONE_FINGER,False,False,,,,,False,False,BLOCK_REMOVED,wood_1
9931.015,False,False,ONE_FINGER,False,False,,,,,False,False,BLOCK_REMOVED,wood_1
9931.212,True,False,ONE_FINGER,False,True,,,,,False,False,BLOCK_REMOVED,wood_1
9931.404,False,False,ONE_FINGER,False,False,,,,,False,False,BLOCK_REMOVED,wood_1
9931.620,False,False,ONE_FINGER,False,False,,,,,False,False,BLOCK_REMOVED,wood_1
9931.807,False,False,ONE_FINGER,False,False,,,,,False,False,BLOCK_REMOVED,wood_1
9932.007,False,False,ONE_FINGER,False,False,,,,,False,False,BLOCK_REMOVED,wood_1
9932.203,False,False,ONE_FINGER,False,False,,,,,False,False,BLOCK_REMOVED,wood_1
9932.412,False,False,ONE_FINGER,False,False,,,,,False,False,BLOCK_REMOVED,wood_1
9932.512,False,False,ONE_FINGER,False,False,,,,,False,False,BLOCK_REMOVED,wood_1
9932.616,False,False,ONE_FINGER,False,False,,,,,False,False,BLOCK_REMOVED,wood_1
9932.825,False,False,ONE_FINGER,False,False,,,,,False,False,BLOCK_REMOVED,wood_1
9933.007,False,False,ONE_FINGER,False,False,,,,,False,False,BLOCK_REMOVED,wood_1
9933.215,False,False,ONE_FINGER,False,False,,,,,False,False,BLOCK_REMOVED,wood_1
9933.411,False,False,ONE_FINGER,False,False,,,,,False,False,BLOCK_REMOVED,wood_1
9933.511,False,False,ONE_FINGER,False,False,,,,,False,False,BLOCK_REMOVED,wood_1
9933.628,False,False,ONE_FINGER,False,False,,,,,False,False,BLOCK_REMOVED,wood_1
9933.806,False,False,ONE_FINGER,False,False,,,,,False,False,BLOCK_REMOVED,wood_1
9933.908,True,False,ONE_FINGER,False,False,,,,,False,False,BLOCK_REMOVED,wood_1
9934.013,True,False,ONE_FINGER,False,False,,,,,False,False,BLOCK_REMOVED,wood_1
9934.212,True,False,ONE_FINGER,False,False,,,,,False,False,BLOCK_REMOVED,wood_1
9934.411,True,False,ONE_FINGER,False,False,,,,,False,False,BLOCK_REMOVED,wood_1
9934.603,True,False,ONE_FINGER,False,False,,,,,False,False,BLOCK_REMOVED,wood_1
9934.811,True,False,ONE_FINGER,False,False,,,,,False,False,BLOCK_REMOVED,wood_1
9934.999,True,False,ONE_FINGER,False,False,,,,,False,False,BLOCK_REMOVED,wood_1
9935.212,True,False,ONE_FINGER,False,False,,,,,False,False,BLOCK_REMOVED,wood_1
9935.408,False,False,ONE_FINGER,False,False,,,,,False,False,BLOCK_REMOVED,wood_1
9935.615,True,False,ONE_FINGER,True,True,0.75273,0.67716,752,875,False,True,BLOCK_REMOVED,wood_1
9935.803,False,True,ONE_FINGER,False,False,0.72466,0.69080,724,875,False,True,BLOCK_REMOVED,wood_1
9936.016,False,False,ONE_FINGER,False,False,,,,,False,False,BLOCK_REMOVED,wood_1
9936.203,False,False,ONE_FINGER,False,False,,,,,False,False,BLOCK_REMOVED,wood_1
9936.304,False,False,ONE_FINGER,False,False,,,,,False,False,BLOCK_REMOVED,wood_1
9936.411,False,False,ONE_FINGER,False,False,,,,,False,False,BLOCK_REMOVED,wood_1
9936.603,False,False,ONE_FINGER,False,False,,,,,False,False,BLOCK_REMOVED,wood_1
9936.708,False,False,ONE_FINGER,False,False,,,,,False,False,BLOCK_REMOVED,wood_1
9936.811,False,False,ONE_FINGER,False,False,,,,,False,False,BLOCK_REMOVED,wood_1
9937.000,False,False,ONE_FINGER,False,False,,,,,False,False,BLOCK_REMOVED,wood_1
9937.103,False,False,ONE_FINGER,False,False,,,,,False,False,BLOCK_REMOVED,wood_1
9937.217,False,False,ONE_FINGER,False,False,,,,,False,False,BLOCK_REMOVED,wood_1
9937.405,False,False,ONE_FINGER,False,False,,,,,False,False,BLOCK_REMOVED,wood_1
9937.607,False,False,ONE_FINGER,False,False,,,,,False,False,BLOCK_REMOVED,wood_1
9937.716,False,False,ONE_FINGER,False,False,,,,,False,False,BLOCK_REMOVED,wood_1
9937.908,False,False,ONE_FINGER,False,False,,,,,False,False,BLOCK_REMOVED,wood_1
9938.116,False,False,ONE_FINGER,False,False,,,,,False,False,BLOCK_REMOVED,wood_1
9938.299,False,False,ONE_FINGER,False,False,,,,,False,False,BLOCK_REMOVED,wood_1
9938.411,False,False,ONE_FINGER,False,False,,,,,False,False,BLOCK_REMOVED,wood_1
9938.604,False,False,ONE_FINGER,False,False,,,,,False,False,BLOCK_REMOVED,wood_1
9938.807,False,False,ONE_FINGER,False,False,,,,,False,False,BLOCK_REMOVED,wood_1
9939.012,False,False,ONE_FINGER,False,False,,,,,False,False,BLOCK_REMOVED,wood_1
9939.211,False,False,ONE_FINGER,False,False,,,,,False,False,BLOCK_REMOVED,wood_1
9939.411,True,False,ONE_FINGER,True,True,0.67889,0.79428,678,875,False,True,BLOCK_REMOVED,wood_1
9939.608,True,False,ONE_FINGER,True,True,0.68745,0.79305,687,875,False,True,BLOCK_REMOVED,wood_1
9939.799,True,False,ONE_FINGER,True,True,0.70615,0.77928,706,875,False,True,BLOCK_REMOVED,wood_1
9940.008,True,False,ONE_FINGER,True,True,0.70082,0.77260,700,875,False,True,BLOCK_REMOVED,wood_1
9940.199,True,False,ONE_FINGER,True,True,0.73996,0.80377,739,875,False,True,BLOCK_REMOVED,wood_1
9940.300,True,False,ONE_FINGER,True,True,0.79505,0.80411,795,875,False,True,BLOCK_REMOVED,wood_1
9940.407,True,False,ONE_FINGER,True,True,0.83045,0.81254,830,875,False,True,BLOCK_REMOVED,wood_1
9940.603,True,False,ONE_FINGER,True,True,0.89762,0.86446,897,875,False,True,BLOCK_REMOVED,wood_1
9940.816,False,True,ONE_FINGER,False,False,0.88921,0.86687,889,875,False,True,BLOCK_REMOVED,wood_1
9941.007,False,False,ONE_FINGER,False,False,,,,,False,False,BLOCK_REMOVED,wood_1
9941.208,False,False,ONE_FINGER,False,False,,,,,False,False,BLOCK_REMOVED,wood_1
9941.325,False,False,ONE_FINGER,False,False,,,,,False,False,BLOCK_REMOVED,wood_1
9941.504,False,False,ONE_FINGER,False,False,,,,,False,False,BLOCK_REMOVED,wood_1
9941.616,False,False,ONE_FINGER,False,False,,,,,False,False,BLOCK_REMOVED,wood_1
9941.807,False,False,ONE_FINGER,False,False,,,,,False,False,BLOCK_REMOVED,wood_1
9941.916,False,False,ONE_FINGER,False,False,,,,,False,False,BLOCK_REMOVED,wood_1
9942.016,False,False,ONE_FINGER,False,False,,,,,False,False,BLOCK_REMOVED,wood_1
9942.208,False,False,ONE_FINGER,False,False,,,,,False,False,BLOCK_REMOVED,wood_1
9942.312,False,False,ONE_FINGER,False,False,,,,,False,False,BLOCK_REMOVED,wood_1
9942.416,False,False,ONE_FINGER,False,False,,,,,False,False,BLOCK_REMOVED,wood_1
9942.524,False,False,ONE_FINGER,False,False,,,,,False,False,BLOCK_REMOVED,wood_1
9942.704,False,False,ONE_FINGER,False,False,,,,,False,False,BLOCK_REMOVED,wood_1
9942.820,False,False,ONE_FINGER,False,False,,,,,False,False,BLOCK_REMOVED,wood_1
9943.008,False,False,ONE_FINGER,False,False,,,,,False,False,BLOCK_REMOVED,wood_1
9943.208,False,False,ONE_FINGER,False,False,,,,,False,False,BLOCK_REMOVED,wood_1
9943.320,False,False,ONE_FINGER,False,False,,,,,False,False,BLOCK_REMOVED,wood_1
9943.512,False,False,ONE_FINGER,False,False,,,,,False,False,BLOCK_REMOVED,wood_1
9943.620,False,False,ONE_FINGER,False,False,,,,,False,False,BLOCK_REMOVED,wood_1
9943.808,False,False,ONE_FINGER,False,False,,,,,False,False,BLOCK_REMOVED,wood_1
9944.016,False,False,ONE_FINGER,False,False,,,,,False,False,BLOCK_REMOVED,wood_1
9944.208,False,False,ONE_FINGER,False,False,,,,,False,False,BLOCK_REMOVED,wood_1
9944.416,False,False,ONE_FINGER,False,False,,,,,False,False,BLOCK_REMOVED,wood_1
9944.603,False,False,ONE_FINGER,False,False,,,,,False,False,BLOCK_REMOVED,wood_1
9944.816,False,False,ONE_FINGER,False,False,,,,,False,False,BLOCK_REMOVED,wood_1
9945.008,False,False,ONE_FINGER,False,False,,,,,False,False,BLOCK_REMOVED,wood_1
9945.212,False,False,ONE_FINGER,False,False,,,,,False,False,BLOCK_REMOVED,wood_1
9945.405,False,False,ONE_FINGER,False,False,,,,,False,False,BLOCK_REMOVED,wood_1
9945.609,False,False,ONE_FINGER,False,False,,,,,False,False,BLOCK_REMOVED,wood_1
9945.812,False,False,ONE_FINGER,False,False,,,,,False,False,BLOCK_REMOVED,wood_1
9946.008,False,False,ONE_FINGER,False,False,,,,,False,False,BLOCK_REMOVED,wood_1
9946.112,False,False,ONE_FINGER,False,False,,,,,False,False,BLOCK_REMOVED,wood_1
9946.304,False,False,ONE_FINGER,False,False,,,,,False,False,BLOCK_REMOVED,wood_1
9946.412,False,False,ONE_FINGER,False,False,,,,,False,False,BLOCK_REMOVED,wood_1
9946.516,False,False,ONE_FINGER,False,False,,,,,False,False,BLOCK_REMOVED,wood_1
9946.703,False,False,ONE_FINGER,False,False,,,,,False,False,BLOCK_REMOVED,wood_1
9946.816,False,False,ONE_FINGER,False,False,,,,,False,False,BLOCK_REMOVED,wood_1
9947.000,False,False,ONE_FINGER,False,False,,,,,False,False,BLOCK_REMOVED,wood_1
9947.104,False,False,ONE_FINGER,False,False,,,,,False,False,BLOCK_REMOVED,wood_1
9947.213,False,False,ONE_FINGER,False,False,,,,,False,False,BLOCK_REMOVED,wood_1
9947.412,False,False,ONE_FINGER,False,False,,,,,False,False,BLOCK_REMOVED,wood_1
9947.620,False,False,ONE_FINGER,False,False,,,,,False,False,BLOCK_REMOVED,wood_1
9947.808,False,False,ONE_FINGER,False,False,,,,,False,False,BLOCK_REMOVED,wood_1
9948.009,False,False,ONE_FINGER,False,False,,,,,False,False,BLOCK_REMOVED,wood_1
9948.208,False,False,ONE_FINGER,False,False,,,,,False,False,BLOCK_REMOVED,wood_1
9948.420,False,False,ONE_FINGER,False,False,,,,,False,False,BLOCK_REMOVED,wood_1
9948.603,False,False,ONE_FINGER,False,False,,,,,False,False,BLOCK_REMOVED,wood_1
9948.708,False,False,ONE_FINGER,False,False,,,,,False,False,BLOCK_REMOVED,wood_1
9948.809,False,False,ONE_FINGER,False,False,,,,,False,False,BLOCK_REMOVED,wood_1
9949.000,False,False,ONE_FINGER,False,False,,,,,False,False,BLOCK_REMOVED,wood_1
9949.212,False,False,ONE_FINGER,False,False,,,,,False,False,BLOCK_REMOVED,wood_1
9949.405,False,False,ONE_FINGER,False,False,,,,,False,False,BLOCK_REMOVED,wood_1
9949.508,False,False,ONE_FINGER,False,False,,,,,False,False,BLOCK_REMOVED,wood_1
9949.703,False,False,ONE_FINGER,False,False,,,,,False,False,BLOCK_REMOVED,wood_1
9949.804,False,False,ONE_FINGER,False,False,,,,,False,False,BLOCK_REMOVED,wood_1
9950.012,False,False,ONE_FINGER,False,False,,,,,False,False,BLOCK_REMOVED,wood_1
9950.203,False,False,ONE_FINGER,False,False,,,,,False,False,BLOCK_REMOVED,wood_1
9950.412,False,False,ONE_FINGER,False,False,,,,,False,False,BLOCK_REMOVED,wood_1
9950.604,False,False,ONE_FINGER,False,False,,,,,False,False,BLOCK_REMOVED,wood_1
9950.812,False,False,ONE_FINGER,False,False,,,,,False,False,BLOCK_REMOVED,wood_1
9951.004,False,False,ONE_FINGER,False,False,,,,,False,False,BLOCK_REMOVED,wood_1
9951.109,False,False,ONE_FINGER,False,False,,,,,False,False,BLOCK_REMOVED,wood_1
9951.312,False,False,ONE_FINGER,False,False,,,,,False,False,BLOCK_REMOVED,wood_1
9951.500,False,False,ONE_FINGER,False,False,,,,,False,False,BLOCK_REMOVED,wood_1
9951.621,False,False,ONE_FINGER,False,False,,,,,False,False,BLOCK_REMOVED,wood_1
9951.804,False,False,ONE_FINGER,False,False,,,,,False,False,BLOCK_REMOVED,wood_1
9951.908,False,False,ONE_FINGER,False,False,,,,,False,False,BLOCK_REMOVED,wood_1
9952.024,False,False,ONE_FINGER,False,False,,,,,False,False,BLOCK_REMOVED,wood_1
9952.209,False,False,ONE_FINGER,False,False,,,,,False,False,BLOCK_REMOVED,wood_1
9952.417,False,False,ONE_FINGER,False,False,,,,,False,False,BLOCK_REMOVED,wood_1
9952.609,False,False,ONE_FINGER,False,False,,,,,False,False,BLOCK_REMOVED,wood_1
9952.713,False,False,ONE_FINGER,False,False,,,,,False,False,BLOCK_REMOVED,wood_1
9952.817,False,False,ONE_FINGER,False,False,,,,,False,False,BLOCK_REMOVED,wood_1
9952.921,False,False,ONE_FINGER,False,False,,,,,False,False,BLOCK_REMOVED,wood_1
9953.105,False,False,ONE_FINGER,False,False,,,,,False,False,BLOCK_REMOVED,wood_1
9953.217,False,False,ONE_FINGER,False,False,,,,,False,False,BLOCK_REMOVED,wood_1
9953.400,False,False,ONE_FINGER,False,False,,,,,False,False,BLOCK_REMOVED,wood_1
9953.504,False,False,ONE_FINGER,False,False,,,,,False,False,BLOCK_REMOVED,wood_1
9953.613,False,False,ONE_FINGER,False,False,,,,,False,False,BLOCK_REMOVED,wood_1
9953.717,False,False,ONE_FINGER,False,False,,,,,False,False,BLOCK_REMOVED,wood_1
9953.900,False,False,ONE_FINGER,False,False,,,,,False,False,BLOCK_REMOVED,wood_1
9954.009,False,False,ONE_FINGER,False,False,,,,,False,False,BLOCK_REMOVED,wood_1
9954.208,False,False,ONE_FINGER,False,False,,,,,False,False,BLOCK_REMOVED,wood_1
9954.421,False,False,ONE_FINGER,False,False,,,,,False,False,BLOCK_REMOVED,wood_1
9954.609,False,False,ONE_FINGER,False,False,,,,,False,False,BLOCK_REMOVED,wood_1
9954.813,False,False,ONE_FINGER,False,False,,,,,False,False,BLOCK_REMOVED,wood_1
9955.004,False,False,ONE_FINGER,False,False,,,,,False,False,BLOCK_REMOVED,wood_1
9955.105,False,False,ONE_FINGER,False,False,,,,,False,False,BLOCK_REMOVED,wood_1
9955.212,False,False,ONE_FINGER,False,False,,,,,False,False,BLOCK_REMOVED,wood_1
9955.313,False,False,ONE_FINGER,False,False,,,,,False,False,BLOCK_REMOVED,wood_1
9955.496,False,False,ONE_FINGER,False,False,,,,,False,False,BLOCK_REMOVED,wood_1
9955.621,False,False,ONE_FINGER,False,False,,,,,False,False,BLOCK_REMOVED,wood_1
9955.801,False,False,ONE_FINGER,False,False,,,,,False,False,BLOCK_REMOVED,wood_1
9956.012,False,False,ONE_FINGER,False,False,,,,,False,False,BLOCK_REMOVED,wood_1
9956.204,False,False,ONE_FINGER,False,False,,,,,False,False,BLOCK_REMOVED,wood_1
9956.308,False,False,ONE_FINGER,False,False,,,,,False,False,BLOCK_REMOVED,wood_1
9956.412,False,False,ONE_FINGER,False,False,,,,,False,False,BLOCK_REMOVED,wood_1
9956.620,False,False,ONE_FINGER,False,False,,,,,False,False,BLOCK_REMOVED,wood_1
9956.817,False,False,ONE_FINGER,False,False,,,,,False,False,BLOCK_REMOVED,wood_1
9957.009,False,False,ONE_FINGER,False,False,,,,,False,False,BLOCK_REMOVED,wood_1
9957.113,False,False,ONE_FINGER,False,False,,,,,False,False,BLOCK_REMOVED,wood_1
9957.233,False,False,ONE_FINGER,False,False,,,,,False,False,BLOCK_REMOVED,wood_1
9957.400,False,False,ONE_FINGER,False,False,,,,,False,False,BLOCK_REMOVED,wood_1
9957.504,False,False,ONE_FINGER,False,False,,,,,False,False,BLOCK_REMOVED,wood_1
9957.608,False,False,ONE_FINGER,False,False,,,,,False,False,BLOCK_REMOVED,wood_1
9957.712,False,False,ONE_FINGER,False,False,,,,,False,False,BLOCK_REMOVED,wood_1
9957.900,False,False,ONE_FINGER,False,False,,,,,False,False,BLOCK_REMOVED,wood_1
9958.009,False,False,ONE_FINGER,False,False,,,,,False,False,BLOCK_REMOVED,wood_1
9958.120,False,False,ONE_FINGER,False,False,,,,,False,False,BLOCK_REMOVED,wood_1
9958.296,False,False,ONE_FINGER,False,False,,,,,False,False,BLOCK_REMOVED,wood_1
9958.408,False,False,ONE_FINGER,False,False,,,,,False,False,BLOCK_REMOVED,wood_1
9958.609,False,False,ONE_FINGER,False,False,,,,,False,False,BLOCK_REMOVED,wood_1
9958.813,False,False,ONE_FINGER,False,False,,,,,False,False,BLOCK_REMOVED,wood_1
9958.913,False,False,ONE_FINGER,False,False,,,,,False,False,BLOCK_REMOVED,wood_1
9959.104,False,False,ONE_FINGER,False,False,,,,,False,False,BLOCK_REMOVED,wood_1
9959.209,False,False,ONE_FINGER,False,False,,,,,False,False,BLOCK_REMOVED,wood_1
9959.313,False,False,ONE_FINGER,False,False,,,,,False,False,BLOCK_REMOVED,wood_1
9959.500,False,False,ONE_FINGER,False,False,,,,,False,False,BLOCK_REMOVED,wood_1
9959.610,False,False,ONE_FINGER,False,False,,,,,False,False,BLOCK_REMOVED,wood_1
9959.816,False,False,ONE_FINGER,False,False,,,,,False,False,BLOCK_REMOVED,wood_1
9960.009,False,False,ONE_FINGER,False,False,,,,,False,False,BLOCK_REMOVED,wood_1
9960.213,False,False,ONE_FINGER,False,False,,,,,False,False,BLOCK_REMOVED,wood_1
9960.417,False,False,ONE_FINGER,False,False,,,,,False,False,BLOCK_REMOVED,wood_1
9960.609,False,False,ONE_FINGER,False,False,,,,,False,False,BLOCK_REMOVED,wood_1
9960.712,False,False,ONE_FINGER,False,False,,,,,False,False,BLOCK_REMOVED,wood_1
9960.817,False,False,ONE_FINGER,False,False,,,,,False,False,BLOCK_REMOVED,wood_1
9961.009,False,False,ONE_FINGER,False,False,,,,,False,False,BLOCK_REMOVED,wood_1
9961.212,False,False,ONE_FINGER,False,False,,,,,False,False,BLOCK_REMOVED,wood_1
9961.317,False,False,ONE_FINGER,False,False,,,,,False,False,BLOCK_REMOVED,wood_1
9961.508,False,False,ONE_FINGER,False,False,,,,,False,False,BLOCK_REMOVED,wood_1
9961.620,False,False,ONE_FINGER,False,False,,,,,False,False,BLOCK_REMOVED,wood_1
9961.806,False,False,ONE_FINGER,False,False,,,,,False,False,BLOCK_REMOVED,wood_1
9962.010,False,False,ONE_FINGER,False,False,,,,,False,False,BLOCK_REMOVED,wood_1
9962.212,False,False,ONE_FINGER,False,False,,,,,False,False,BLOCK_REMOVED,wood_1
9962.409,False,False,ONE_FINGER,False,False,,,,,False,False,BLOCK_REMOVED,wood_1
9962.510,False,False,ONE_FINGER,False,False,,,,,False,False,BLOCK_REMOVED,wood_1
9962.700,False,False,ONE_FINGER,False,False,,,,,False,False,BLOCK_REMOVED,wood_1
9962.813,False,False,ONE_FINGER,False,False,,,,,False,False,BLOCK_REMOVED,wood_1
9963.003,False,False,ONE_FINGER,False,False,,,,,False,False,BLOCK_REMOVED,wood_1
9963.210,False,False,ONE_FINGER,False,False,,,,,False,False,BLOCK_REMOVED,wood_1
9963.313,True,False,ONE_FINGER,True,True,0.84286,0.81756,842,875,False,True,BLOCK_REMOVED,wood_1
9963.495,True,False,ONE_FINGER,True,True,0.84235,0.80566,842,875,False,True,BLOCK_REMOVED,wood_1
9963.610,True,False,ONE_FINGER,True,True,0.83652,0.80189,836,875,False,True,BLOCK_REMOVED,wood_1
9963.809,True,False,ONE_FINGER,True,True,0.83335,0.80780,833,875,False,True,BLOCK_REMOVED,wood_1
9964.022,True,False,ONE_FINGER,True,True,0.83407,0.81146,834,875,False,True,BLOCK_REMOVED,wood_1
9964.199,True,False,ONE_FINGER,False,False,,,,,False,False,BLOCK_REMOVED,wood_1
9964.303,False,False,ONE_FINGER,False,False,,,,,False,False,BLOCK_REMOVED,wood_1
9964.406,False,False,ONE_FINGER,False,False,,,,,False,False,BLOCK_REMOVED,wood_1
9964.509,False,False,ONE_FINGER,False,False,,,,,False,False,BLOCK_REMOVED,wood_1
9964.612,False,False,ONE_FINGER,False,False,,,,,False,False,BLOCK_REMOVED,wood_1
9964.817,False,False,ONE_FINGER,False,False,,,,,False,False,BLOCK_REMOVED,wood_1
9965.001,False,False,ONE_FINGER,False,False,,,,,False,False,BLOCK_REMOVED,wood_1
9965.209,False,False,ONE_FINGER,False,False,,,,,False,False,BLOCK_REMOVED,wood_1
9965.405,False,False,ONE_FINGER,False,False,,,,,False,False,BLOCK_REMOVED,wood_1
9965.608,False,False,ONE_FINGER,False,False,,,,,False,False,BLOCK_REMOVED,wood_1
9965.804,False,False,ONE_FINGER,False,False,,,,,False,False,BLOCK_REMOVED,wood_1
9966.012,False,False,ONE_FINGER,False,False,,,,,False,False,BLOCK_REMOVED,wood_1
9966.200,False,False,ONE_FINGER,False,False,,,,,False,False,BLOCK_REMOVED,wood_1
9966.308,False,False,ONE_FINGER,False,False,,,,,False,False,BLOCK_REMOVED,wood_1
9966.418,False,False,ONE_FINGER,False,False,,,,,False,False,BLOCK_REMOVED,wood_1
9966.600,False,False,ONE_FINGER,False,False,,,,,False,False,BLOCK_REMOVED,wood_1
9966.817,False,False,ONE_FINGER,False,False,,,,,False,False,BLOCK_REMOVED,wood_1
9967.004,False,False,ONE_FINGER,False,False,,,,,False,False,BLOCK_REMOVED,wood_1
9967.213,False,False,ONE_FINGER,False,False,,,,,False,False,BLOCK_REMOVED,wood_1
9967.317,False,False,ONE_FINGER,False,False,,,,,False,False,BLOCK_REMOVED,wood_1
9967.513,False,False,ONE_FINGER,False,False,,,,,False,False,BLOCK_REMOVED,wood_1
9967.709,False,False,ONE_FINGER,False,False,,,,,False,False,BLOCK_REMOVED,wood_1
9967.900,False,False,ONE_FINGER,False,False,,,,,False,False,BLOCK_REMOVED,wood_1
9968.012,False,False,ONE_FINGER,False,False,,,,,False,False,BLOCK_REMOVED,wood_1
9968.113,False,False,ONE_FINGER,False,False,,,,,False,False,BLOCK_REMOVED,wood_1
9968.297,False,False,ONE_FINGER,False,False,,,,,False,False,BLOCK_REMOVED,wood_1
9968.418,False,False,ONE_FINGER,False,False,,,,,False,False,BLOCK_REMOVED,wood_1
9968.617,False,False,ONE_FINGER,False,False,,,,,False,False,BLOCK_REMOVED,wood_1
9968.817,False,False,ONE_FINGER,False,False,,,,,False,False,BLOCK_REMOVED,wood_1
9968.917,False,False,ONE_FINGER,False,False,,,,,False,False,BLOCK_REMOVED,wood_1
9969.100,False,False,ONE_FINGER,False,False,,,,,False,False,BLOCK_REMOVED,wood_1
9969.217,False,False,ONE_FINGER,False,False,,,,,False,False,BLOCK_REMOVED,wood_1
9969.400,False,False,ONE_FINGER,False,False,,,,,False,False,BLOCK_REMOVED,wood_1
9969.501,False,False,ONE_FINGER,False,False,,,,,False,False,BLOCK_REMOVED,wood_1
9969.608,False,False,ONE_FINGER,False,False,,,,,False,False,BLOCK_REMOVED,wood_1
9969.709,False,False,ONE_FINGER,False,False,,,,,False,False,BLOCK_REMOVED,wood_1
9969.904,False,False,ONE_FINGER,False,False,,,,,False,False,BLOCK_REMOVED,wood_1
9970.017,False,False,ONE_FINGER,False,False,,,,,False,False,BLOCK_REMOVED,wood_1
9970.210,False,False,ONE_FINGER,False,False,,,,,False,False,BLOCK_REMOVED,wood_1
9970.313,False,False,ONE_FINGER,False,False,,,,,False,False,BLOCK_REMOVED,wood_1
9970.504,False,False,ONE_FINGER,False,False,,,,,False,False,BLOCK_REMOVED,wood_1
9970.604,False,False,ONE_FINGER,False,False,,,,,False,False,BLOCK_REMOVED,wood_1
9970.817,False,False,ONE_FINGER,False,False,,,,,False,False,BLOCK_REMOVED,wood_1
9971.001,False,False,ONE_FINGER,False,False,,,,,False,False,BLOCK_REMOVED,wood_1
9971.210,False,False,ONE_FINGER,False,False,,,,,False,False,BLOCK_REMOVED,wood_1
9971.401,False,False,ONE_FINGER,False,False,,,,,False,False,BLOCK_REMOVED,wood_1
9971.609,False,False,ONE_FINGER,False,False,,,,,False,False,BLOCK_REMOVED,wood_1
9971.801,False,False,ONE_FINGER,False,False,,,,,False,False,BLOCK_REMOVED,wood_1
9972.021,False,False,ONE_FINGER,False,False,,,,,False,False,BLOCK_REMOVED,wood_1
9972.205,False,False,ONE_FINGER,False,False,,,,,False,False,BLOCK_REMOVED,wood_1
9972.417,False,False,ONE_FINGER,False,False,,,,,False,False,BLOCK_REMOVED,wood_1
9972.600,False,False,ONE_FINGER,False,False,,,,,False,False,BLOCK_REMOVED,wood_1
9972.700,False,False,ONE_FINGER,False,False,,,,,False,False,BLOCK_REMOVED,wood_1
9972.813,False,False,ONE_FINGER,False,False,,,,,False,False,BLOCK_REMOVED,wood_1
9973.009,False,False,ONE_FINGER,False,False,,,,,False,False,BLOCK_REMOVED,wood_1
9973.209,True,False,ONE_FINGER,True,True,0.86798,0.78948,867,875,False,True,BLOCK_REMOVED,wood_1
9973.313,True,False,ONE_FINGER,False,False,,,,,False,False,BLOCK_REMOVED,wood_1
9973.500,True,False,ONE_FINGER,False,False,,,,,False,False,BLOCK_REMOVED,wood_1
9973.613,True,False,ONE_FINGER,False,False,,,,,False,False,BLOCK_REMOVED,wood_1
9973.804,True,False,ONE_FINGER,False,False,,,,,False,False,BLOCK_REMOVED,wood_1
9974.009,False,False,ONE_FINGER,False,False,,,,,False,False,BLOCK_REMOVED,wood_1
9974.201,False,False,ONE_FINGER,False,False,,,,,False,False,BLOCK_REMOVED,wood_1
9974.308,False,False,ONE_FINGER,False,False,,,,,False,False,BLOCK_REMOVED,wood_1
9974.421,False,False,ONE_FINGER,False,False,,,,,False,False,BLOCK_REMOVED,wood_1
9974.604,False,False,ONE_FINGER,False,False,,,,,False,False,BLOCK_REMOVED,wood_1
9974.821,False,False,ONE_FINGER,False,False,,,,,False,False,BLOCK_REMOVED,wood_1
9975.001,False,False,ONE_FINGER,False,False,,,,,False,False,BLOCK_REMOVED,wood_1
9975.217,False,False,ONE_FINGER,False,False,,,,,False,False,BLOCK_REMOVED,wood_1
9975.400,False,False,ONE_FINGER,False,False,,,,,False,False,BLOCK_REMOVED,wood_1
9975.500,False,False,ONE_FINGER,False,False,,,,,False,False,BLOCK_REMOVED,wood_1
9975.617,False,False,ONE_FINGER,False,False,,,,,False,False,BLOCK_REMOVED,wood_1
9975.809,False,False,ONE_FINGER,False,False,,,,,False,False,BLOCK_REMOVED,wood_1
9976.025,False,False,ONE_FINGER,False,False,,,,,False,False,BLOCK_REMOVED,wood_1
9976.200,False,False,ONE_FINGER,False,False,,,,,False,False,BLOCK_REMOVED,wood_1
9976.408,True,False,ONE_FINGER,False,False,,,,,False,False,BLOCK_REMOVED,wood_1
9976.513,True,False,ONE_FINGER,False,False,,,,,False,False,BLOCK_REMOVED,wood_1
9976.704,True,False,ONE_FINGER,False,False,,,,,False,False,BLOCK_REMOVED,wood_1
9976.821,True,False,ONE_FINGER,False,False,,,,,False,False,BLOCK_REMOVED,wood_1
9977.009,True,False,ONE_FINGER,False,True,,,,,False,False,BLOCK_REMOVED,wood_1
9977.209,True,False,ONE_FINGER,True,True,0.53739,0.64313,537,875,False,True,BLOCK_REMOVED,wood_1
9977.313,True,False,ONE_FINGER,True,True,0.53855,0.62998,538,875,False,True,BLOCK_REMOVED,wood_1
9977.509,True,False,ONE_FINGER,True,True,0.54204,0.61908,542,873,False,True,BLOCK_REMOVED,wood_1
9977.705,True,False,ONE_FINGER,True,True,0.54341,0.62262,543,875,False,True,BLOCK_REMOVED,wood_1
9977.896,True,False,ONE_FINGER,True,True,0.54069,0.62761,540,875,False,True,BLOCK_REMOVED,wood_1
9978.009,True,False,ONE_FINGER,True,True,0.54025,0.62037,540,875,False,True,BLOCK_REMOVED,wood_1
9978.201,True,False,ONE_FINGER,False,False,,,,,False,False,BLOCK_REMOVED,wood_1
9978.304,True,False,ONE_FINGER,False,False,,,,,False,False,BLOCK_REMOVED,wood_1
9978.418,True,False,ONE_FINGER,False,False,,,,,False,False,BLOCK_REMOVED,wood_1
9978.600,True,False,ONE_FINGER,False,False,,,,,False,False,BLOCK_REMOVED,wood_1
9978.705,True,False,ONE_FINGER,False,False,,,,,False,False,BLOCK_REMOVED,wood_1
9978.821,True,False,ONE_FINGER,False,False,,,,,False,False,BLOCK_REMOVED,wood_1
9979.004,True,False,ONE_FINGER,False,False,,,,,False,False,BLOCK_REMOVED,wood_1
9979.213,True,False,ONE_FINGER,True,True,0.31617,0.53689,316,757,False,True,BLOCK_REMOVED,wood_1
9979.402,True,False,ONE_FINGER,True,True,0.30631,0.47479,306,670,True,True,BLOCK_REMOVED,wood_1
9979.608,True,False,ONE_FINGER,True,True,0.31139,0.49042,311,692,True,True,BLOCK_REMOVED,wood_1
9979.713,True,False,ONE_FINGER,True,True,0.35475,0.60349,354,851,False,True,BLOCK_REMOVED,wood_1
9979.896,True,False,ONE_FINGER,True,True,0.30405,0.56778,304,801,False,True,BLOCK_REMOVED,wood_1
9980.018,True,False,ONE_FINGER,True,False,0.29317,0.61172,293,863,False,True,BLOCK_REMOVED,wood_1
9980.209,True,False,ONE_FINGER,True,True,0.33810,0.54131,338,763,False,True,BLOCK_REMOVED,wood_1
9980.310,True,False,ONE_FINGER,True,True,0.38247,0.53760,382,758,False,True,BLOCK_REMOVED,wood_1
9980.413,True,False,ONE_FINGER,False,False,,,,,False,False,BLOCK_REMOVED,wood_1
9980.518,True,False,ONE_FINGER,False,False,,,,,False,False,BLOCK_REMOVED,wood_1
9980.698,True,False,ONE_FINGER,False,False,,,,,False,False,BLOCK_REMOVED,wood_1
9980.809,True,False,ONE_FINGER,False,False,,,,,False,False,BLOCK_REMOVED,wood_1
9980.914,True,False,ONE_FINGER,False,False,,,,,False,False,BLOCK_REMOVED,wood_1
9981.101,True,False,ONE_FINGER,False,False,,,,,False,False,BLOCK_REMOVED,wood_1
9981.214,True,False,ONE_FINGER,False,False,,,,,False,False,BLOCK_REMOVED,wood_1
9981.317,True,False,ONE_FINGER,False,False,,,,,False,False,BLOCK_REMOVED,wood_1
9981.502,True,False,ONE_FINGER,False,False,,,,,False,False,BLOCK_REMOVED,wood_1
9981.622,True,False,ONE_FINGER,False,False,,,,,False,False,BLOCK_REMOVED,wood_1
9981.809,True,False,ONE_FINGER,False,False,,,,,False,False,BLOCK_REMOVED,wood_1
9982.013,True,False,ONE_FINGER,False,False,,,,,False,False,BLOCK_REMOVED,wood_1
9982.214,True,False,ONE_FINGER,False,False,,,,,False,False,BLOCK_REMOVED,wood_1
9982.425,True,False,ONE_FINGER,False,False,,,,,False,False,BLOCK_REMOVED,wood_1
9982.609,True,False,ONE_FINGER,False,False,,,,,False,False,BLOCK_REMOVED,wood_1
9982.817,True,False,ONE_FINGER,False,False,,,,,False,False,BLOCK_REMOVED,wood_1
9983.005,True,False,ONE_FINGER,False,False,,,,,False,False,BLOCK_REMOVED,wood_1
9983.209,True,False,ONE_FINGER,False,False,,,,,False,False,BLOCK_REMOVED,wood_1
9983.317,True,False,ONE_FINGER,False,False,,,,,False,False,BLOCK_REMOVED,wood_1
9983.505,True,False,ONE_FINGER,False,False,,,,,False,False,BLOCK_REMOVED,wood_1
9983.609,True,False,ONE_FINGER,False,False,,,,,False,False,BLOCK_REMOVED,wood_1
9983.710,True,False,ONE_FINGER,False,False,,,,,False,False,BLOCK_REMOVED,wood_1
9983.900,True,False,ONE_FINGER,False,False,,,,,False,False,BLOCK_REMOVED,wood_1
9984.009,True,False,ONE_FINGER,False,False,,,,,False,False,BLOCK_REMOVED,wood_1
9984.210,True,False,ONE_FINGER,False,False,,,,,False,False,BLOCK_REMOVED,wood_1
9984.414,True,False,ONE_FINGER,False,False,,,,,False,False,BLOCK_REMOVED,wood_1
9984.601,True,False,ONE_FINGER,False,False,,,,,False,False,BLOCK_REMOVED,wood_1
9984.814,True,False,ONE_FINGER,False,False,,,,,False,False,BLOCK_REMOVED,wood_1
9985.002,True,False,ONE_FINGER,False,False,,,,,False,False,BLOCK_REMOVED,wood_1
9985.109,True,False,ONE_FINGER,False,False,,,,,False,False,BLOCK_REMOVED,wood_1
9985.215,True,False,ONE_FINGER,False,False,,,,,False,False,BLOCK_REMOVED,wood_1
9985.315,True,False,ONE_FINGER,False,False,,,,,False,False,BLOCK_REMOVED,wood_1
9985.496,True,False,ONE_FINGER,False,False,,,,,False,False,BLOCK_REMOVED,wood_1
9985.617,True,False,ONE_FINGER,False,False,,,,,False,False,BLOCK_REMOVED,wood_1
9985.806,True,False,ONE_FINGER,False,False,,,,,False,False,BLOCK_REMOVED,wood_1
9986.018,True,False,ONE_FINGER,False,False,,,,,False,False,BLOCK_REMOVED,wood_1
9986.202,True,False,ONE_FINGER,False,False,,,,,False,False,BLOCK_REMOVED,wood_1
9986.421,True,False,ONE_FINGER,False,False,,,,,False,False,BLOCK_REMOVED,wood_1
9986.600,True,False,ONE_FINGER,False,False,,,,,False,False,BLOCK_REMOVED,wood_1
9986.807,True,False,ONE_FINGER,False,False,,,,,False,False,BLOCK_REMOVED,wood_1
9986.913,True,False,ONE_FINGER,False,False,,,,,False,False,BLOCK_REMOVED,wood_1
9987.014,True,False,ONE_FINGER,False,False,,,,,False,False,BLOCK_REMOVED,wood_1
9987.209,True,False,ONE_FINGER,False,False,,,,,False,False,BLOCK_REMOVED,wood_1
9987.412,True,False,ONE_FINGER,False,False,,,,,False,False,BLOCK_REMOVED,wood_1
9987.614,True,False,ONE_FINGER,False,False,,,,,False,False,BLOCK_REMOVED,wood_1
9987.815,True,False,ONE_FINGER,False,False,,,,,False,False,BLOCK_REMOVED,wood_1
9988.018,True,False,ONE_FINGER,False,False,,,,,False,False,BLOCK_REMOVED,wood_1
9988.205,True,False,ONE_FINGER,False,False,,,,,False,False,BLOCK_REMOVED,wood_1
9988.421,True,False,ONE_FINGER,False,False,,,,,False,False,BLOCK_REMOVED,wood_1
9988.610,True,False,ONE_FINGER,False,False,,,,,False,False,BLOCK_REMOVED,wood_1
9988.813,True,False,ONE_FINGER,False,False,,,,,False,False,BLOCK_REMOVED,wood_1
9989.014,True,False,ONE_FINGER,False,False,,,,,False,False,BLOCK_REMOVED,wood_1
9989.216,True,False,ONE_FINGER,False,False,,,,,False,False,BLOCK_REMOVED,wood_1
9989.403,True,False,ONE_FINGER,False,False,,,,,False,False,BLOCK_REMOVED,wood_1
9989.512,True,False,ONE_FINGER,False,False,,,,,False,False,BLOCK_REMOVED,wood_1
9989.622,True,False,ONE_FINGER,False,False,,,,,False,False,BLOCK_REMOVED,wood_1
9989.809,True,False,ONE_FINGER,False,False,,,,,False,False,BLOCK_REMOVED,wood_1
9990.011,True,False,ONE_FINGER,False,False,,,,,False,False,BLOCK_REMOVED,wood_1
9990.200,True,False,ONE_FINGER,False,False,,,,,False,False,BLOCK_REMOVED,wood_1
9990.309,True,False,ONE_FINGER,False,False,,,,,False,False,BLOCK_REMOVED,wood_1
9990.418,True,False,ONE_FINGER,False,False,,,,,False,False,BLOCK_REMOVED,wood_1
9990.606,True,False,ONE_FINGER,False,False,,,,,False,False,BLOCK_REMOVED,wood_1
9990.810,True,False,ONE_FINGER,False,False,,,,,False,False,BLOCK_REMOVED,wood_1
9991.012,True,False,ONE_FINGER,False,False,,,,,False,False,BLOCK_REMOVED,wood_1
9991.215,True,False,ONE_FINGER,False,False,,,,,False,False,BLOCK_REMOVED,wood_1
9991.415,True,False,ONE_FINGER,False,False,,,,,False,False,BLOCK_REMOVED,wood_1
9991.618,True,False,ONE_FINGER,False,False,,,,,False,False,BLOCK_REMOVED,wood_1
9991.804,True,False,ONE_FINGER,False,False,,,,,False,False,BLOCK_REMOVED,wood_1
9991.912,True,False,ONE_FINGER,False,False,,,,,False,False,BLOCK_REMOVED,wood_1
9992.021,True,False,ONE_FINGER,False,False,,,,,False,False,BLOCK_REMOVED,wood_1
9992.211,True,False,ONE_FINGER,False,False,,,,,False,False,BLOCK_REMOVED,wood_1
9992.413,True,False,ONE_FINGER,False,False,,,,,False,False,BLOCK_REMOVED,wood_1
9992.601,True,False,ONE_FINGER,False,False,,,,,False,False,BLOCK_REMOVED,wood_1
9992.813,True,False,ONE_FINGER,False,False,,,,,False,False,BLOCK_REMOVED,wood_1
9992.917,True,False,ONE_FINGER,False,False,,,,,False,False,BLOCK_REMOVED,wood_1
9993.100,True,False,ONE_FINGER,False,False,,,,,False,False,BLOCK_REMOVED,wood_1
9993.209,True,False,ONE_FINGER,False,False,,,,,False,False,BLOCK_REMOVED,wood_1
9993.325,True,False,ONE_FINGER,False,False,,,,,False,False,BLOCK_REMOVED,wood_1
9993.502,True,False,ONE_FINGER,False,False,,,,,False,False,BLOCK_REMOVED,wood_1
9993.613,True,False,ONE_FINGER,False,False,,,,,False,False,BLOCK_REMOVED,wood_1
9993.718,True,False,ONE_FINGER,False,False,,,,,False,False,BLOCK_REMOVED,wood_1
9993.909,True,False,ONE_FINGER,False,False,,,,,False,False,BLOCK_REMOVED,wood_1
9994.017,True,False,ONE_FINGER,False,False,,,,,False,False,BLOCK_REMOVED,wood_1
9994.207,True,False,ONE_FINGER,False,False,,,,,False,False,BLOCK_REMOVED,wood_1
9994.412,True,False,ONE_FINGER,False,False,,,,,False,False,BLOCK_REMOVED,wood_1
9994.516,True,False,ONE_FINGER,False,False,,,,,False,False,BLOCK_REMOVED,wood_1
9994.705,True,False,ONE_FINGER,False,False,,,,,False,False,BLOCK_REMOVED,wood_1
9994.810,True,False,ONE_FINGER,False,False,,,,,False,False,BLOCK_REMOVED,wood_1
9995.005,True,False,ONE_FINGER,False,False,,,,,False,False,BLOCK_REMOVED,wood_1
9995.213,True,False,ONE_FINGER,False,False,,,,,False,False,BLOCK_REMOVED,wood_1
9995.314,True,False,ONE_FINGER,False,False,,,,,False,False,BLOCK_REMOVED,wood_1
9995.500,True,False,ONE_FINGER,False,False,,,,,False,False,BLOCK_REMOVED,wood_1
9995.609,True,False,ONE_FINGER,False,False,,,,,False,False,BLOCK_REMOVED,wood_1
9995.713,True,False,ONE_FINGER,False,False,,,,,False,False,BLOCK_REMOVED,wood_1
9995.913,True,False,ONE_FINGER,False,False,,,,,False,False,BLOCK_REMOVED,wood_1
9996.110,True,False,ONE_FINGER,False,False,,,,,False,False,BLOCK_REMOVED,wood_1
9996.215,True,False,ONE_FINGER,False,False,,,,,False,False,BLOCK_REMOVED,wood_1
9996.317,True,False,ONE_FINGER,False,False,,,,,False,False,BLOCK_REMOVED,wood_1
9996.418,True,False,ONE_FINGER,False,False,,,,,False,False,BLOCK_REMOVED,wood_1
9996.604,True,False,ONE_FINGER,False,False,,,,,False,False,BLOCK_REMOVED,wood_1
9996.722,True,False,ONE_FINGER,False,False,,,,,False,False,BLOCK_REMOVED,wood_1
9996.912,True,False,ONE_FINGER,False,False,,,,,False,False,BLOCK_REMOVED,wood_1
9997.117,True,False,ONE_FINGER,False,False,,,,,False,False,BLOCK_REMOVED,wood_1
9997.312,True,False,ONE_FINGER,False,False,,,,,False,False,BLOCK_REMOVED,wood_1
9997.516,True,False,ONE_FINGER,False,False,,,,,False,False,BLOCK_REMOVED,wood_1
9997.709,True,False,ONE_FINGER,False,False,,,,,False,False,BLOCK_REMOVED,wood_1
9997.810,True,False,ONE_FINGER,False,False,,,,,False,False,BLOCK_REMOVED,wood_1
9997.918,True,False,ONE_FINGER,False,False,,,,,False,False,BLOCK_REMOVED,wood_1
9998.116,True,False,ONE_FINGER,False,False,,,,,False,False,BLOCK_REMOVED,wood_1
9998.317,True,False,ONE_FINGER,False,False,,,,,False,False,BLOCK_REMOVED,wood_1
9998.515,True,False,ONE_FINGER,False,False,,,,,False,False,BLOCK_REMOVED,wood_1
9998.713,True,False,ONE_FINGER,False,False,,,,,False,False,BLOCK_REMOVED,wood_1
9998.817,True,False,ONE_FINGER,False,False,,,,,False,False,BLOCK_REMOVED,wood_1
9999.010,True,False,ONE_FINGER,False,False,,,,,False,False,BLOCK_REMOVED,wood_1
9999.114,True,False,ONE_FINGER,False,False,,,,,False,False,BLOCK_REMOVED,wood_1
9999.305,True,False,ONE_FINGER,False,False,,,,,False,False,BLOCK_REMOVED,wood_1
9999.416,True,False,ONE_FINGER,False,False,,,,,False,False,BLOCK_REMOVED,wood_1
9999.521,True,False,ONE_FINGER,False,False,,,,,False,False,BLOCK_REMOVED,wood_1
9999.717,True,False,ONE_FINGER,False,False,,,,,False,False,BLOCK_REMOVED,wood_1
9999.923,True,False,ONE_FINGER,False,False,,,,,False,False,BLOCK_REMOVED,wood_1
10000.105,True,False,ONE_FINGER,False,False,,,,,False,False,BLOCK_REMOVED,wood_1
10000.313,True,False,ONE_FINGER,False,False,,,,,False,False,BLOCK_REMOVED,wood_1
10000.509,True,False,ONE_FINGER,False,False,,,,,False,False,BLOCK_REMOVED,wood_1
10000.714,True,False,ONE_FINGER,False,False,,,,,False,False,BLOCK_REMOVED,wood_1
10000.920,True,False,ONE_FINGER,False,False,,,,,False,False,BLOCK_REMOVED,wood_1
10001.112,True,False,ONE_FINGER,False,False,,,,,False,False,BLOCK_REMOVED,wood_1
10001.215,True,False,ONE_FINGER,False,False,,,,,False,False,BLOCK_REMOVED,wood_1
10001.406,True,False,ONE_FINGER,False,False,,,,,False,False,BLOCK_REMOVED,wood_1
10001.514,True,False,ONE_FINGER,False,False,,,,,False,False,BLOCK_REMOVED,wood_1
10001.716,True,False,ONE_FINGER,False,False,,,,,False,False,BLOCK_REMOVED,wood_1
10001.923,True,False,ONE_FINGER,False,False,,,,,False,False,BLOCK_REMOVED,wood_1
10002.104,True,False,ONE_FINGER,False,False,,,,,False,False,BLOCK_REMOVED,wood_1
10002.205,True,False,ONE_FINGER,False,False,,,,,False,False,BLOCK_REMOVED,wood_1
10002.313,True,False,ONE_FINGER,False,False,,,,,False,False,BLOCK_REMOVED,wood_1
10002.416,True,False,ONE_FINGER,False,False,,,,,False,False,BLOCK_REMOVED,wood_1
10002.608,True,False,ONE_FINGER,False,False,,,,,False,False,BLOCK_REMOVED,wood_1
10002.722,True,False,ONE_FINGER,False,False,,,,,False,False,BLOCK_REMOVED,wood_1
10002.912,True,False,ONE_FINGER,False,False,,,,,False,False,BLOCK_REMOVED,wood_1
10003.126,True,False,ONE_FINGER,False,False,,,,,False,False,BLOCK_REMOVED,wood_1
10003.305,True,False,ONE_FINGER,False,False,,,,,False,False,BLOCK_REMOVED,wood_1
10003.518,True,False,ONE_FINGER,False,False,,,,,False,False,BLOCK_REMOVED,wood_1
10003.705,True,False,ONE_FINGER,False,False,,,,,False,False,BLOCK_REMOVED,wood_1
10003.809,True,False,ONE_FINGER,False,False,,,,,False,False,BLOCK_REMOVED,wood_1
10003.926,True,False,ONE_FINGER,False,False,,,,,False,False,BLOCK_REMOVED,wood_1
10004.113,True,False,ONE_FINGER,False,False,,,,,False,False,BLOCK_REMOVED,wood_1
10004.214,True,False,ONE_FINGER,False,False,,,,,False,False,BLOCK_REMOVED,wood_1
10004.415,True,False,ONE_FINGER,False,False,,,,,False,False,BLOCK_REMOVED,wood_1
10004.517,True,False,ONE_FINGER,False,False,,,,,False,False,BLOCK_REMOVED,wood_1
10004.714,True,False,ONE_FINGER,False,False,,,,,False,False,BLOCK_REMOVED,wood_1
10004.820,True,False,ONE_FINGER,False,False,,,,,False,False,BLOCK_REMOVED,wood_1
10005.025,True,False,ONE_FINGER,False,False,,,,,False,False,BLOCK_REMOVED,wood_1
10005.129,True,False,ONE_FINGER,False,False,,,,,False,False,BLOCK_REMOVED,wood_1
10005.309,True,False,ONE_FINGER,False,False,,,,,False,False,BLOCK_REMOVED,wood_1
10005.523,True,False,ONE_FINGER,False,False,,,,,False,False,BLOCK_REMOVED,wood_1
10005.715,True,False,ONE_FINGER,False,False,,,,,False,False,BLOCK_REMOVED,wood_1
10005.922,True,False,ONE_FINGER,False,False,,,,,False,False,BLOCK_REMOVED,wood_1
10006.112,True,False,ONE_FINGER,False,False,,,,,False,False,BLOCK_REMOVED,wood_1
10006.218,True,False,ONE_FINGER,False,False,,,,,False,False,BLOCK_REMOVED,wood_1
10006.326,True,False,ONE_FINGER,False,False,,,,,False,False,BLOCK_REMOVED,wood_1
10006.510,True,False,ONE_FINGER,False,False,,,,,False,False,BLOCK_REMOVED,wood_1
10006.614,True,False,ONE_FINGER,False,False,,,,,False,False,BLOCK_REMOVED,wood_1
10006.814,True,False,ONE_FINGER,False,False,,,,,False,False,BLOCK_REMOVED,wood_1
10007.012,True,False,ONE_FINGER,False,False,,,,,False,False,BLOCK_REMOVED,wood_1
10007.126,True,False,ONE_FINGER,False,False,,,,,False,False,BLOCK_REMOVED,wood_1
10007.314,True,False,ONE_FINGER,False,False,,,,,False,False,BLOCK_REMOVED,wood_1
10007.514,True,False,ONE_FINGER,False,False,,,,,False,False,BLOCK_REMOVED,wood_1
10007.714,True,False,ONE_FINGER,False,False,,,,,False,False,BLOCK_REMOVED,wood_1
10007.922,True,False,ONE_FINGER,False,False,,,,,False,False,BLOCK_REMOVED,wood_1
10008.112,True,False,ONE_FINGER,False,False,,,,,False,False,BLOCK_REMOVED,wood_1
10008.322,True,False,ONE_FINGER,False,False,,,,,False,False,BLOCK_REMOVED,wood_1
10008.525,True,False,ONE_FINGER,False,False,,,,,False,False,BLOCK_REMOVED,wood_1
10008.714,True,False,ONE_FINGER,False,False,,,,,False,False,BLOCK_REMOVED,wood_1
10008.914,True,False,ONE_FINGER,False,False,,,,,False,False,BLOCK_REMOVED,wood_1
10009.122,True,False,ONE_FINGER,False,False,,,,,False,False,BLOCK_REMOVED,wood_1
10009.305,True,False,ONE_FINGER,False,False,,,,,False,False,BLOCK_REMOVED,wood_1
10009.414,True,False,ONE_FINGER,False,False,,,,,False,False,BLOCK_REMOVED,wood_1
10009.616,True,False,ONE_FINGER,False,False,,,,,False,False,BLOCK_REMOVED,wood_1
10009.802,True,False,ONE_FINGER,False,False,,,,,False,False,BLOCK_REMOVED,wood_1
10009.914,True,False,ONE_FINGER,False,False,,,,,False,False,BLOCK_REMOVED,wood_1
10010.018,True,False,ONE_FINGER,False,False,,,,,False,False,BLOCK_REMOVED,wood_1
10010.208,True,False,ONE_FINGER,False,False,,,,,False,False,BLOCK_REMOVED,wood_1
10010.314,True,False,ONE_FINGER,False,False,,,,,False,False,BLOCK_REMOVED,wood_1
10010.414,True,False,ONE_FINGER,False,False,,,,,False,False,BLOCK_REMOVED,wood_1
10010.518,True,False,ONE_FINGER,False,False,,,,,False,False,BLOCK_REMOVED,wood_1
10010.717,True,False,ONE_FINGER,False,False,,,,,False,False,BLOCK_REMOVED,wood_1
10010.820,True,False,ONE_FINGER,False,False,,,,,False,False,BLOCK_REMOVED,wood_1
10011.015,True,False,ONE_FINGER,False,False,,,,,False,False,BLOCK_REMOVED,wood_1
10011.208,True,False,ONE_FINGER,False,False,,,,,False,False,BLOCK_REMOVED,wood_1
10011.320,True,False,ONE_FINGER,False,False,,,,,False,False,BLOCK_REMOVED,wood_1
10011.529,True,False,ONE_FINGER,False,False,,,,,False,False,BLOCK_REMOVED,wood_1
10011.706,True,False,ONE_FINGER,False,False,,,,,False,False,BLOCK_REMOVED,wood_1
10011.914,True,False,ONE_FINGER,False,False,,,,,False,False,BLOCK_REMOVED,wood_1
10012.018,True,False,ONE_FINGER,False,False,,,,,False,False,BLOCK_REMOVED,wood_1
10012.202,True,False,ONE_FINGER,False,False,,,,,False,False,BLOCK_REMOVED,wood_1
10012.327,True,False,ONE_FINGER,False,False,,,,,False,False,BLOCK_REMOVED,wood_1
10012.514,True,False,ONE_FINGER,False,False,,,,,False,False,BLOCK_REMOVED,wood_1
10012.718,True,False,ONE_FINGER,False,False,,,,,False,False,BLOCK_REMOVED,wood_1
10012.905,True,False,ONE_FINGER,False,False,,,,,False,False,BLOCK_REMOVED,wood_1
10013.007,True,False,ONE_FINGER,False,False,,,,,False,False,BLOCK_REMOVED,wood_1
10013.118,True,False,ONE_FINGER,False,False,,,,,False,False,BLOCK_REMOVED,wood_1
10013.313,True,False,ONE_FINGER,False,False,,,,,False,False,BLOCK_REMOVED,wood_1
10013.530,True,False,ONE_FINGER,False,False,,,,,False,False,BLOCK_REMOVED,wood_1
10013.707,True,False,ONE_FINGER,False,False,,,,,False,False,BLOCK_REMOVED,wood_1
10013.811,True,False,ONE_FINGER,False,False,,,,,False,False,BLOCK_REMOVED,wood_1
10013.914,True,False,ONE_FINGER,False,False,,,,,False,False,BLOCK_REMOVED,wood_1
10014.014,True,False,ONE_FINGER,False,False,,,,,False,False,BLOCK_REMOVED,wood_1
10014.215,True,False,ONE_FINGER,False,False,,,,,False,False,BLOCK_REMOVED,wood_1
10014.322,True,False,ONE_FINGER,False,False,,,,,False,False,BLOCK_REMOVED,wood_1
10014.522,True,False,ONE_FINGER,False,False,,,,,False,False,BLOCK_REMOVED,wood_1
10014.719,True,False,ONE_FINGER,False,False,,,,,False,False,BLOCK_REMOVED,wood_1
10014.829,True,False,ONE_FINGER,False,False,,,,,False,False,BLOCK_REMOVED,wood_1
10015.010,True,False,ONE_FINGER,False,False,,,,,False,False,BLOCK_REMOVED,wood_1
10015.118,True,False,ONE_FINGER,False,False,,,,,False,False,BLOCK_REMOVED,wood_1
10015.310,True,False,ONE_FINGER,False,False,,,,,False,False,BLOCK_REMOVED,wood_1
10015.522,True,False,ONE_FINGER,False,False,,,,,False,False,BLOCK_REMOVED,wood_1
10015.717,True,False,ONE_FINGER,False,False,,,,,False,False,BLOCK_REMOVED,wood_1
10015.928,True,False,ONE_FINGER,False,False,,,,,False,False,BLOCK_REMOVED,wood_1
10016.110,True,False,ONE_FINGER,False,False,,,,,False,False,BLOCK_REMOVED,wood_1
10016.318,True,False,ONE_FINGER,False,False,,,,,False,False,BLOCK_REMOVED,wood_1
10016.510,True,False,ONE_FINGER,False,False,,,,,False,False,BLOCK_REMOVED,wood_1
10016.714,True,False,ONE_FINGER,False,False,,,,,False,False,BLOCK_REMOVED,wood_1
10016.822,True,False,ONE_FINGER,False,False,,,,,False,False,BLOCK_REMOVED,wood_1
10017.009,True,False,ONE_FINGER,False,False,,,,,False,False,BLOCK_REMOVED,wood_1
10017.117,True,False,ONE_FINGER,False,False,,,,,False,False,BLOCK_REMOVED,wood_1
10017.309,True,False,ONE_FINGER,False,False,,,,,False,False,BLOCK_REMOVED,wood_1
10017.418,True,False,ONE_FINGER,False,False,,,,,False,False,BLOCK_REMOVED,wood_1
10017.622,True,False,ONE_FINGER,False,False,,,,,False,False,BLOCK_REMOVED,wood_1
10017.802,True,False,ONE_FINGER,False,False,,,,,False,False,BLOCK_REMOVED,wood_1
10017.930,True,False,ONE_FINGER,False,False,,,,,False,False,BLOCK_REMOVED,wood_1
10018.116,True,False,ONE_FINGER,False,False,,,,,False,False,BLOCK_REMOVED,wood_1
10018.318,True,False,ONE_FINGER,False,False,,,,,False,False,BLOCK_REMOVED,wood_1
10018.429,True,False,ONE_FINGER,False,False,,,,,False,False,BLOCK_REMOVED,wood_1
10018.601,True,False,ONE_FINGER,False,False,,,,,False,False,BLOCK_REMOVED,wood_1
10018.725,True,False,ONE_FINGER,False,False,,,,,False,False,BLOCK_REMOVED,wood_1
10018.914,True,False,ONE_FINGER,False,False,,,,,False,False,BLOCK_REMOVED,wood_1
10019.118,True,False,ONE_FINGER,False,False,,,,,False,False,BLOCK_REMOVED,wood_1
10019.226,True,False,ONE_FINGER,False,False,,,,,False,False,BLOCK_REMOVED,wood_1
10019.425,True,False,ONE_FINGER,False,False,,,,,False,False,BLOCK_REMOVED,wood_1
10019.613,True,False,ONE_FINGER,False,False,,,,,False,False,BLOCK_REMOVED,wood_1
10019.814,True,False,ONE_FINGER,False,False,,,,,False,False,BLOCK_REMOVED,wood_1
10019.922,True,False,ONE_FINGER,False,False,,,,,False,False,BLOCK_REMOVED,wood_1
10020.111,True,False,ONE_FINGER,False,False,,,,,False,False,BLOCK_REMOVED,wood_1
10020.326,True,False,ONE_FINGER,False,False,,,,,False,False,BLOCK_REMOVED,wood_1
10020.512,True,False,ONE_FINGER,False,False,,,,,False,False,BLOCK_REMOVED,wood_1
10020.717,True,False,ONE_FINGER,False,False,,,,,False,False,BLOCK_REMOVED,wood_1
10020.826,True,False,ONE_FINGER,False,False,,,,,False,False,BLOCK_REMOVED,wood_1
10021.011,True,False,ONE_FINGER,False,False,,,,,False,False,BLOCK_REMOVED,wood_1
10021.121,True,False,ONE_FINGER,False,False,,,,,False,False,BLOCK_REMOVED,wood_1
10021.223,True,False,ONE_FINGER,False,False,,,,,False,False,BLOCK_REMOVED,wood_1
10021.412,True,False,ONE_FINGER,False,False,,,,,False,False,BLOCK_REMOVED,wood_1
10021.521,True,False,ONE_FINGER,False,False,,,,,False,False,BLOCK_REMOVED,wood_1
10021.721,True,False,ONE_FINGER,False,False,,,,,False,False,BLOCK_REMOVED,wood_1
10021.919,True,False,ONE_FINGER,False,False,,,,,False,False,BLOCK_REMOVED,wood_1
10022.111,True,False,ONE_FINGER,False,False,,,,,False,False,BLOCK_REMOVED,wood_1
10022.315,True,False,ONE_FINGER,False,False,,,,,False,False,BLOCK_REMOVED,wood_1
10022.422,True,False,ONE_FINGER,False,False,,,,,False,False,BLOCK_REMOVED,wood_1
10022.608,True,False,ONE_FINGER,False,False,,,,,False,False,BLOCK_REMOVED,wood_1
10022.717,True,False,ONE_FINGER,False,False,,,,,False,False,BLOCK_REMOVED,wood_1
10022.909,True,False,ONE_FINGER,False,False,,,,,False,False,BLOCK_REMOVED,wood_1
10023.017,True,False,ONE_FINGER,False,False,,,,,False,False,BLOCK_REMOVED,wood_1
10023.126,True,False,ONE_FINGER,False,False,,,,,False,False,BLOCK_REMOVED,wood_1
10023.312,True,False,ONE_FINGER,False,False,,,,,False,False,BLOCK_REMOVED,wood_1
10023.514,True,False,ONE_FINGER,False,False,,,,,False,False,BLOCK_REMOVED,wood_1
10023.625,True,False,ONE_FINGER,False,False,,,,,False,False,BLOCK_REMOVED,wood_1
10023.812,True,False,ONE_FINGER,False,False,,,,,False,False,BLOCK_REMOVED,wood_1
10023.920,True,False,ONE_FINGER,False,False,,,,,False,False,BLOCK_REMOVED,wood_1
10024.114,True,False,ONE_FINGER,False,False,,,,,False,False,BLOCK_REMOVED,wood_1
10024.314,True,False,ONE_FINGER,False,False,,,,,False,False,BLOCK_REMOVED,wood_1
10024.415,True,False,ONE_FINGER,False,False,,,,,False,False,BLOCK_REMOVED,wood_1
10024.603,True,False,ONE_FINGER,False,False,,,,,False,False,BLOCK_REMOVED,wood_1
10024.713,True,False,ONE_FINGER,False,False,,,,,False,False,BLOCK_REMOVED,wood_1
10024.822,True,False,ONE_FINGER,False,False,,,,,False,False,BLOCK_REMOVED,wood_1
10025.004,True,False,ONE_FINGER,False,False,,,,,False,False,BLOCK_REMOVED,wood_1
10025.122,True,False,ONE_FINGER,False,False,,,,,False,False,BLOCK_REMOVED,wood_1
10025.309,True,False,ONE_FINGER,False,False,,,,,False,False,BLOCK_REMOVED,wood_1
10025.517,True,False,ONE_FINGER,False,False,,,,,False,False,BLOCK_REMOVED,wood_1
10025.712,True,False,ONE_FINGER,False,False,,,,,False,False,BLOCK_REMOVED,wood_1
10025.923,True,False,ONE_FINGER,False,False,,,,,False,False,BLOCK_REMOVED,wood_1
10026.106,True,False,ONE_FINGER,False,False,,,,,False,False,BLOCK_REMOVED,wood_1
10026.212,True,False,ONE_FINGER,False,False,,,,,False,False,BLOCK_REMOVED,wood_1
10026.320,True,False,ONE_FINGER,False,False,,,,,False,False,BLOCK_REMOVED,wood_1
10026.517,True,False,ONE_FINGER,False,False,,,,,False,False,BLOCK_REMOVED,wood_1
10026.722,True,False,ONE_FINGER,False,False,,,,,False,False,BLOCK_REMOVED,wood_1
10026.919,True,False,ONE_FINGER,False,False,,,,,False,False,BLOCK_REMOVED,wood_1
10027.122,True,False,ONE_FINGER,False,False,,,,,False,False,BLOCK_REMOVED,wood_1
10027.319,True,False,ONE_FINGER,False,False,,,,,False,False,BLOCK_REMOVED,wood_1
10027.523,True,False,ONE_FINGER,False,False,,,,,False,False,BLOCK_REMOVED,wood_1
10027.715,True,False,ONE_FINGER,False,False,,,,,False,False,BLOCK_REMOVED,wood_1
10027.925,True,False,ONE_FINGER,False,False,,,,,False,False,BLOCK_REMOVED,wood_1
10028.105,True,False,ONE_FINGER,False,False,,,,,False,False,BLOCK_REMOVED,wood_1
10028.211,True,False,ONE_FINGER,False,False,,,,,False,False,BLOCK_REMOVED,wood_1
10028.318,True,False,ONE_FINGER,False,False,,,,,False,False,BLOCK_REMOVED,wood_1
10028.507,True,False,ONE_FINGER,False,False,,,,,False,False,BLOCK_REMOVED,wood_1
10028.615,True,False,ONE_FINGER,False,False,,,,,False,False,BLOCK_REMOVED,wood_1
10028.725,True,False,ONE_FINGER,False,False,,,,,False,False,BLOCK_REMOVED,wood_1
10028.917,True,False,ONE_FINGER,False,False,,,,,False,False,BLOCK_REMOVED,wood_1
10029.018,True,False,ONE_FINGER,False,False,,,,,False,False,BLOCK_REMOVED,wood_1
10029.127,True,False,ONE_FINGER,False,False,,,,,False,False,BLOCK_REMOVED,wood_1
10029.234,True,False,ONE_FINGER,False,False,,,,,False,False,BLOCK_REMOVED,wood_1
10029.409,True,False,ONE_FINGER,False,False,,,,,False,False,BLOCK_REMOVED,wood_1
10029.517,True,False,ONE_FINGER,False,False,,,,,False,False,BLOCK_REMOVED,wood_1
10029.618,True,False,ONE_FINGER,False,False,,,,,False,False,BLOCK_REMOVED,wood_1
10029.813,True,False,ONE_FINGER,False,False,,,,,False,False,BLOCK_REMOVED,wood_1
10029.914,True,False,ONE_FINGER,False,False,,,,,False,False,BLOCK_REMOVED,wood_1
10030.119,True,False,ONE_FINGER,False,False,,,,,False,False,BLOCK_REMOVED,wood_1
10030.314,True,False,ONE_FINGER,False,False,,,,,False,False,BLOCK_REMOVED,wood_1
10030.519,True,False,ONE_FINGER,False,False,,,,,False,False,BLOCK_REMOVED,wood_1
10030.725,True,False,ONE_FINGER,False,False,,,,,False,False,BLOCK_REMOVED,wood_1
10030.914,True,False,ONE_FINGER,False,False,,,,,False,False,BLOCK_REMOVED,wood_1
10031.016,True,False,ONE_FINGER,False,False,,,,,False,False,BLOCK_REMOVED,wood_1
10031.124,True,False,ONE_FINGER,False,False,,,,,False,False,BLOCK_REMOVED,wood_1
10031.320,True,False,ONE_FINGER,False,False,,,,,False,False,BLOCK_REMOVED,wood_1
10031.512,True,False,ONE_FINGER,False,False,,,,,False,False,BLOCK_REMOVED,wood_1
10031.621,True,False,ONE_FINGER,False,False,,,,,False,False,BLOCK_REMOVED,wood_1
10031.811,True,False,ONE_FINGER,False,False,,,,,False,False,BLOCK_REMOVED,wood_1
10031.915,True,False,ONE_FINGER,False,False,,,,,False,False,BLOCK_REMOVED,wood_1
10032.024,True,False,ONE_FINGER,False,False,,,,,False,False,BLOCK_REMOVED,wood_1
10032.203,True,False,ONE_FINGER,False,False,,,,,False,False,BLOCK_REMOVED,wood_1
